{
  "type": "FeatureCollection",
  "metadata": {
    "center": {
      "lat": 17.161849,
      "lon": 78.659909
    },
    "radius_m": 3000,
    "source": "OpenStreetMap",
    "attribution": "© OpenStreetMap contributors",
    "license": "ODbL-1.0",
    "license_url": "https://opendatacommons.org/licenses/odbl/1-0/",
    "source_url": "https://api.openstreetmap.org/api/0.6/map?bbox=78.6317,17.1349,78.6881,17.1888",
    "retrieved": "2026-10-10",
    "bounds": {
      "west": 78.6317,
      "south": 17.1349,
      "east": 78.6881,
      "north": 17.1888
    },
    "clip": "feature geometries intersected with a 3,000 m local metric circle centered at supplied coordinates; local equirectangular projection",
    "source_sha256": "4f562272785628565cf3771b58c853e99f6dc8a1ca2fcb361d1a84e34d359e9d"
  },
  "features": [
    {
      "type": "Feature",
      "id": "osm-way-1070118840",
      "properties": {
        "kind": "building",
        "name": null,
        "osm_id": "1070118840",
        "tags": {
          "building": "yes"
        }
      },
      "geometry": {
        "type": "Polygon",
        "coordinates": [
          [
            [
              78.6551335,
              17.1842334
            ],
            [
              78.6551224,
              17.1841541
            ],
            [
              78.6550008,
              17.1841698
            ],
            [
              78.655012,
              17.184249
            ],
            [
              78.6551335,
              17.1842334
            ]
          ]
        ]
      }
    },
    {
      "type": "Feature",
      "id": "osm-way-1070118841",
      "properties": {
        "kind": "building",
        "name": null,
        "osm_id": "1070118841",
        "tags": {
          "building": "yes"
        }
      },
      "geometry": {
        "type": "Polygon",
        "coordinates": [
          [
            [
              78.6567326,
              17.1836995
            ],
            [
              78.656705,
              17.1835787
            ],
            [
              78.6565945,
              17.1836018
            ],
            [
              78.6565989,
              17.1836215
            ],
            [
              78.6565723,
              17.183627
            ],
            [
              78.6565954,
              17.1837281
            ],
            [
              78.6567326,
              17.1836995
            ]
          ]
        ]
      }
    },
    {
      "type": "Feature",
      "id": "osm-way-1070118849",
      "properties": {
        "kind": "building",
        "name": null,
        "osm_id": "1070118849",
        "tags": {
          "building": "yes"
        }
      },
      "geometry": {
        "type": "Polygon",
        "coordinates": [
          [
            [
              78.6552385,
              17.1849303
            ],
            [
              78.6552218,
              17.184822
            ],
            [
              78.6551669,
              17.1848297
            ],
            [
              78.6551837,
              17.1849381
            ],
            [
              78.6552385,
              17.1849303
            ]
          ]
        ]
      }
    },
    {
      "type": "Feature",
      "id": "osm-way-1070118850",
      "properties": {
        "kind": "building",
        "name": null,
        "osm_id": "1070118850",
        "tags": {
          "building": "yes"
        }
      },
      "geometry": {
        "type": "Polygon",
        "coordinates": [
          [
            [
              78.6556327,
              17.1831455
            ],
            [
              78.6556246,
              17.1830669
            ],
            [
              78.6555031,
              17.1830783
            ],
            [
              78.6555112,
              17.1831569
            ],
            [
              78.6556327,
              17.1831455
            ]
          ]
        ]
      }
    },
    {
      "type": "Feature",
      "id": "osm-way-1070118851",
      "properties": {
        "kind": "building",
        "name": null,
        "osm_id": "1070118851",
        "tags": {
          "building": "yes"
        }
      },
      "geometry": {
        "type": "Polygon",
        "coordinates": [
          [
            [
              78.6551106,
              17.1832666
            ],
            [
              78.6551021,
              17.1831847
            ],
            [
              78.6549878,
              17.1831956
            ],
            [
              78.6549963,
              17.1832775
            ],
            [
              78.6551106,
              17.1832666
            ]
          ]
        ]
      }
    },
    {
      "type": "Feature",
      "id": "osm-way-1070118852",
      "properties": {
        "kind": "building",
        "name": null,
        "osm_id": "1070118852",
        "tags": {
          "building": "yes"
        }
      },
      "geometry": {
        "type": "Polygon",
        "coordinates": [
          [
            [
              78.6519065,
              17.1725331
            ],
            [
              78.6519058,
              17.1724479
            ],
            [
              78.6518259,
              17.1724496
            ],
            [
              78.651828,
              17.1725356
            ],
            [
              78.6519065,
              17.1725331
            ]
          ]
        ]
      }
    },
    {
      "type": "Feature",
      "id": "osm-way-1070118853",
      "properties": {
        "kind": "building",
        "name": null,
        "osm_id": "1070118853",
        "tags": {
          "building": "yes"
        }
      },
      "geometry": {
        "type": "Polygon",
        "coordinates": [
          [
            [
              78.6517518,
              17.1721784
            ],
            [
              78.6517404,
              17.1720804
            ],
            [
              78.6516627,
              17.1720898
            ],
            [
              78.6516761,
              17.1721906
            ],
            [
              78.6517518,
              17.1721784
            ]
          ]
        ]
      }
    },
    {
      "type": "Feature",
      "id": "osm-way-1070118854",
      "properties": {
        "kind": "building",
        "name": null,
        "osm_id": "1070118854",
        "tags": {
          "building": "yes"
        }
      },
      "geometry": {
        "type": "Polygon",
        "coordinates": [
          [
            [
              78.6514611,
              17.1720366
            ],
            [
              78.651435,
              17.1719431
            ],
            [
              78.6513656,
              17.1719608
            ],
            [
              78.6513917,
              17.1720543
            ],
            [
              78.6514611,
              17.1720366
            ]
          ]
        ]
      }
    },
    {
      "type": "Feature",
      "id": "osm-way-1070118855",
      "properties": {
        "kind": "building",
        "name": null,
        "osm_id": "1070118855",
        "tags": {
          "building": "yes"
        }
      },
      "geometry": {
        "type": "Polygon",
        "coordinates": [
          [
            [
              78.6518584,
              17.1721819
            ],
            [
              78.6518578,
              17.1721179
            ],
            [
              78.6517647,
              17.1721212
            ],
            [
              78.6517673,
              17.1721858
            ],
            [
              78.6518584,
              17.1721819
            ]
          ]
        ]
      }
    },
    {
      "type": "Feature",
      "id": "osm-way-1070118862",
      "properties": {
        "kind": "building",
        "name": null,
        "osm_id": "1070118862",
        "tags": {
          "building": "yes"
        }
      },
      "geometry": {
        "type": "Polygon",
        "coordinates": [
          [
            [
              78.6552638,
              17.1821954
            ],
            [
              78.6552608,
              17.1821714
            ],
            [
              78.6552383,
              17.1821733
            ],
            [
              78.6552323,
              17.1821266
            ],
            [
              78.6551353,
              17.1821407
            ],
            [
              78.6551468,
              17.1822124
            ],
            [
              78.6552638,
              17.1821954
            ]
          ]
        ]
      }
    },
    {
      "type": "Feature",
      "id": "osm-way-1070118863",
      "properties": {
        "kind": "building",
        "name": null,
        "osm_id": "1070118863",
        "tags": {
          "building": "yes"
        }
      },
      "geometry": {
        "type": "Polygon",
        "coordinates": [
          [
            [
              78.6537502,
              17.1833382
            ],
            [
              78.6537351,
              17.1832541
            ],
            [
              78.6536058,
              17.1832753
            ],
            [
              78.6536209,
              17.1833594
            ],
            [
              78.6537502,
              17.1833382
            ]
          ]
        ]
      }
    },
    {
      "type": "Feature",
      "id": "osm-way-1070118864",
      "properties": {
        "kind": "building",
        "name": null,
        "osm_id": "1070118864",
        "tags": {
          "building": "yes"
        }
      },
      "geometry": {
        "type": "Polygon",
        "coordinates": [
          [
            [
              78.655811,
              17.1876824
            ],
            [
              78.6557432,
              17.1875607
            ],
            [
              78.655652,
              17.1876049
            ],
            [
              78.6557238,
              17.187724
            ],
            [
              78.655811,
              17.1876824
            ]
          ]
        ]
      }
    },
    {
      "type": "Feature",
      "id": "osm-way-1133164421",
      "properties": {
        "kind": "building",
        "name": null,
        "osm_id": "1133164421",
        "tags": {
          "building": "yes"
        }
      },
      "geometry": {
        "type": "Polygon",
        "coordinates": [
          [
            [
              78.6589712,
              17.1627418
            ],
            [
              78.6589857,
              17.1626227
            ],
            [
              78.6580174,
              17.1625151
            ],
            [
              78.6580029,
              17.1626342
            ],
            [
              78.6589712,
              17.1627418
            ]
          ]
        ]
      }
    },
    {
      "type": "Feature",
      "id": "osm-way-1133164422",
      "properties": {
        "kind": "building",
        "name": null,
        "osm_id": "1133164422",
        "tags": {
          "building": "yes"
        }
      },
      "geometry": {
        "type": "Polygon",
        "coordinates": [
          [
            [
              78.6586225,
              17.1624651
            ],
            [
              78.6586439,
              17.1622716
            ],
            [
              78.658365,
              17.1622434
            ],
            [
              78.6583436,
              17.1624369
            ],
            [
              78.6586225,
              17.1624651
            ]
          ]
        ]
      }
    },
    {
      "type": "Feature",
      "id": "osm-way-1133164423",
      "properties": {
        "kind": "building",
        "name": null,
        "osm_id": "1133164423",
        "tags": {
          "building": "yes"
        }
      },
      "geometry": {
        "type": "Polygon",
        "coordinates": [
          [
            [
              78.6582819,
              17.1624343
            ],
            [
              78.6583116,
              17.1622325
            ],
            [
              78.6581024,
              17.1622043
            ],
            [
              78.6580726,
              17.1624061
            ],
            [
              78.6582819,
              17.1624343
            ]
          ]
        ]
      }
    },
    {
      "type": "Feature",
      "id": "osm-way-1133164424",
      "properties": {
        "kind": "building",
        "name": null,
        "osm_id": "1133164424",
        "tags": {
          "building": "yes"
        }
      },
      "geometry": {
        "type": "Polygon",
        "coordinates": [
          [
            [
              78.6565284,
              17.1610513
            ],
            [
              78.6568335,
              17.1610786
            ],
            [
              78.6568489,
              17.1609214
            ],
            [
              78.6565438,
              17.1608941
            ],
            [
              78.6565284,
              17.1610513
            ]
          ]
        ]
      }
    },
    {
      "type": "Feature",
      "id": "osm-way-1133164425",
      "properties": {
        "kind": "building",
        "name": null,
        "osm_id": "1133164425",
        "tags": {
          "building": "yes"
        }
      },
      "geometry": {
        "type": "Polygon",
        "coordinates": [
          [
            [
              78.65689,
              17.160879
            ],
            [
              78.6569166,
              17.160607
            ],
            [
              78.6565409,
              17.1605734
            ],
            [
              78.6565143,
              17.1608454
            ],
            [
              78.65689,
              17.160879
            ]
          ]
        ]
      }
    },
    {
      "type": "Feature",
      "id": "osm-way-1133164426",
      "properties": {
        "kind": "building",
        "name": null,
        "osm_id": "1133164426",
        "tags": {
          "building": "yes"
        }
      },
      "geometry": {
        "type": "Polygon",
        "coordinates": [
          [
            [
              78.6578795,
              17.1619474
            ],
            [
              78.6579038,
              17.1616998
            ],
            [
              78.6572735,
              17.1616434
            ],
            [
              78.6572492,
              17.161891
            ],
            [
              78.6578795,
              17.1619474
            ]
          ]
        ]
      }
    },
    {
      "type": "Feature",
      "id": "osm-way-1133164427",
      "properties": {
        "kind": "building",
        "name": null,
        "osm_id": "1133164427",
        "tags": {
          "building": "yes"
        }
      },
      "geometry": {
        "type": "Polygon",
        "coordinates": [
          [
            [
              78.6582953,
              17.1619448
            ],
            [
              78.6583986,
              17.1610932
            ],
            [
              78.6582135,
              17.1610727
            ],
            [
              78.6581102,
              17.1619243
            ],
            [
              78.6582953,
              17.1619448
            ]
          ]
        ]
      }
    },
    {
      "type": "Feature",
      "id": "osm-way-1133164428",
      "properties": {
        "kind": "building",
        "name": null,
        "osm_id": "1133164428",
        "tags": {
          "building": "yes"
        }
      },
      "geometry": {
        "type": "Polygon",
        "coordinates": [
          [
            [
              78.658652,
              17.1620166
            ],
            [
              78.6587475,
              17.161111
            ],
            [
              78.6586215,
              17.1610956
            ],
            [
              78.6585259,
              17.1620089
            ],
            [
              78.658652,
              17.1620166
            ]
          ]
        ]
      }
    },
    {
      "type": "Feature",
      "id": "osm-way-1133164429",
      "properties": {
        "kind": "building",
        "name": null,
        "osm_id": "1133164429",
        "tags": {
          "building": "yes"
        }
      },
      "geometry": {
        "type": "Polygon",
        "coordinates": [
          [
            [
              78.6594781,
              17.1620499
            ],
            [
              78.6595035,
              17.1617621
            ],
            [
              78.6592487,
              17.1617416
            ],
            [
              78.6592233,
              17.1620294
            ],
            [
              78.6594781,
              17.1620499
            ]
          ]
        ]
      }
    },
    {
      "type": "Feature",
      "id": "osm-way-1133164430",
      "properties": {
        "kind": "building",
        "name": null,
        "osm_id": "1133164430",
        "tags": {
          "building": "yes"
        }
      },
      "geometry": {
        "type": "Polygon",
        "coordinates": [
          [
            [
              78.6595345,
              17.161504
            ],
            [
              78.6595657,
              17.1611829
            ],
            [
              78.659335,
              17.1611624
            ],
            [
              78.6593038,
              17.1614835
            ],
            [
              78.6595345,
              17.161504
            ]
          ]
        ]
      }
    },
    {
      "type": "Feature",
      "id": "osm-way-1133164431",
      "properties": {
        "kind": "building",
        "name": null,
        "osm_id": "1133164431",
        "tags": {
          "building": "yes"
        }
      },
      "geometry": {
        "type": "Polygon",
        "coordinates": [
          [
            [
              78.6597624,
              17.1620832
            ],
            [
              78.6598477,
              17.161211
            ],
            [
              78.6597056,
              17.1612059
            ],
            [
              78.659631,
              17.1620729
            ],
            [
              78.6597624,
              17.1620832
            ]
          ]
        ]
      }
    },
    {
      "type": "Feature",
      "id": "osm-way-1133164432",
      "properties": {
        "kind": "building",
        "name": null,
        "osm_id": "1133164432",
        "tags": {
          "building": "yes"
        }
      },
      "geometry": {
        "type": "Polygon",
        "coordinates": [
          [
            [
              78.6606207,
              17.1616245
            ],
            [
              78.6606523,
              17.161357
            ],
            [
              78.6601293,
              17.1613007
            ],
            [
              78.6600977,
              17.1615681
            ],
            [
              78.6606207,
              17.1616245
            ]
          ]
        ]
      }
    },
    {
      "type": "Feature",
      "id": "osm-way-1163533991",
      "properties": {
        "kind": "building",
        "name": null,
        "osm_id": "1163533991",
        "tags": {
          "building": "yes"
        }
      },
      "geometry": {
        "type": "Polygon",
        "coordinates": [
          [
            [
              78.6534531,
              17.1836337
            ],
            [
              78.6534352,
              17.1835579
            ],
            [
              78.6533248,
              17.1835817
            ],
            [
              78.6533427,
              17.1836575
            ],
            [
              78.6534531,
              17.1836337
            ]
          ]
        ]
      }
    },
    {
      "type": "Feature",
      "id": "osm-way-1163533992",
      "properties": {
        "kind": "building",
        "name": null,
        "osm_id": "1163533992",
        "tags": {
          "building": "yes"
        }
      },
      "geometry": {
        "type": "Polygon",
        "coordinates": [
          [
            [
              78.6537002,
              17.1841179
            ],
            [
              78.6536721,
              17.183987
            ],
            [
              78.6535491,
              17.1840111
            ],
            [
              78.6535772,
              17.184142
            ],
            [
              78.6537002,
              17.1841179
            ]
          ]
        ]
      }
    },
    {
      "type": "Feature",
      "id": "osm-way-1163533993",
      "properties": {
        "kind": "building",
        "name": null,
        "osm_id": "1163533993",
        "tags": {
          "building": "yes"
        }
      },
      "geometry": {
        "type": "Polygon",
        "coordinates": [
          [
            [
              78.6539221,
              17.18427
            ],
            [
              78.653907,
              17.1841926
            ],
            [
              78.6537865,
              17.184214
            ],
            [
              78.6538016,
              17.1842914
            ],
            [
              78.6539221,
              17.18427
            ]
          ]
        ]
      }
    },
    {
      "type": "Feature",
      "id": "osm-way-1163533994",
      "properties": {
        "kind": "building",
        "name": null,
        "osm_id": "1163533994",
        "tags": {
          "building": "yes"
        }
      },
      "geometry": {
        "type": "Polygon",
        "coordinates": [
          [
            [
              78.6531491,
              17.1850836
            ],
            [
              78.6531303,
              17.1849972
            ],
            [
              78.6530177,
              17.1850196
            ],
            [
              78.6530366,
              17.185106
            ],
            [
              78.6531491,
              17.1850836
            ]
          ]
        ]
      }
    },
    {
      "type": "Feature",
      "id": "osm-way-1163533995",
      "properties": {
        "kind": "building",
        "name": null,
        "osm_id": "1163533995",
        "tags": {
          "building": "yes"
        }
      },
      "geometry": {
        "type": "Polygon",
        "coordinates": [
          [
            [
              78.6532434,
              17.186017
            ],
            [
              78.653225,
              17.1859095
            ],
            [
              78.653136,
              17.1859235
            ],
            [
              78.6531544,
              17.1860309
            ],
            [
              78.6532434,
              17.186017
            ]
          ]
        ]
      }
    },
    {
      "type": "Feature",
      "id": "osm-way-1163533996",
      "properties": {
        "kind": "building",
        "name": null,
        "osm_id": "1163533996",
        "tags": {
          "building": "yes"
        }
      },
      "geometry": {
        "type": "Polygon",
        "coordinates": [
          [
            [
              78.6536437,
              17.1868497
            ],
            [
              78.6537655,
              17.1868256
            ],
            [
              78.6537781,
              17.1867836
            ],
            [
              78.6537656,
              17.1867112
            ],
            [
              78.6536282,
              17.1867328
            ],
            [
              78.6536065,
              17.1867284
            ],
            [
              78.6536185,
              17.186842
            ],
            [
              78.6536437,
              17.1868497
            ]
          ]
        ]
      }
    },
    {
      "type": "Feature",
      "id": "osm-way-1163533997",
      "properties": {
        "kind": "building",
        "name": null,
        "osm_id": "1163533997",
        "tags": {
          "building": "yes"
        }
      },
      "geometry": {
        "type": "Polygon",
        "coordinates": [
          [
            [
              78.6535659,
              17.1863991
            ],
            [
              78.6535474,
              17.186314
            ],
            [
              78.6534295,
              17.1863373
            ],
            [
              78.653448,
              17.1864224
            ],
            [
              78.6535659,
              17.1863991
            ]
          ]
        ]
      }
    },
    {
      "type": "Feature",
      "id": "osm-way-1163533998",
      "properties": {
        "kind": "building",
        "name": null,
        "osm_id": "1163533998",
        "tags": {
          "building": "yes"
        }
      },
      "geometry": {
        "type": "Polygon",
        "coordinates": [
          [
            [
              78.6536826,
              17.1863716
            ],
            [
              78.6536618,
              17.1862859
            ],
            [
              78.6535492,
              17.1863108
            ],
            [
              78.65357,
              17.1863965
            ],
            [
              78.6536826,
              17.1863716
            ]
          ]
        ]
      }
    },
    {
      "type": "Feature",
      "id": "osm-way-1340956371",
      "properties": {
        "kind": "building",
        "name": null,
        "osm_id": "1340956371",
        "tags": {
          "building": "yes"
        }
      },
      "geometry": {
        "type": "Polygon",
        "coordinates": [
          [
            [
              78.6471253,
              17.1839847
            ],
            [
              78.6470189,
              17.1839435
            ],
            [
              78.6469918,
              17.1840074
            ],
            [
              78.6470981,
              17.1840486
            ],
            [
              78.6471253,
              17.1839847
            ]
          ]
        ]
      }
    },
    {
      "type": "Feature",
      "id": "osm-way-1340956372",
      "properties": {
        "kind": "building",
        "name": null,
        "osm_id": "1340956372",
        "tags": {
          "building": "yes"
        }
      },
      "geometry": {
        "type": "Polygon",
        "coordinates": [
          [
            [
              78.6472701,
              17.1840449
            ],
            [
              78.6471637,
              17.1840037
            ],
            [
              78.6471366,
              17.1840676
            ],
            [
              78.647243,
              17.1841088
            ],
            [
              78.6472701,
              17.1840449
            ]
          ]
        ]
      }
    },
    {
      "type": "Feature",
      "id": "osm-way-1340956373",
      "properties": {
        "kind": "building",
        "name": null,
        "osm_id": "1340956373",
        "tags": {
          "building": "yes"
        }
      },
      "geometry": {
        "type": "Polygon",
        "coordinates": [
          [
            [
              78.6471668,
              17.1839142
            ],
            [
              78.6470605,
              17.183873
            ],
            [
              78.6470333,
              17.1839369
            ],
            [
              78.6471397,
              17.1839781
            ],
            [
              78.6471668,
              17.1839142
            ]
          ]
        ]
      }
    },
    {
      "type": "Feature",
      "id": "osm-way-1340956374",
      "properties": {
        "kind": "building",
        "name": null,
        "osm_id": "1340956374",
        "tags": {
          "building": "yes"
        }
      },
      "geometry": {
        "type": "Polygon",
        "coordinates": [
          [
            [
              78.6473063,
              17.1839795
            ],
            [
              78.6471999,
              17.1839383
            ],
            [
              78.6471728,
              17.1840023
            ],
            [
              78.6472792,
              17.1840435
            ],
            [
              78.6473063,
              17.1839795
            ]
          ]
        ]
      }
    },
    {
      "type": "Feature",
      "id": "osm-way-1340956375",
      "properties": {
        "kind": "building",
        "name": null,
        "osm_id": "1340956375",
        "tags": {
          "building": "yes"
        }
      },
      "geometry": {
        "type": "Polygon",
        "coordinates": [
          [
            [
              78.6472044,
              17.1838488
            ],
            [
              78.647098,
              17.1838077
            ],
            [
              78.6470709,
              17.1838716
            ],
            [
              78.6471773,
              17.1839128
            ],
            [
              78.6472044,
              17.1838488
            ]
          ]
        ]
      }
    },
    {
      "type": "Feature",
      "id": "osm-way-1340956376",
      "properties": {
        "kind": "building",
        "name": null,
        "osm_id": "1340956376",
        "tags": {
          "building": "yes"
        }
      },
      "geometry": {
        "type": "Polygon",
        "coordinates": [
          [
            [
              78.6473398,
              17.1839039
            ],
            [
              78.6472335,
              17.1838628
            ],
            [
              78.6472063,
              17.1839267
            ],
            [
              78.6473127,
              17.1839679
            ],
            [
              78.6473398,
              17.1839039
            ]
          ]
        ]
      }
    },
    {
      "type": "Feature",
      "id": "osm-way-1340956377",
      "properties": {
        "kind": "building",
        "name": null,
        "osm_id": "1340956377",
        "tags": {
          "building": "yes"
        }
      },
      "geometry": {
        "type": "Polygon",
        "coordinates": [
          [
            [
              78.6472285,
              17.1837758
            ],
            [
              78.6471222,
              17.1837346
            ],
            [
              78.647095,
              17.1837985
            ],
            [
              78.6472014,
              17.1838398
            ],
            [
              78.6472285,
              17.1837758
            ]
          ]
        ]
      }
    },
    {
      "type": "Feature",
      "id": "osm-way-1340956378",
      "properties": {
        "kind": "building",
        "name": null,
        "osm_id": "1340956378",
        "tags": {
          "building": "yes"
        }
      },
      "geometry": {
        "type": "Polygon",
        "coordinates": [
          [
            [
              78.6473667,
              17.1838335
            ],
            [
              78.6472603,
              17.1837923
            ],
            [
              78.6472332,
              17.1838562
            ],
            [
              78.6473395,
              17.1838974
            ],
            [
              78.6473667,
              17.1838335
            ]
          ]
        ]
      }
    },
    {
      "type": "Feature",
      "id": "osm-way-1340956379",
      "properties": {
        "kind": "building",
        "name": null,
        "osm_id": "1340956379",
        "tags": {
          "building": "yes"
        }
      },
      "geometry": {
        "type": "Polygon",
        "coordinates": [
          [
            [
              78.6473935,
              17.1837681
            ],
            [
              78.6472871,
              17.1837269
            ],
            [
              78.64726,
              17.1837909
            ],
            [
              78.6473664,
              17.1838321
            ],
            [
              78.6473935,
              17.1837681
            ]
          ]
        ]
      }
    },
    {
      "type": "Feature",
      "id": "osm-way-1340956380",
      "properties": {
        "kind": "building",
        "name": null,
        "osm_id": "1340956380",
        "tags": {
          "building": "yes"
        }
      },
      "geometry": {
        "type": "Polygon",
        "coordinates": [
          [
            [
              78.6474284,
              17.1836964
            ],
            [
              78.647322,
              17.1836552
            ],
            [
              78.6472949,
              17.1837191
            ],
            [
              78.6474012,
              17.1837603
            ],
            [
              78.6474284,
              17.1836964
            ]
          ]
        ]
      }
    },
    {
      "type": "Feature",
      "id": "osm-way-1340956381",
      "properties": {
        "kind": "building",
        "name": null,
        "osm_id": "1340956381",
        "tags": {
          "building": "yes"
        }
      },
      "geometry": {
        "type": "Polygon",
        "coordinates": [
          [
            [
              78.6474659,
              17.1836246
            ],
            [
              78.6473595,
              17.1835834
            ],
            [
              78.6473324,
              17.1836474
            ],
            [
              78.6474388,
              17.1836886
            ],
            [
              78.6474659,
              17.1836246
            ]
          ]
        ]
      }
    },
    {
      "type": "Feature",
      "id": "osm-way-1340956382",
      "properties": {
        "kind": "building",
        "name": null,
        "osm_id": "1340956382",
        "tags": {
          "building": "yes"
        }
      },
      "geometry": {
        "type": "Polygon",
        "coordinates": [
          [
            [
              78.6474941,
              17.1835516
            ],
            [
              78.6473877,
              17.1835104
            ],
            [
              78.6473606,
              17.1835743
            ],
            [
              78.6474669,
              17.1836155
            ],
            [
              78.6474941,
              17.1835516
            ]
          ]
        ]
      }
    },
    {
      "type": "Feature",
      "id": "osm-way-601959306",
      "properties": {
        "kind": "building",
        "name": null,
        "osm_id": "601959306",
        "tags": {
          "building": "yes"
        }
      },
      "geometry": {
        "type": "Polygon",
        "coordinates": [
          [
            [
              78.6451387,
              17.183934
            ],
            [
              78.6451267,
              17.1838725
            ],
            [
              78.6450438,
              17.1838873
            ],
            [
              78.6450559,
              17.1839488
            ],
            [
              78.6451387,
              17.183934
            ]
          ]
        ]
      }
    },
    {
      "type": "Feature",
      "id": "osm-way-601959307",
      "properties": {
        "kind": "building",
        "name": null,
        "osm_id": "601959307",
        "tags": {
          "building": "yes"
        }
      },
      "geometry": {
        "type": "Polygon",
        "coordinates": [
          [
            [
              78.645048,
              17.1840179
            ],
            [
              78.6450252,
              17.1839564
            ],
            [
              78.6449338,
              17.1839873
            ],
            [
              78.6449566,
              17.1840488
            ],
            [
              78.645048,
              17.1840179
            ]
          ]
        ]
      }
    },
    {
      "type": "Feature",
      "id": "osm-way-601959308",
      "properties": {
        "kind": "building",
        "name": null,
        "osm_id": "601959308",
        "tags": {
          "building": "yes"
        }
      },
      "geometry": {
        "type": "Polygon",
        "coordinates": [
          [
            [
              78.6448527,
              17.1839348
            ],
            [
              78.6448192,
              17.1838342
            ],
            [
              78.6447099,
              17.1838675
            ],
            [
              78.6447434,
              17.1839681
            ],
            [
              78.6448527,
              17.1839348
            ]
          ]
        ]
      }
    },
    {
      "type": "Feature",
      "id": "osm-way-601959309",
      "properties": {
        "kind": "building",
        "name": null,
        "osm_id": "601959309",
        "tags": {
          "building": "yes"
        }
      },
      "geometry": {
        "type": "Polygon",
        "coordinates": [
          [
            [
              78.6448949,
              17.1841034
            ],
            [
              78.6448735,
              17.184036
            ],
            [
              78.6447877,
              17.1840608
            ],
            [
              78.6448091,
              17.1841282
            ],
            [
              78.6448949,
              17.1841034
            ]
          ]
        ]
      }
    },
    {
      "type": "Feature",
      "id": "osm-way-601959310",
      "properties": {
        "kind": "building",
        "name": null,
        "osm_id": "601959310",
        "tags": {
          "building": "yes"
        }
      },
      "geometry": {
        "type": "Polygon",
        "coordinates": [
          [
            [
              78.644874,
              17.1840211
            ],
            [
              78.6448507,
              17.1839476
            ],
            [
              78.644755,
              17.1839753
            ],
            [
              78.6447783,
              17.1840488
            ],
            [
              78.644874,
              17.1840211
            ]
          ]
        ]
      }
    },
    {
      "type": "Feature",
      "id": "osm-way-601959312",
      "properties": {
        "kind": "building",
        "name": null,
        "osm_id": "601959312",
        "tags": {
          "building": "yes"
        }
      },
      "geometry": {
        "type": "Polygon",
        "coordinates": [
          [
            [
              78.6447292,
              17.1839657
            ],
            [
              78.6447032,
              17.1838835
            ],
            [
              78.6445886,
              17.1839166
            ],
            [
              78.6446147,
              17.1839988
            ],
            [
              78.6447292,
              17.1839657
            ]
          ]
        ]
      }
    },
    {
      "type": "Feature",
      "id": "osm-way-601959313",
      "properties": {
        "kind": "building",
        "name": null,
        "osm_id": "601959313",
        "tags": {
          "building": "yes"
        }
      },
      "geometry": {
        "type": "Polygon",
        "coordinates": [
          [
            [
              78.6447647,
              17.184042
            ],
            [
              78.6447461,
              17.1839834
            ],
            [
              78.6446296,
              17.1840171
            ],
            [
              78.6446482,
              17.1840757
            ],
            [
              78.6447647,
              17.184042
            ]
          ]
        ]
      }
    },
    {
      "type": "Feature",
      "id": "osm-way-601959314",
      "properties": {
        "kind": "building",
        "name": null,
        "osm_id": "601959314",
        "tags": {
          "building": "yes"
        }
      },
      "geometry": {
        "type": "Polygon",
        "coordinates": [
          [
            [
              78.6447769,
              17.1841156
            ],
            [
              78.6447588,
              17.1840584
            ],
            [
              78.644636,
              17.1840939
            ],
            [
              78.6446541,
              17.1841511
            ],
            [
              78.6447769,
              17.1841156
            ]
          ]
        ]
      }
    },
    {
      "type": "Feature",
      "id": "osm-way-601959315",
      "properties": {
        "kind": "building",
        "name": null,
        "osm_id": "601959315",
        "tags": {
          "building": "yes"
        }
      },
      "geometry": {
        "type": "Polygon",
        "coordinates": [
          [
            [
              78.6449509,
              17.1842509
            ],
            [
              78.644924,
              17.1841689
            ],
            [
              78.6447944,
              17.1842076
            ],
            [
              78.6448212,
              17.1842896
            ],
            [
              78.6449509,
              17.1842509
            ]
          ]
        ]
      }
    },
    {
      "type": "Feature",
      "id": "osm-way-601959316",
      "properties": {
        "kind": "building",
        "name": null,
        "osm_id": "601959316",
        "tags": {
          "building": "yes"
        }
      },
      "geometry": {
        "type": "Polygon",
        "coordinates": [
          [
            [
              78.6451821,
              17.1843363
            ],
            [
              78.6451526,
              17.1842543
            ],
            [
              78.6450411,
              17.1842909
            ],
            [
              78.6450706,
              17.1843729
            ],
            [
              78.6451821,
              17.1843363
            ]
          ]
        ]
      }
    },
    {
      "type": "Feature",
      "id": "osm-way-601959317",
      "properties": {
        "kind": "building",
        "name": null,
        "osm_id": "601959317",
        "tags": {
          "building": "yes"
        }
      },
      "geometry": {
        "type": "Polygon",
        "coordinates": [
          [
            [
              78.6452517,
              17.184492
            ],
            [
              78.6452181,
              17.1844087
            ],
            [
              78.6450854,
              17.1844575
            ],
            [
              78.6451189,
              17.1845408
            ],
            [
              78.6452517,
              17.184492
            ]
          ]
        ]
      }
    },
    {
      "type": "Feature",
      "id": "osm-way-601959318",
      "properties": {
        "kind": "building",
        "name": null,
        "osm_id": "601959318",
        "tags": {
          "building": "yes"
        }
      },
      "geometry": {
        "type": "Polygon",
        "coordinates": [
          [
            [
              78.6455569,
              17.1849734
            ],
            [
              78.645524,
              17.184894
            ],
            [
              78.6454415,
              17.1849251
            ],
            [
              78.6454743,
              17.1850046
            ],
            [
              78.6455569,
              17.1849734
            ]
          ]
        ]
      }
    },
    {
      "type": "Feature",
      "id": "osm-way-601959319",
      "properties": {
        "kind": "building",
        "name": null,
        "osm_id": "601959319",
        "tags": {
          "building": "yes"
        }
      },
      "geometry": {
        "type": "Polygon",
        "coordinates": [
          [
            [
              78.6455204,
              17.1848872
            ],
            [
              78.6454923,
              17.1848193
            ],
            [
              78.6453751,
              17.1848636
            ],
            [
              78.6454032,
              17.1849315
            ],
            [
              78.6455204,
              17.1848872
            ]
          ]
        ]
      }
    },
    {
      "type": "Feature",
      "id": "osm-way-601959321",
      "properties": {
        "kind": "building",
        "name": null,
        "osm_id": "601959321",
        "tags": {
          "building": "yes"
        }
      },
      "geometry": {
        "type": "Polygon",
        "coordinates": [
          [
            [
              78.6454655,
              17.1847352
            ],
            [
              78.645432,
              17.1846558
            ],
            [
              78.6453214,
              17.1846984
            ],
            [
              78.645355,
              17.1847778
            ],
            [
              78.6454655,
              17.1847352
            ]
          ]
        ]
      }
    },
    {
      "type": "Feature",
      "id": "osm-way-601959322",
      "properties": {
        "kind": "building",
        "name": null,
        "osm_id": "601959322",
        "tags": {
          "building": "yes"
        }
      },
      "geometry": {
        "type": "Polygon",
        "coordinates": [
          [
            [
              78.6453028,
              17.184699
            ],
            [
              78.6452693,
              17.1846234
            ],
            [
              78.6451632,
              17.1846663
            ],
            [
              78.6451967,
              17.1847419
            ],
            [
              78.6453028,
              17.184699
            ]
          ]
        ]
      }
    },
    {
      "type": "Feature",
      "id": "osm-way-601959324",
      "properties": {
        "kind": "building",
        "name": null,
        "osm_id": "601959324",
        "tags": {
          "building": "yes"
        }
      },
      "geometry": {
        "type": "Polygon",
        "coordinates": [
          [
            [
              78.6449334,
              17.1846155
            ],
            [
              78.6449025,
              17.1845361
            ],
            [
              78.6447917,
              17.1845754
            ],
            [
              78.6448225,
              17.1846548
            ],
            [
              78.6449334,
              17.1846155
            ]
          ]
        ]
      }
    },
    {
      "type": "Feature",
      "id": "osm-way-601959325",
      "properties": {
        "kind": "building",
        "name": null,
        "osm_id": "601959325",
        "tags": {
          "building": "yes"
        }
      },
      "geometry": {
        "type": "Polygon",
        "coordinates": [
          [
            [
              78.6451191,
              17.1846933
            ],
            [
              78.6450843,
              17.1846139
            ],
            [
              78.6449566,
              17.184665
            ],
            [
              78.6449915,
              17.1847445
            ],
            [
              78.6451191,
              17.1846933
            ]
          ]
        ]
      }
    },
    {
      "type": "Feature",
      "id": "osm-way-601970522",
      "properties": {
        "kind": "building",
        "name": null,
        "osm_id": "601970522",
        "tags": {
          "building": "yes"
        }
      },
      "geometry": {
        "type": "Polygon",
        "coordinates": [
          [
            [
              78.6444653,
              17.1838993
            ],
            [
              78.644448,
              17.183841
            ],
            [
              78.6444724,
              17.1838344
            ],
            [
              78.6444647,
              17.1838082
            ],
            [
              78.6443207,
              17.183847
            ],
            [
              78.6443457,
              17.1839315
            ],
            [
              78.6444653,
              17.1838993
            ]
          ]
        ]
      }
    },
    {
      "type": "Feature",
      "id": "osm-way-601970524",
      "properties": {
        "kind": "building",
        "name": null,
        "osm_id": "601970524",
        "tags": {
          "building": "yes"
        }
      },
      "geometry": {
        "type": "Polygon",
        "coordinates": [
          [
            [
              78.6445135,
              17.1831077
            ],
            [
              78.6445095,
              17.1830635
            ],
            [
              78.6444712,
              17.1830667
            ],
            [
              78.6444752,
              17.1831109
            ],
            [
              78.6445135,
              17.1831077
            ]
          ]
        ]
      }
    },
    {
      "type": "Feature",
      "id": "osm-way-601970526",
      "properties": {
        "kind": "building",
        "name": null,
        "osm_id": "601970526",
        "tags": {
          "building": "yes"
        }
      },
      "geometry": {
        "type": "Polygon",
        "coordinates": [
          [
            [
              78.6446272,
              17.1828328
            ],
            [
              78.6446191,
              17.182786
            ],
            [
              78.6445329,
              17.1827996
            ],
            [
              78.6445409,
              17.1828463
            ],
            [
              78.6446272,
              17.1828328
            ]
          ]
        ]
      }
    },
    {
      "type": "Feature",
      "id": "osm-way-601970528",
      "properties": {
        "kind": "building",
        "name": null,
        "osm_id": "601970528",
        "tags": {
          "building": "yes"
        }
      },
      "geometry": {
        "type": "Polygon",
        "coordinates": [
          [
            [
              78.6447337,
              17.182973
            ],
            [
              78.6447223,
              17.1829281
            ],
            [
              78.6446469,
              17.1829456
            ],
            [
              78.6446583,
              17.1829905
            ],
            [
              78.6447337,
              17.182973
            ]
          ]
        ]
      }
    },
    {
      "type": "Feature",
      "id": "osm-way-601970530",
      "properties": {
        "kind": "building",
        "name": null,
        "osm_id": "601970530",
        "tags": {
          "building": "yes"
        }
      },
      "geometry": {
        "type": "Polygon",
        "coordinates": [
          [
            [
              78.6459591,
              17.1838266
            ],
            [
              78.6459282,
              17.1837548
            ],
            [
              78.6458485,
              17.1837861
            ],
            [
              78.6458793,
              17.1838579
            ],
            [
              78.6459591,
              17.1838266
            ]
          ]
        ]
      }
    },
    {
      "type": "Feature",
      "id": "osm-way-601970532",
      "properties": {
        "kind": "building",
        "name": null,
        "osm_id": "601970532",
        "tags": {
          "building": "yes"
        }
      },
      "geometry": {
        "type": "Polygon",
        "coordinates": [
          [
            [
              78.6460269,
              17.1840025
            ],
            [
              78.6459933,
              17.1839128
            ],
            [
              78.6459102,
              17.1839411
            ],
            [
              78.6459437,
              17.1840308
            ],
            [
              78.6460269,
              17.1840025
            ]
          ]
        ]
      }
    },
    {
      "type": "Feature",
      "id": "osm-way-601970534",
      "properties": {
        "kind": "building",
        "name": null,
        "osm_id": "601970534",
        "tags": {
          "building": "yes"
        }
      },
      "geometry": {
        "type": "Polygon",
        "coordinates": [
          [
            [
              78.6456081,
              17.1840277
            ],
            [
              78.6455947,
              17.1839695
            ],
            [
              78.6454867,
              17.1839922
            ],
            [
              78.6455001,
              17.1840504
            ],
            [
              78.6456081,
              17.1840277
            ]
          ]
        ]
      }
    },
    {
      "type": "Feature",
      "id": "osm-way-601970536",
      "properties": {
        "kind": "building",
        "name": null,
        "osm_id": "601970536",
        "tags": {
          "building": "yes"
        }
      },
      "geometry": {
        "type": "Polygon",
        "coordinates": [
          [
            [
              78.6454623,
              17.1841411
            ],
            [
              78.6454462,
              17.184063
            ],
            [
              78.6454126,
              17.1840693
            ],
            [
              78.6454287,
              17.1841474
            ],
            [
              78.6454623,
              17.1841411
            ]
          ]
        ]
      }
    },
    {
      "type": "Feature",
      "id": "osm-way-601970538",
      "properties": {
        "kind": "building",
        "name": null,
        "osm_id": "601970538",
        "tags": {
          "building": "yes"
        }
      },
      "geometry": {
        "type": "Polygon",
        "coordinates": [
          [
            [
              78.6453887,
              17.1840689
            ],
            [
              78.645374,
              17.1840099
            ],
            [
              78.6452825,
              17.1840308
            ],
            [
              78.6452973,
              17.1840898
            ],
            [
              78.6453887,
              17.1840689
            ]
          ]
        ]
      }
    },
    {
      "type": "Feature",
      "id": "osm-way-601970540",
      "properties": {
        "kind": "building",
        "name": null,
        "osm_id": "601970540",
        "tags": {
          "building": "yes"
        }
      },
      "geometry": {
        "type": "Polygon",
        "coordinates": [
          [
            [
              78.6454931,
              17.1842896
            ],
            [
              78.6454526,
              17.1841736
            ],
            [
              78.6453375,
              17.1842102
            ],
            [
              78.645378,
              17.1843263
            ],
            [
              78.6454931,
              17.1842896
            ]
          ]
        ]
      }
    },
    {
      "type": "Feature",
      "id": "osm-way-601970542",
      "properties": {
        "kind": "building",
        "name": null,
        "osm_id": "601970542",
        "tags": {
          "building": "yes"
        }
      },
      "geometry": {
        "type": "Polygon",
        "coordinates": [
          [
            [
              78.6460093,
              17.1845762
            ],
            [
              78.6459819,
              17.1844985
            ],
            [
              78.6458839,
              17.1845301
            ],
            [
              78.6459113,
              17.1846078
            ],
            [
              78.6460093,
              17.1845762
            ]
          ]
        ]
      }
    },
    {
      "type": "Feature",
      "id": "osm-way-601970543",
      "properties": {
        "kind": "building",
        "name": null,
        "osm_id": "601970543",
        "tags": {
          "building": "yes"
        }
      },
      "geometry": {
        "type": "Polygon",
        "coordinates": [
          [
            [
              78.6456266,
              17.1844175
            ],
            [
              78.6455885,
              17.1842559
            ],
            [
              78.6455337,
              17.1842677
            ],
            [
              78.6455718,
              17.1844293
            ],
            [
              78.6456266,
              17.1844175
            ]
          ]
        ]
      }
    },
    {
      "type": "Feature",
      "id": "osm-way-602023169",
      "properties": {
        "kind": "building",
        "name": null,
        "osm_id": "602023169",
        "tags": {
          "building": "yes"
        }
      },
      "geometry": {
        "type": "Polygon",
        "coordinates": [
          [
            [
              78.6445859,
              17.1841326
            ],
            [
              78.644561,
              17.1840654
            ],
            [
              78.6444792,
              17.1840931
            ],
            [
              78.644504,
              17.1841602
            ],
            [
              78.6445859,
              17.1841326
            ]
          ]
        ]
      }
    },
    {
      "type": "Feature",
      "id": "osm-way-602023171",
      "properties": {
        "kind": "building",
        "name": null,
        "osm_id": "602023171",
        "tags": {
          "building": "yes"
        }
      },
      "geometry": {
        "type": "Polygon",
        "coordinates": [
          [
            [
              78.6444855,
              17.1840866
            ],
            [
              78.6444497,
              17.1839898
            ],
            [
              78.6444099,
              17.1840033
            ],
            [
              78.6444457,
              17.1841
            ],
            [
              78.6444855,
              17.1840866
            ]
          ]
        ]
      }
    },
    {
      "type": "Feature",
      "id": "osm-way-602023173",
      "properties": {
        "kind": "building",
        "name": null,
        "osm_id": "602023173",
        "tags": {
          "building": "yes"
        }
      },
      "geometry": {
        "type": "Polygon",
        "coordinates": [
          [
            [
              78.644397,
              17.1841417
            ],
            [
              78.6443531,
              17.1840231
            ],
            [
              78.6443133,
              17.1840366
            ],
            [
              78.6443572,
              17.1841551
            ],
            [
              78.644397,
              17.1841417
            ]
          ]
        ]
      }
    },
    {
      "type": "Feature",
      "id": "osm-way-602023175",
      "properties": {
        "kind": "building",
        "name": null,
        "osm_id": "602023175",
        "tags": {
          "building": "yes"
        }
      },
      "geometry": {
        "type": "Polygon",
        "coordinates": [
          [
            [
              78.6445493,
              17.1842337
            ],
            [
              78.6445221,
              17.1841602
            ],
            [
              78.6443944,
              17.1842034
            ],
            [
              78.6444215,
              17.1842768
            ],
            [
              78.6445493,
              17.1842337
            ]
          ]
        ]
      }
    },
    {
      "type": "Feature",
      "id": "osm-way-602023176",
      "properties": {
        "kind": "building",
        "name": null,
        "osm_id": "602023176",
        "tags": {
          "building": "yes"
        }
      },
      "geometry": {
        "type": "Polygon",
        "coordinates": [
          [
            [
              78.6445512,
              17.1842913
            ],
            [
              78.6445369,
              17.1842525
            ],
            [
              78.6444166,
              17.1842931
            ],
            [
              78.6444309,
              17.1843319
            ],
            [
              78.6445512,
              17.1842913
            ]
          ]
        ]
      }
    },
    {
      "type": "Feature",
      "id": "osm-way-602023178",
      "properties": {
        "kind": "building",
        "name": null,
        "osm_id": "602023178",
        "tags": {
          "building": "yes"
        }
      },
      "geometry": {
        "type": "Polygon",
        "coordinates": [
          [
            [
              78.6446476,
              17.1844142
            ],
            [
              78.64462,
              17.1843396
            ],
            [
              78.644579,
              17.1843535
            ],
            [
              78.6446066,
              17.184428
            ],
            [
              78.6446476,
              17.1844142
            ]
          ]
        ]
      }
    },
    {
      "type": "Feature",
      "id": "osm-way-602023180",
      "properties": {
        "kind": "building",
        "name": null,
        "osm_id": "602023180",
        "tags": {
          "building": "yes"
        }
      },
      "geometry": {
        "type": "Polygon",
        "coordinates": [
          [
            [
              78.6445792,
              17.1843895
            ],
            [
              78.6445611,
              17.1843404
            ],
            [
              78.6444463,
              17.1843792
            ],
            [
              78.6444644,
              17.1844282
            ],
            [
              78.6445792,
              17.1843895
            ]
          ]
        ]
      }
    },
    {
      "type": "Feature",
      "id": "osm-way-602023215",
      "properties": {
        "kind": "building",
        "name": null,
        "osm_id": "602023215",
        "tags": {
          "building": "yes"
        }
      },
      "geometry": {
        "type": "Polygon",
        "coordinates": [
          [
            [
              78.6443118,
              17.1841819
            ],
            [
              78.6443029,
              17.1841472
            ],
            [
              78.6442453,
              17.1841607
            ],
            [
              78.6442541,
              17.1841954
            ],
            [
              78.6443118,
              17.1841819
            ]
          ]
        ]
      }
    },
    {
      "type": "Feature",
      "id": "osm-way-602023217",
      "properties": {
        "kind": "building",
        "name": null,
        "osm_id": "602023217",
        "tags": {
          "building": "yes"
        }
      },
      "geometry": {
        "type": "Polygon",
        "coordinates": [
          [
            [
              78.6442428,
              17.1841176
            ],
            [
              78.6442307,
              17.1840791
            ],
            [
              78.6441801,
              17.1840936
            ],
            [
              78.6441922,
              17.184132
            ],
            [
              78.6442428,
              17.1841176
            ]
          ]
        ]
      }
    },
    {
      "type": "Feature",
      "id": "osm-way-602023219",
      "properties": {
        "kind": "building",
        "name": null,
        "osm_id": "602023219",
        "tags": {
          "building": "yes"
        }
      },
      "geometry": {
        "type": "Polygon",
        "coordinates": [
          [
            [
              78.6443103,
              17.1841407
            ],
            [
              78.6443055,
              17.184063
            ],
            [
              78.6442512,
              17.1840661
            ],
            [
              78.6442561,
              17.1841438
            ],
            [
              78.6443103,
              17.1841407
            ]
          ]
        ]
      }
    },
    {
      "type": "Feature",
      "id": "osm-way-602023221",
      "properties": {
        "kind": "building",
        "name": null,
        "osm_id": "602023221",
        "tags": {
          "building": "yes"
        }
      },
      "geometry": {
        "type": "Polygon",
        "coordinates": [
          [
            [
              78.6442595,
              17.1842438
            ],
            [
              78.6442367,
              17.1841606
            ],
            [
              78.6441969,
              17.1841705
            ],
            [
              78.6442197,
              17.1842538
            ],
            [
              78.6442595,
              17.1842438
            ]
          ]
        ]
      }
    },
    {
      "type": "Feature",
      "id": "osm-way-602023223",
      "properties": {
        "kind": "building",
        "name": null,
        "osm_id": "602023223",
        "tags": {
          "building": "yes"
        }
      },
      "geometry": {
        "type": "Polygon",
        "coordinates": [
          [
            [
              78.6442999,
              17.1843201
            ],
            [
              78.6442814,
              17.1842525
            ],
            [
              78.644234,
              17.1842643
            ],
            [
              78.64424243319694,
              17.184294949683505
            ],
            [
              78.64428733225152,
              17.184323235294546
            ],
            [
              78.6442999,
              17.1843201
            ]
          ]
        ]
      }
    },
    {
      "type": "Feature",
      "id": "osm-way-602023225",
      "properties": {
        "kind": "building",
        "name": null,
        "osm_id": "602023225",
        "tags": {
          "building": "yes"
        }
      },
      "geometry": {
        "type": "Polygon",
        "coordinates": [
          [
            [
              78.6443552,
              17.1843153
            ],
            [
              78.6442975956878,
              17.18432970107805
            ],
            [
              78.64437194040973,
              17.184376536939226
            ],
            [
              78.6443552,
              17.1843153
            ]
          ]
        ]
      }
    },
    {
      "type": "Feature",
      "id": "osm-way-602051106",
      "properties": {
        "kind": "building",
        "name": null,
        "osm_id": "602051106",
        "tags": {
          "building": "yes"
        }
      },
      "geometry": {
        "type": "Polygon",
        "coordinates": [
          [
            [
              78.6500902,
              17.1862291
            ],
            [
              78.6501378,
              17.1861082
            ],
            [
              78.6500303,
              17.1860696
            ],
            [
              78.6499826,
              17.1861905
            ],
            [
              78.6500902,
              17.1862291
            ]
          ]
        ]
      }
    },
    {
      "type": "Feature",
      "id": "osm-way-602051110",
      "properties": {
        "kind": "building",
        "name": null,
        "osm_id": "602051110",
        "tags": {
          "building": "yes"
        }
      },
      "geometry": {
        "type": "Polygon",
        "coordinates": [
          [
            [
              78.6500478,
              17.1860265
            ],
            [
              78.6500676,
              17.1859565
            ],
            [
              78.6498956,
              17.1859121
            ],
            [
              78.6498758,
              17.1859821
            ],
            [
              78.6500478,
              17.1860265
            ]
          ]
        ]
      }
    },
    {
      "type": "Feature",
      "id": "osm-way-602051112",
      "properties": {
        "kind": "building",
        "name": null,
        "osm_id": "602051112",
        "tags": {
          "building": "yes"
        }
      },
      "geometry": {
        "type": "Polygon",
        "coordinates": [
          [
            [
              78.6501178,
              17.1858079
            ],
            [
              78.6501301,
              17.1857645
            ],
            [
              78.6500146,
              17.1857347
            ],
            [
              78.6500023,
              17.1857781
            ],
            [
              78.6501178,
              17.1858079
            ]
          ]
        ]
      }
    },
    {
      "type": "Feature",
      "id": "osm-way-602051114",
      "properties": {
        "kind": "building",
        "name": null,
        "osm_id": "602051114",
        "tags": {
          "building": "yes"
        }
      },
      "geometry": {
        "type": "Polygon",
        "coordinates": [
          [
            [
              78.650234,
              17.1858817
            ],
            [
              78.6502759,
              17.1858017
            ],
            [
              78.6501614,
              17.185747
            ],
            [
              78.6501195,
              17.1858269
            ],
            [
              78.650234,
              17.1858817
            ]
          ]
        ]
      }
    },
    {
      "type": "Feature",
      "id": "osm-way-602051116",
      "properties": {
        "kind": "building",
        "name": null,
        "osm_id": "602051116",
        "tags": {
          "building": "yes"
        }
      },
      "geometry": {
        "type": "Polygon",
        "coordinates": [
          [
            [
              78.6502175,
              17.1856077
            ],
            [
              78.6503092,
              17.1853725
            ],
            [
              78.6501584,
              17.1853188
            ],
            [
              78.6500667,
              17.1855539
            ],
            [
              78.6502175,
              17.1856077
            ]
          ]
        ]
      }
    },
    {
      "type": "Feature",
      "id": "osm-way-602051118",
      "properties": {
        "kind": "building",
        "name": null,
        "osm_id": "602051118",
        "tags": {
          "building": "yes"
        }
      },
      "geometry": {
        "type": "Polygon",
        "coordinates": [
          [
            [
              78.6503763,
              17.1855906
            ],
            [
              78.6504787,
              17.1853932
            ],
            [
              78.6503761,
              17.1853446
            ],
            [
              78.6502737,
              17.185542
            ],
            [
              78.6503763,
              17.1855906
            ]
          ]
        ]
      }
    },
    {
      "type": "Feature",
      "id": "osm-way-602051122",
      "properties": {
        "kind": "building",
        "name": null,
        "osm_id": "602051122",
        "tags": {
          "building": "yes"
        }
      },
      "geometry": {
        "type": "Polygon",
        "coordinates": [
          [
            [
              78.6528182,
              17.187895
            ],
            [
              78.6527466,
              17.1878992
            ],
            [
              78.65274970044062,
              17.187946810155943
            ],
            [
              78.652822663829,
              17.187964728087564
            ],
            [
              78.6528182,
              17.187895
            ]
          ]
        ]
      }
    },
    {
      "type": "Feature",
      "id": "osm-way-602051166",
      "properties": {
        "kind": "building",
        "name": null,
        "osm_id": "602051166",
        "tags": {
          "building": "yes"
        }
      },
      "geometry": {
        "type": "Polygon",
        "coordinates": [
          [
            [
              78.652246,
              17.187563
            ],
            [
              78.6522388,
              17.1874684
            ],
            [
              78.6520869,
              17.1874788
            ],
            [
              78.652094,
              17.1875734
            ],
            [
              78.652246,
              17.187563
            ]
          ]
        ]
      }
    },
    {
      "type": "Feature",
      "id": "osm-way-602051168",
      "properties": {
        "kind": "building",
        "name": null,
        "osm_id": "602051168",
        "tags": {
          "building": "yes"
        }
      },
      "geometry": {
        "type": "Polygon",
        "coordinates": [
          [
            [
              78.651907,
              17.1876726
            ],
            [
              78.6519009,
              17.1875914
            ],
            [
              78.6517593,
              17.1876011
            ],
            [
              78.65176537210729,
              17.187681928706795
            ],
            [
              78.65176643248846,
              17.187682229271623
            ],
            [
              78.651907,
              17.1876726
            ]
          ]
        ]
      }
    },
    {
      "type": "Feature",
      "id": "osm-way-602051170",
      "properties": {
        "kind": "building",
        "name": null,
        "osm_id": "602051170",
        "tags": {
          "building": "yes"
        }
      },
      "geometry": {
        "type": "Polygon",
        "coordinates": [
          [
            [
              78.6519076,
              17.1876926
            ],
            [
              78.65182335084275,
              17.187698362767634
            ],
            [
              78.65190987562127,
              17.187722888198603
            ],
            [
              78.6519076,
              17.1876926
            ]
          ]
        ]
      }
    },
    {
      "type": "Feature",
      "id": "osm-way-602051175",
      "properties": {
        "kind": "building",
        "name": null,
        "osm_id": "602051175",
        "tags": {
          "building": "yes"
        }
      },
      "geometry": {
        "type": "Polygon",
        "coordinates": [
          [
            [
              78.6515394,
              17.1873993
            ],
            [
              78.6515374,
              17.1872723
            ],
            [
              78.6514523,
              17.1872735
            ],
            [
              78.6514543,
              17.1874005
            ],
            [
              78.6515394,
              17.1873993
            ]
          ]
        ]
      }
    },
    {
      "type": "Feature",
      "id": "osm-way-602051177",
      "properties": {
        "kind": "building",
        "name": null,
        "osm_id": "602051177",
        "tags": {
          "building": "yes"
        }
      },
      "geometry": {
        "type": "Polygon",
        "coordinates": [
          [
            [
              78.6514434,
              17.1865478
            ],
            [
              78.6514422,
              17.1864729
            ],
            [
              78.6513083,
              17.1864747
            ],
            [
              78.6513095,
              17.1865497
            ],
            [
              78.6514434,
              17.1865478
            ]
          ]
        ]
      }
    },
    {
      "type": "Feature",
      "id": "osm-way-602051179",
      "properties": {
        "kind": "building",
        "name": null,
        "osm_id": "602051179",
        "tags": {
          "building": "yes"
        }
      },
      "geometry": {
        "type": "Polygon",
        "coordinates": [
          [
            [
              78.6516428,
              17.1868941
            ],
            [
              78.6516394,
              17.1866689
            ],
            [
              78.6515286,
              17.1866704
            ],
            [
              78.6515321,
              17.1868957
            ],
            [
              78.6516428,
              17.1868941
            ]
          ]
        ]
      }
    },
    {
      "type": "Feature",
      "id": "osm-way-602051181",
      "properties": {
        "kind": "building",
        "name": null,
        "osm_id": "602051181",
        "tags": {
          "building": "yes"
        }
      },
      "geometry": {
        "type": "Polygon",
        "coordinates": [
          [
            [
              78.6514649,
              17.186885
            ],
            [
              78.6514637,
              17.186806
            ],
            [
              78.6513431,
              17.1868077
            ],
            [
              78.6513443,
              17.1868867
            ],
            [
              78.6514649,
              17.186885
            ]
          ]
        ]
      }
    },
    {
      "type": "Feature",
      "id": "osm-way-602051183",
      "properties": {
        "kind": "building",
        "name": null,
        "osm_id": "602051183",
        "tags": {
          "building": "yes"
        }
      },
      "geometry": {
        "type": "Polygon",
        "coordinates": [
          [
            [
              78.65168,
              17.1870728
            ],
            [
              78.6516783,
              17.1869597
            ],
            [
              78.6514298,
              17.1869632
            ],
            [
              78.6514315,
              17.1870763
            ],
            [
              78.65168,
              17.1870728
            ]
          ]
        ]
      }
    },
    {
      "type": "Feature",
      "id": "osm-way-602051185",
      "properties": {
        "kind": "building",
        "name": null,
        "osm_id": "602051185",
        "tags": {
          "building": "yes"
        }
      },
      "geometry": {
        "type": "Polygon",
        "coordinates": [
          [
            [
              78.651257,
              17.18704
            ],
            [
              78.6512558,
              17.1869648
            ],
            [
              78.6511306,
              17.1869666
            ],
            [
              78.6511318,
              17.1870417
            ],
            [
              78.651257,
              17.18704
            ]
          ]
        ]
      }
    },
    {
      "type": "Feature",
      "id": "osm-way-602051187",
      "properties": {
        "kind": "building",
        "name": null,
        "osm_id": "602051187",
        "tags": {
          "building": "yes"
        }
      },
      "geometry": {
        "type": "Polygon",
        "coordinates": [
          [
            [
              78.6512647,
              17.1871209
            ],
            [
              78.6512635,
              17.1870478
            ],
            [
              78.6511316,
              17.1870496
            ],
            [
              78.6511328,
              17.1871228
            ],
            [
              78.6512647,
              17.1871209
            ]
          ]
        ]
      }
    },
    {
      "type": "Feature",
      "id": "osm-way-602051189",
      "properties": {
        "kind": "building",
        "name": null,
        "osm_id": "602051189",
        "tags": {
          "building": "yes"
        }
      },
      "geometry": {
        "type": "Polygon",
        "coordinates": [
          [
            [
              78.6511258,
              17.1871214
            ],
            [
              78.6511204,
              17.1870494
            ],
            [
              78.6509929,
              17.1870582
            ],
            [
              78.6509983,
              17.1871301
            ],
            [
              78.6511258,
              17.1871214
            ]
          ]
        ]
      }
    },
    {
      "type": "Feature",
      "id": "osm-way-602051192",
      "properties": {
        "kind": "building",
        "name": null,
        "osm_id": "602051192",
        "tags": {
          "building": "yes"
        }
      },
      "geometry": {
        "type": "Polygon",
        "coordinates": [
          [
            [
              78.6512747,
              17.1872786
            ],
            [
              78.6512692,
              17.1872057
            ],
            [
              78.6511363,
              17.1872149
            ],
            [
              78.6511418,
              17.1872877
            ],
            [
              78.6512747,
              17.1872786
            ]
          ]
        ]
      }
    },
    {
      "type": "Feature",
      "id": "osm-way-602051195",
      "properties": {
        "kind": "building",
        "name": null,
        "osm_id": "602051195",
        "tags": {
          "building": "yes"
        }
      },
      "geometry": {
        "type": "Polygon",
        "coordinates": [
          [
            [
              78.651271,
              17.1873538
            ],
            [
              78.6512665,
              17.1872941
            ],
            [
              78.6511467,
              17.1873024
            ],
            [
              78.6511512,
              17.187362
            ],
            [
              78.651271,
              17.1873538
            ]
          ]
        ]
      }
    },
    {
      "type": "Feature",
      "id": "osm-way-602051198",
      "properties": {
        "kind": "building",
        "name": null,
        "osm_id": "602051198",
        "tags": {
          "building": "yes"
        }
      },
      "geometry": {
        "type": "Polygon",
        "coordinates": [
          [
            [
              78.651275,
              17.1874487
            ],
            [
              78.6512692,
              17.1873723
            ],
            [
              78.6511508,
              17.1873804
            ],
            [
              78.6511566,
              17.1874568
            ],
            [
              78.651275,
              17.1874487
            ]
          ]
        ]
      }
    },
    {
      "type": "Feature",
      "id": "osm-way-602051201",
      "properties": {
        "kind": "building",
        "name": null,
        "osm_id": "602051201",
        "tags": {
          "building": "yes"
        }
      },
      "geometry": {
        "type": "Polygon",
        "coordinates": [
          [
            [
              78.6511292,
              17.1873622
            ],
            [
              78.6510068,
              17.1873706
            ],
            [
              78.65101311549545,
              17.18745449809035
            ],
            [
              78.65105161403248,
              17.18746690086213
            ],
            [
              78.65113920538509,
              17.187493980328455
            ],
            [
              78.6511292,
              17.1873622
            ]
          ]
        ]
      }
    },
    {
      "type": "Feature",
      "id": "osm-way-602051204",
      "properties": {
        "kind": "building",
        "name": null,
        "osm_id": "602051204",
        "tags": {
          "building": "yes"
        }
      },
      "geometry": {
        "type": "Polygon",
        "coordinates": [
          [
            [
              78.6507288,
              17.1873082
            ],
            [
              78.6506461,
              17.1873139
            ],
            [
              78.65064775052011,
              17.18733580113219
            ],
            [
              78.650723260297,
              17.187361117714055
            ],
            [
              78.65073302507969,
              17.18736426355752
            ],
            [
              78.6507288,
              17.1873082
            ]
          ]
        ]
      }
    },
    {
      "type": "Feature",
      "id": "osm-way-602051207",
      "properties": {
        "kind": "building",
        "name": null,
        "osm_id": "602051207",
        "tags": {
          "building": "yes"
        }
      },
      "geometry": {
        "type": "Polygon",
        "coordinates": [
          [
            [
              78.6509541,
              17.1873992
            ],
            [
              78.65086129394899,
              17.187405586933284
            ],
            [
              78.65095691455036,
              17.187436392272588
            ],
            [
              78.6509541,
              17.1873992
            ]
          ]
        ]
      }
    },
    {
      "type": "Feature",
      "id": "osm-way-602051211",
      "properties": {
        "kind": "building",
        "name": null,
        "osm_id": "602051211",
        "tags": {
          "building": "yes"
        }
      },
      "geometry": {
        "type": "Polygon",
        "coordinates": [
          [
            [
              78.6509286,
              17.1873903
            ],
            [
              78.6509244,
              17.1873147
            ],
            [
              78.6507938,
              17.1873214
            ],
            [
              78.65079733703618,
              17.18738498243622
            ],
            [
              78.65082940338114,
              17.187395312999115
            ],
            [
              78.6509286,
              17.1873903
            ]
          ]
        ]
      }
    },
    {
      "type": "Feature",
      "id": "osm-way-602051215",
      "properties": {
        "kind": "building",
        "name": null,
        "osm_id": "602051215",
        "tags": {
          "building": "yes"
        }
      },
      "geometry": {
        "type": "Polygon",
        "coordinates": [
          [
            [
              78.6509453,
              17.1872299
            ],
            [
              78.6509412,
              17.1871466
            ],
            [
              78.6507918,
              17.1871532
            ],
            [
              78.6507958,
              17.1872365
            ],
            [
              78.6509453,
              17.1872299
            ]
          ]
        ]
      }
    },
    {
      "type": "Feature",
      "id": "osm-way-602051219",
      "properties": {
        "kind": "building",
        "name": null,
        "osm_id": "602051219",
        "tags": {
          "building": "yes"
        }
      },
      "geometry": {
        "type": "Polygon",
        "coordinates": [
          [
            [
              78.6507495,
              17.1872396
            ],
            [
              78.6507422,
              17.1870853
            ],
            [
              78.6506356,
              17.1870899
            ],
            [
              78.6506429,
              17.1872442
            ],
            [
              78.6507495,
              17.1872396
            ]
          ]
        ]
      }
    },
    {
      "type": "Feature",
      "id": "osm-way-602051222",
      "properties": {
        "kind": "building",
        "name": null,
        "osm_id": "602051222",
        "tags": {
          "building": "yes"
        }
      },
      "geometry": {
        "type": "Polygon",
        "coordinates": [
          [
            [
              78.6506258,
              17.1870737
            ],
            [
              78.6507878,
              17.1870667
            ],
            [
              78.6507825,
              17.1869547
            ],
            [
              78.6506205,
              17.1869616
            ],
            [
              78.6506258,
              17.1870737
            ]
          ]
        ]
      }
    },
    {
      "type": "Feature",
      "id": "osm-way-602051224",
      "properties": {
        "kind": "building",
        "name": null,
        "osm_id": "602051224",
        "tags": {
          "building": "yes"
        }
      },
      "geometry": {
        "type": "Polygon",
        "coordinates": [
          [
            [
              78.6507667,
              17.18686
            ],
            [
              78.6507642,
              17.1868068
            ],
            [
              78.6506062,
              17.1868137
            ],
            [
              78.6506087,
              17.1868669
            ],
            [
              78.6507667,
              17.18686
            ]
          ]
        ]
      }
    },
    {
      "type": "Feature",
      "id": "osm-way-602051227",
      "properties": {
        "kind": "building",
        "name": null,
        "osm_id": "602051227",
        "tags": {
          "building": "yes"
        }
      },
      "geometry": {
        "type": "Polygon",
        "coordinates": [
          [
            [
              78.650771,
              17.1869411
            ],
            [
              78.6507677,
              17.1868706
            ],
            [
              78.6506189,
              17.1868769
            ],
            [
              78.6506222,
              17.1869476
            ],
            [
              78.650771,
              17.1869411
            ]
          ]
        ]
      }
    },
    {
      "type": "Feature",
      "id": "osm-way-602051230",
      "properties": {
        "kind": "building",
        "name": null,
        "osm_id": "602051230",
        "tags": {
          "building": "yes"
        }
      },
      "geometry": {
        "type": "Polygon",
        "coordinates": [
          [
            [
              78.6506771,
              17.1868017
            ],
            [
              78.6506737,
              17.1867296
            ],
            [
              78.6506047,
              17.1867325
            ],
            [
              78.6506081,
              17.1868047
            ],
            [
              78.6506771,
              17.1868017
            ]
          ]
        ]
      }
    },
    {
      "type": "Feature",
      "id": "osm-way-602051233",
      "properties": {
        "kind": "building",
        "name": null,
        "osm_id": "602051233",
        "tags": {
          "building": "yes"
        }
      },
      "geometry": {
        "type": "Polygon",
        "coordinates": [
          [
            [
              78.6507661,
              17.1867017
            ],
            [
              78.6507625,
              17.1866242
            ],
            [
              78.6506017,
              17.1866311
            ],
            [
              78.6506054,
              17.1867086
            ],
            [
              78.6507661,
              17.1867017
            ]
          ]
        ]
      }
    },
    {
      "type": "Feature",
      "id": "osm-way-602051236",
      "properties": {
        "kind": "building",
        "name": null,
        "osm_id": "602051236",
        "tags": {
          "building": "yes"
        }
      },
      "geometry": {
        "type": "Polygon",
        "coordinates": [
          [
            [
              78.6508923,
              17.1865724
            ],
            [
              78.6508884,
              17.1864882
            ],
            [
              78.6507597,
              17.1864938
            ],
            [
              78.6507636,
              17.1865779
            ],
            [
              78.6508923,
              17.1865724
            ]
          ]
        ]
      }
    },
    {
      "type": "Feature",
      "id": "osm-way-602051240",
      "properties": {
        "kind": "building",
        "name": null,
        "osm_id": "602051240",
        "tags": {
          "building": "yes"
        }
      },
      "geometry": {
        "type": "Polygon",
        "coordinates": [
          [
            [
              78.6506678,
              17.1865989
            ],
            [
              78.6506617,
              17.186469
            ],
            [
              78.6505832,
              17.1864724
            ],
            [
              78.6505893,
              17.1866023
            ],
            [
              78.6506678,
              17.1865989
            ]
          ]
        ]
      }
    },
    {
      "type": "Feature",
      "id": "osm-way-602051243",
      "properties": {
        "kind": "building",
        "name": null,
        "osm_id": "602051243",
        "tags": {
          "building": "yes"
        }
      },
      "geometry": {
        "type": "Polygon",
        "coordinates": [
          [
            [
              78.6514179,
              17.1863049
            ],
            [
              78.6514141,
              17.186223
            ],
            [
              78.6512935,
              17.1862282
            ],
            [
              78.6512974,
              17.1863101
            ],
            [
              78.6514179,
              17.1863049
            ]
          ]
        ]
      }
    },
    {
      "type": "Feature",
      "id": "osm-way-602051246",
      "properties": {
        "kind": "building",
        "name": null,
        "osm_id": "602051246",
        "tags": {
          "building": "yes"
        }
      },
      "geometry": {
        "type": "Polygon",
        "coordinates": [
          [
            [
              78.650807,
              17.1862581
            ],
            [
              78.6508227,
              17.1862574
            ],
            [
              78.6508196,
              17.1861903
            ],
            [
              78.6507564,
              17.186193
            ],
            [
              78.6507428,
              17.1861936
            ],
            [
              78.650746,
              17.1862608
            ],
            [
              78.650807,
              17.1862581
            ]
          ]
        ]
      }
    },
    {
      "type": "Feature",
      "id": "osm-way-602051249",
      "properties": {
        "kind": "building",
        "name": null,
        "osm_id": "602051249",
        "tags": {
          "building": "yes"
        }
      },
      "geometry": {
        "type": "Polygon",
        "coordinates": [
          [
            [
              78.6507011,
              17.1862706
            ],
            [
              78.6507338,
              17.1861357
            ],
            [
              78.6506662,
              17.1861208
            ],
            [
              78.6506336,
              17.1862556
            ],
            [
              78.6507011,
              17.1862706
            ]
          ]
        ]
      }
    },
    {
      "type": "Feature",
      "id": "osm-way-602051252",
      "properties": {
        "kind": "building",
        "name": null,
        "osm_id": "602051252",
        "tags": {
          "building": "yes"
        }
      },
      "geometry": {
        "type": "Polygon",
        "coordinates": [
          [
            [
              78.6506277,
              17.1862568
            ],
            [
              78.6506612,
              17.1861183
            ],
            [
              78.6505937,
              17.1861034
            ],
            [
              78.6505601,
              17.1862419
            ],
            [
              78.6506277,
              17.1862568
            ]
          ]
        ]
      }
    },
    {
      "type": "Feature",
      "id": "osm-way-602051255",
      "properties": {
        "kind": "building",
        "name": null,
        "osm_id": "602051255",
        "tags": {
          "building": "yes"
        }
      },
      "geometry": {
        "type": "Polygon",
        "coordinates": [
          [
            [
              78.6507446,
              17.1864064
            ],
            [
              78.6507395,
              17.1862973
            ],
            [
              78.6505654,
              17.1863048
            ],
            [
              78.6505705,
              17.1864139
            ],
            [
              78.6507446,
              17.1864064
            ]
          ]
        ]
      }
    },
    {
      "type": "Feature",
      "id": "osm-way-602051258",
      "properties": {
        "kind": "building",
        "name": null,
        "osm_id": "602051258",
        "tags": {
          "building": "yes"
        }
      },
      "geometry": {
        "type": "Polygon",
        "coordinates": [
          [
            [
              78.6508747,
              17.18627
            ],
            [
              78.6507464,
              17.1862755
            ],
            [
              78.650754,
              17.1864381
            ],
            [
              78.6508824,
              17.1864325
            ],
            [
              78.6508747,
              17.18627
            ]
          ]
        ]
      }
    },
    {
      "type": "Feature",
      "id": "osm-way-602051261",
      "properties": {
        "kind": "building",
        "name": null,
        "osm_id": "602051261",
        "tags": {
          "building": "yes"
        }
      },
      "geometry": {
        "type": "Polygon",
        "coordinates": [
          [
            [
              78.6505041,
              17.1862301
            ],
            [
              78.6505189,
              17.1861746
            ],
            [
              78.6503895,
              17.1861432
            ],
            [
              78.6503747,
              17.1861987
            ],
            [
              78.6505041,
              17.1862301
            ]
          ]
        ]
      }
    },
    {
      "type": "Feature",
      "id": "osm-way-602051264",
      "properties": {
        "kind": "building",
        "name": null,
        "osm_id": "602051264",
        "tags": {
          "building": "yes"
        }
      },
      "geometry": {
        "type": "Polygon",
        "coordinates": [
          [
            [
              78.6504665,
              17.1863435
            ],
            [
              78.6504914,
              17.1862499
            ],
            [
              78.6503486,
              17.1862153
            ],
            [
              78.6503237,
              17.1863089
            ],
            [
              78.6504665,
              17.1863435
            ]
          ]
        ]
      }
    },
    {
      "type": "Feature",
      "id": "osm-way-602051267",
      "properties": {
        "kind": "building",
        "name": null,
        "osm_id": "602051267",
        "tags": {
          "building": "yes"
        }
      },
      "geometry": {
        "type": "Polygon",
        "coordinates": [
          [
            [
              78.6505836,
              17.1857676
            ],
            [
              78.6506121,
              17.1856606
            ],
            [
              78.6505829,
              17.1856535
            ],
            [
              78.6505544,
              17.1857605
            ],
            [
              78.6505836,
              17.1857676
            ]
          ]
        ]
      }
    },
    {
      "type": "Feature",
      "id": "osm-way-602051270",
      "properties": {
        "kind": "building",
        "name": null,
        "osm_id": "602051270",
        "tags": {
          "building": "yes"
        }
      },
      "geometry": {
        "type": "Polygon",
        "coordinates": [
          [
            [
              78.6505441,
              17.1857306
            ],
            [
              78.6505651,
              17.1856516
            ],
            [
              78.6504561,
              17.1856251
            ],
            [
              78.6504351,
              17.1857041
            ],
            [
              78.6505441,
              17.1857306
            ]
          ]
        ]
      }
    },
    {
      "type": "Feature",
      "id": "osm-way-602051273",
      "properties": {
        "kind": "building",
        "name": null,
        "osm_id": "602051273",
        "tags": {
          "building": "yes"
        }
      },
      "geometry": {
        "type": "Polygon",
        "coordinates": [
          [
            [
              78.6505121,
              17.1858425
            ],
            [
              78.650537,
              17.185749
            ],
            [
              78.6503996,
              17.1857156
            ],
            [
              78.6503747,
              17.1858092
            ],
            [
              78.6505121,
              17.1858425
            ]
          ]
        ]
      }
    },
    {
      "type": "Feature",
      "id": "osm-way-602051276",
      "properties": {
        "kind": "building",
        "name": null,
        "osm_id": "602051276",
        "tags": {
          "building": "yes"
        }
      },
      "geometry": {
        "type": "Polygon",
        "coordinates": [
          [
            [
              78.6504715,
              17.1859562
            ],
            [
              78.6504993,
              17.1858514
            ],
            [
              78.6503517,
              17.1858156
            ],
            [
              78.6503239,
              17.1859203
            ],
            [
              78.6504715,
              17.1859562
            ]
          ]
        ]
      }
    },
    {
      "type": "Feature",
      "id": "osm-way-602051280",
      "properties": {
        "kind": "building",
        "name": null,
        "osm_id": "602051280",
        "tags": {
          "building": "yes"
        }
      },
      "geometry": {
        "type": "Polygon",
        "coordinates": [
          [
            [
              78.6507497,
              17.1860353
            ],
            [
              78.6507462,
              17.1859719
            ],
            [
              78.6506837,
              17.1859751
            ],
            [
              78.6506872,
              17.1860385
            ],
            [
              78.6507497,
              17.1860353
            ]
          ]
        ]
      }
    },
    {
      "type": "Feature",
      "id": "osm-way-602051282",
      "properties": {
        "kind": "building",
        "name": null,
        "osm_id": "602051282",
        "tags": {
          "building": "yes"
        }
      },
      "geometry": {
        "type": "Polygon",
        "coordinates": [
          [
            [
              78.6507252,
              17.1859563
            ],
            [
              78.6507221,
              17.1858989
            ],
            [
              78.6506679,
              17.1859016
            ],
            [
              78.6506711,
              17.1859591
            ],
            [
              78.6507252,
              17.1859563
            ]
          ]
        ]
      }
    },
    {
      "type": "Feature",
      "id": "osm-way-602051285",
      "properties": {
        "kind": "building",
        "name": null,
        "osm_id": "602051285",
        "tags": {
          "building": "yes"
        }
      },
      "geometry": {
        "type": "Polygon",
        "coordinates": [
          [
            [
              78.6508501,
              17.1858472
            ],
            [
              78.6508454,
              17.1857631
            ],
            [
              78.6507107,
              17.1857699
            ],
            [
              78.6507153,
              17.185854
            ],
            [
              78.6508501,
              17.1858472
            ]
          ]
        ]
      }
    },
    {
      "type": "Feature",
      "id": "osm-way-602051291",
      "properties": {
        "kind": "building",
        "name": null,
        "osm_id": "602051291",
        "tags": {
          "building": "yes"
        }
      },
      "geometry": {
        "type": "Polygon",
        "coordinates": [
          [
            [
              78.6512276,
              17.1863196
            ],
            [
              78.6512253,
              17.1862783
            ],
            [
              78.6511091,
              17.1862842
            ],
            [
              78.6511114,
              17.1863255
            ],
            [
              78.6512276,
              17.1863196
            ]
          ]
        ]
      }
    },
    {
      "type": "Feature",
      "id": "osm-way-602051294",
      "properties": {
        "kind": "building",
        "name": null,
        "osm_id": "602051294",
        "tags": {
          "building": "yes"
        }
      },
      "geometry": {
        "type": "Polygon",
        "coordinates": [
          [
            [
              78.6512304,
              17.1864011
            ],
            [
              78.6512263,
              17.1863281
            ],
            [
              78.6511002,
              17.1863345
            ],
            [
              78.6511043,
              17.1864075
            ],
            [
              78.6512304,
              17.1864011
            ]
          ]
        ]
      }
    },
    {
      "type": "Feature",
      "id": "osm-way-602051296",
      "properties": {
        "kind": "building",
        "name": null,
        "osm_id": "602051296",
        "tags": {
          "building": "yes"
        }
      },
      "geometry": {
        "type": "Polygon",
        "coordinates": [
          [
            [
              78.6511118,
              17.1861595
            ],
            [
              78.651107,
              17.1860731
            ],
            [
              78.6509667,
              17.1860802
            ],
            [
              78.6509715,
              17.1861666
            ],
            [
              78.6511118,
              17.1861595
            ]
          ]
        ]
      }
    },
    {
      "type": "Feature",
      "id": "osm-way-602051299",
      "properties": {
        "kind": "building",
        "name": null,
        "osm_id": "602051299",
        "tags": {
          "building": "yes"
        }
      },
      "geometry": {
        "type": "Polygon",
        "coordinates": [
          [
            [
              78.6515977,
              17.1860586
            ],
            [
              78.6515923,
              17.1859613
            ],
            [
              78.6514758,
              17.1859672
            ],
            [
              78.6514812,
              17.1860645
            ],
            [
              78.6515977,
              17.1860586
            ]
          ]
        ]
      }
    },
    {
      "type": "Feature",
      "id": "osm-way-602051303",
      "properties": {
        "kind": "building",
        "name": null,
        "osm_id": "602051303",
        "tags": {
          "building": "yes"
        }
      },
      "geometry": {
        "type": "Polygon",
        "coordinates": [
          [
            [
              78.6511968,
              17.1859078
            ],
            [
              78.6511968,
              17.1858207
            ],
            [
              78.6510774,
              17.1858207
            ],
            [
              78.6510774,
              17.1859078
            ],
            [
              78.6511968,
              17.1859078
            ]
          ]
        ]
      }
    },
    {
      "type": "Feature",
      "id": "osm-way-602051305",
      "properties": {
        "kind": "building",
        "name": null,
        "osm_id": "602051305",
        "tags": {
          "building": "yes"
        }
      },
      "geometry": {
        "type": "Polygon",
        "coordinates": [
          [
            [
              78.651398,
              17.1858169
            ],
            [
              78.651398,
              17.1857631
            ],
            [
              78.6512759,
              17.1857631
            ],
            [
              78.6512759,
              17.1858169
            ],
            [
              78.651398,
              17.1858169
            ]
          ]
        ]
      }
    },
    {
      "type": "Feature",
      "id": "osm-way-602051308",
      "properties": {
        "kind": "building",
        "name": null,
        "osm_id": "602051308",
        "tags": {
          "building": "yes"
        }
      },
      "geometry": {
        "type": "Polygon",
        "coordinates": [
          [
            [
              78.6515557,
              17.1858293
            ],
            [
              78.6515503,
              17.1857473
            ],
            [
              78.6514583,
              17.1857528
            ],
            [
              78.6514637,
              17.1858348
            ],
            [
              78.6515557,
              17.1858293
            ]
          ]
        ]
      }
    },
    {
      "type": "Feature",
      "id": "osm-way-602051311",
      "properties": {
        "kind": "building",
        "name": null,
        "osm_id": "602051311",
        "tags": {
          "building": "yes"
        }
      },
      "geometry": {
        "type": "Polygon",
        "coordinates": [
          [
            [
              78.6516815,
              17.18566
            ],
            [
              78.6516742,
              17.1855696
            ],
            [
              78.6515611,
              17.1855778
            ],
            [
              78.6515683,
              17.1856682
            ],
            [
              78.6516815,
              17.18566
            ]
          ]
        ]
      }
    },
    {
      "type": "Feature",
      "id": "osm-way-602051313",
      "properties": {
        "kind": "building",
        "name": null,
        "osm_id": "602051313",
        "tags": {
          "building": "yes"
        }
      },
      "geometry": {
        "type": "Polygon",
        "coordinates": [
          [
            [
              78.6515473,
              17.1856731
            ],
            [
              78.6515388,
              17.185567
            ],
            [
              78.6514472,
              17.1855737
            ],
            [
              78.6514556,
              17.1856798
            ],
            [
              78.6515473,
              17.1856731
            ]
          ]
        ]
      }
    },
    {
      "type": "Feature",
      "id": "osm-way-602051315",
      "properties": {
        "kind": "building",
        "name": null,
        "osm_id": "602051315",
        "tags": {
          "building": "yes"
        }
      },
      "geometry": {
        "type": "Polygon",
        "coordinates": [
          [
            [
              78.6510633,
              17.1855643
            ],
            [
              78.6510587,
              17.1855068
            ],
            [
              78.6509334,
              17.1855159
            ],
            [
              78.650938,
              17.1855734
            ],
            [
              78.6510633,
              17.1855643
            ]
          ]
        ]
      }
    },
    {
      "type": "Feature",
      "id": "osm-way-602051318",
      "properties": {
        "kind": "building",
        "name": null,
        "osm_id": "602051318",
        "tags": {
          "building": "yes"
        }
      },
      "geometry": {
        "type": "Polygon",
        "coordinates": [
          [
            [
              78.651085,
              17.185675
            ],
            [
              78.6510773,
              17.1855789
            ],
            [
              78.6509277,
              17.1855898
            ],
            [
              78.6509354,
              17.1856858
            ],
            [
              78.651085,
              17.185675
            ]
          ]
        ]
      }
    },
    {
      "type": "Feature",
      "id": "osm-way-602051320",
      "properties": {
        "kind": "building",
        "name": null,
        "osm_id": "602051320",
        "tags": {
          "building": "yes"
        }
      },
      "geometry": {
        "type": "Polygon",
        "coordinates": [
          [
            [
              78.6503685,
              17.1843682
            ],
            [
              78.6504069,
              17.1842807
            ],
            [
              78.6501046,
              17.1841598
            ],
            [
              78.6500663,
              17.1842474
            ],
            [
              78.6503685,
              17.1843682
            ]
          ]
        ]
      }
    },
    {
      "type": "Feature",
      "id": "osm-way-602051323",
      "properties": {
        "kind": "building",
        "name": null,
        "osm_id": "602051323",
        "tags": {
          "building": "yes"
        }
      },
      "geometry": {
        "type": "Polygon",
        "coordinates": [
          [
            [
              78.6502142,
              17.184437
            ],
            [
              78.650255,
              17.1843438
            ],
            [
              78.6500052,
              17.1842438
            ],
            [
              78.6499643,
              17.184337
            ],
            [
              78.6502142,
              17.184437
            ]
          ]
        ]
      }
    },
    {
      "type": "Feature",
      "id": "osm-way-602051326",
      "properties": {
        "kind": "building",
        "name": null,
        "osm_id": "602051326",
        "tags": {
          "building": "yes"
        }
      },
      "geometry": {
        "type": "Polygon",
        "coordinates": [
          [
            [
              78.6535175,
              17.1855061
            ],
            [
              78.6535008,
              17.1854082
            ],
            [
              78.6533889,
              17.1854255
            ],
            [
              78.6534056,
              17.1855235
            ],
            [
              78.6535175,
              17.1855061
            ]
          ]
        ]
      }
    },
    {
      "type": "Feature",
      "id": "osm-way-602051329",
      "properties": {
        "kind": "building",
        "name": null,
        "osm_id": "602051329",
        "tags": {
          "building": "yes"
        }
      },
      "geometry": {
        "type": "Polygon",
        "coordinates": [
          [
            [
              78.6533396,
              17.1851765
            ],
            [
              78.6533251,
              17.1850917
            ],
            [
              78.6532276,
              17.1851068
            ],
            [
              78.653242,
              17.1851916
            ],
            [
              78.6533396,
              17.1851765
            ]
          ]
        ]
      }
    },
    {
      "type": "Feature",
      "id": "osm-way-602051332",
      "properties": {
        "kind": "building",
        "name": null,
        "osm_id": "602051332",
        "tags": {
          "building": "yes"
        }
      },
      "geometry": {
        "type": "Polygon",
        "coordinates": [
          [
            [
              78.6534674,
              17.1852253
            ],
            [
              78.6534512,
              17.1851301
            ],
            [
              78.6533465,
              17.1851464
            ],
            [
              78.6533627,
              17.1852416
            ],
            [
              78.6534674,
              17.1852253
            ]
          ]
        ]
      }
    },
    {
      "type": "Feature",
      "id": "osm-way-602051334",
      "properties": {
        "kind": "building",
        "name": null,
        "osm_id": "602051334",
        "tags": {
          "building": "yes"
        }
      },
      "geometry": {
        "type": "Polygon",
        "coordinates": [
          [
            [
              78.6536578,
              17.1851974
            ],
            [
              78.6536429,
              17.1851098
            ],
            [
              78.6536108,
              17.1851148
            ],
            [
              78.6535235,
              17.1851283
            ],
            [
              78.6535384,
              17.185216
            ],
            [
              78.6536578,
              17.1851974
            ]
          ]
        ]
      }
    },
    {
      "type": "Feature",
      "id": "osm-way-602051337",
      "properties": {
        "kind": "building",
        "name": null,
        "osm_id": "602051337",
        "tags": {
          "building": "yes"
        }
      },
      "geometry": {
        "type": "Polygon",
        "coordinates": [
          [
            [
              78.6542167,
              17.1850837
            ],
            [
              78.6542009,
              17.1849905
            ],
            [
              78.6540751,
              17.18501
            ],
            [
              78.6540909,
              17.1851032
            ],
            [
              78.6542167,
              17.1850837
            ]
          ]
        ]
      }
    },
    {
      "type": "Feature",
      "id": "osm-way-602051339",
      "properties": {
        "kind": "building",
        "name": null,
        "osm_id": "602051339",
        "tags": {
          "building": "yes"
        }
      },
      "geometry": {
        "type": "Polygon",
        "coordinates": [
          [
            [
              78.653728,
              17.1853712
            ],
            [
              78.6537127,
              17.1852811
            ],
            [
              78.6536687,
              17.1852879
            ],
            [
              78.6536841,
              17.185378
            ],
            [
              78.653728,
              17.1853712
            ]
          ]
        ]
      }
    },
    {
      "type": "Feature",
      "id": "osm-way-602051342",
      "properties": {
        "kind": "building",
        "name": null,
        "osm_id": "602051342",
        "tags": {
          "building": "yes"
        }
      },
      "geometry": {
        "type": "Polygon",
        "coordinates": [
          [
            [
              78.6542264,
              17.1856758
            ],
            [
              78.6542183,
              17.1855542
            ],
            [
              78.6541253,
              17.1855599
            ],
            [
              78.6541334,
              17.1856815
            ],
            [
              78.6542264,
              17.1856758
            ]
          ]
        ]
      }
    },
    {
      "type": "Feature",
      "id": "osm-way-602051345",
      "properties": {
        "kind": "building",
        "name": null,
        "osm_id": "602051345",
        "tags": {
          "building": "yes"
        }
      },
      "geometry": {
        "type": "Polygon",
        "coordinates": [
          [
            [
              78.6539499,
              17.1856135
            ],
            [
              78.6539426,
              17.1855046
            ],
            [
              78.6538428,
              17.1855107
            ],
            [
              78.6538501,
              17.1856196
            ],
            [
              78.6539499,
              17.1856135
            ]
          ]
        ]
      }
    },
    {
      "type": "Feature",
      "id": "osm-way-602051347",
      "properties": {
        "kind": "building",
        "name": null,
        "osm_id": "602051347",
        "tags": {
          "building": "yes"
        }
      },
      "geometry": {
        "type": "Polygon",
        "coordinates": [
          [
            [
              78.6536053,
              17.1856702
            ],
            [
              78.6535972,
              17.185587
            ],
            [
              78.6535035,
              17.1855952
            ],
            [
              78.6535116,
              17.1856785
            ],
            [
              78.6536053,
              17.1856702
            ]
          ]
        ]
      }
    },
    {
      "type": "Feature",
      "id": "osm-way-602051349",
      "properties": {
        "kind": "building",
        "name": null,
        "osm_id": "602051349",
        "tags": {
          "building": "yes"
        }
      },
      "geometry": {
        "type": "Polygon",
        "coordinates": [
          [
            [
              78.6536196,
              17.1857954
            ],
            [
              78.6536062,
              17.1856839
            ],
            [
              78.6535156,
              17.1856939
            ],
            [
              78.653529,
              17.1858053
            ],
            [
              78.6536196,
              17.1857954
            ]
          ]
        ]
      }
    },
    {
      "type": "Feature",
      "id": "osm-way-602051351",
      "properties": {
        "kind": "building",
        "name": null,
        "osm_id": "602051351",
        "tags": {
          "building": "yes"
        }
      },
      "geometry": {
        "type": "Polygon",
        "coordinates": [
          [
            [
              78.6537586,
              17.1860157
            ],
            [
              78.6537425,
              17.1859388
            ],
            [
              78.6536564,
              17.1859552
            ],
            [
              78.6536725,
              17.1860321
            ],
            [
              78.6537586,
              17.1860157
            ]
          ]
        ]
      }
    },
    {
      "type": "Feature",
      "id": "osm-way-602051353",
      "properties": {
        "kind": "building",
        "name": null,
        "osm_id": "602051353",
        "tags": {
          "building": "yes"
        }
      },
      "geometry": {
        "type": "Polygon",
        "coordinates": [
          [
            [
              78.6536723,
              17.1860815
            ],
            [
              78.6536442,
              17.1859701
            ],
            [
              78.6535585,
              17.1859898
            ],
            [
              78.6535867,
              17.1861013
            ],
            [
              78.6536723,
              17.1860815
            ]
          ]
        ]
      }
    },
    {
      "type": "Feature",
      "id": "osm-way-602051354",
      "properties": {
        "kind": "building",
        "name": null,
        "osm_id": "602051354",
        "tags": {
          "building": "yes"
        }
      },
      "geometry": {
        "type": "Polygon",
        "coordinates": [
          [
            [
              78.6543809,
              17.1859445
            ],
            [
              78.6543621,
              17.1858318
            ],
            [
              78.6542746,
              17.1858451
            ],
            [
              78.6542934,
              17.1859578
            ],
            [
              78.6543809,
              17.1859445
            ]
          ]
        ]
      }
    },
    {
      "type": "Feature",
      "id": "osm-way-602051356",
      "properties": {
        "kind": "building",
        "name": null,
        "osm_id": "602051356",
        "tags": {
          "building": "yes"
        }
      },
      "geometry": {
        "type": "Polygon",
        "coordinates": [
          [
            [
              78.6542689,
              17.1861115
            ],
            [
              78.6542461,
              17.1860257
            ],
            [
              78.6541244,
              17.1860552
            ],
            [
              78.6541472,
              17.186141
            ],
            [
              78.6542689,
              17.1861115
            ]
          ]
        ]
      }
    },
    {
      "type": "Feature",
      "id": "osm-way-602051358",
      "properties": {
        "kind": "building",
        "name": null,
        "osm_id": "602051358",
        "tags": {
          "building": "yes"
        }
      },
      "geometry": {
        "type": "Polygon",
        "coordinates": [
          [
            [
              78.6543807,
              17.186672
            ],
            [
              78.6543593,
              17.1865901
            ],
            [
              78.6542438,
              17.1866176
            ],
            [
              78.6542653,
              17.1866996
            ],
            [
              78.6543807,
              17.186672
            ]
          ]
        ]
      }
    },
    {
      "type": "Feature",
      "id": "osm-way-602051364",
      "properties": {
        "kind": "building",
        "name": null,
        "osm_id": "602051364",
        "tags": {
          "building": "yes"
        }
      },
      "geometry": {
        "type": "Polygon",
        "coordinates": [
          [
            [
              78.6540654,
              17.1866766
            ],
            [
              78.6540426,
              17.186569
            ],
            [
              78.653824,
              17.1866112
            ],
            [
              78.6538468,
              17.1867189
            ],
            [
              78.6540654,
              17.1866766
            ]
          ]
        ]
      }
    },
    {
      "type": "Feature",
      "id": "osm-way-602051365",
      "properties": {
        "kind": "building",
        "name": null,
        "osm_id": "602051365",
        "tags": {
          "building": "yes"
        }
      },
      "geometry": {
        "type": "Polygon",
        "coordinates": [
          [
            [
              78.6540989,
              17.1867996
            ],
            [
              78.654073,
              17.1866855
            ],
            [
              78.6538472,
              17.1867323
            ],
            [
              78.6538731,
              17.1868464
            ],
            [
              78.6540989,
              17.1867996
            ]
          ]
        ]
      }
    },
    {
      "type": "Feature",
      "id": "osm-way-602051366",
      "properties": {
        "kind": "building",
        "name": null,
        "osm_id": "602051366",
        "tags": {
          "building": "yes"
        }
      },
      "geometry": {
        "type": "Polygon",
        "coordinates": [
          [
            [
              78.6541049,
              17.1870015
            ],
            [
              78.6540915,
              17.1868785
            ],
            [
              78.6539702,
              17.1868905
            ],
            [
              78.6539836,
              17.1870135
            ],
            [
              78.6541049,
              17.1870015
            ]
          ]
        ]
      }
    },
    {
      "type": "Feature",
      "id": "osm-way-602051367",
      "properties": {
        "kind": "building",
        "name": null,
        "osm_id": "602051367",
        "tags": {
          "building": "yes"
        }
      },
      "geometry": {
        "type": "Polygon",
        "coordinates": [
          [
            [
              78.6538256,
              17.1870507
            ],
            [
              78.6538169,
              17.1869299
            ],
            [
              78.6537,
              17.1869376
            ],
            [
              78.6537087,
              17.1870584
            ],
            [
              78.6538256,
              17.1870507
            ]
          ]
        ]
      }
    },
    {
      "type": "Feature",
      "id": "osm-way-602051368",
      "properties": {
        "kind": "building",
        "name": null,
        "osm_id": "602051368",
        "tags": {
          "building": "yes"
        }
      },
      "geometry": {
        "type": "Polygon",
        "coordinates": [
          [
            [
              78.653816,
              17.1869174
            ],
            [
              78.6538133,
              17.1868702
            ],
            [
              78.6537154,
              17.1868754
            ],
            [
              78.6537181,
              17.1869226
            ],
            [
              78.653816,
              17.1869174
            ]
          ]
        ]
      }
    },
    {
      "type": "Feature",
      "id": "osm-way-602051369",
      "properties": {
        "kind": "building",
        "name": null,
        "osm_id": "602051369",
        "tags": {
          "building": "yes"
        }
      },
      "geometry": {
        "type": "Polygon",
        "coordinates": [
          [
            [
              78.6536952,
              17.1869289
            ],
            [
              78.6536885,
              17.186879
            ],
            [
              78.6535732,
              17.1868931
            ],
            [
              78.6535799,
              17.1869431
            ],
            [
              78.6536952,
              17.1869289
            ]
          ]
        ]
      }
    },
    {
      "type": "Feature",
      "id": "osm-way-602051370",
      "properties": {
        "kind": "building",
        "name": null,
        "osm_id": "602051370",
        "tags": {
          "building": "yes"
        }
      },
      "geometry": {
        "type": "Polygon",
        "coordinates": [
          [
            [
              78.653486,
              17.1867827
            ],
            [
              78.6534706,
              17.1866955
            ],
            [
              78.653358,
              17.1867137
            ],
            [
              78.6533734,
              17.1868008
            ],
            [
              78.653486,
              17.1867827
            ]
          ]
        ]
      }
    },
    {
      "type": "Feature",
      "id": "osm-way-602051371",
      "properties": {
        "kind": "building",
        "name": null,
        "osm_id": "602051371",
        "tags": {
          "building": "yes"
        }
      },
      "geometry": {
        "type": "Polygon",
        "coordinates": [
          [
            [
              78.6535089,
              17.1868957
            ],
            [
              78.6534886,
              17.186791
            ],
            [
              78.6533799,
              17.1868102
            ],
            [
              78.6534002,
              17.1869149
            ],
            [
              78.6535089,
              17.1868957
            ]
          ]
        ]
      }
    },
    {
      "type": "Feature",
      "id": "osm-way-602051372",
      "properties": {
        "kind": "building",
        "name": null,
        "osm_id": "602051372",
        "tags": {
          "building": "yes"
        }
      },
      "geometry": {
        "type": "Polygon",
        "coordinates": [
          [
            [
              78.653529,
              17.1869597
            ],
            [
              78.6535202,
              17.1869076
            ],
            [
              78.6534116,
              17.1869242
            ],
            [
              78.6534204,
              17.1869764
            ],
            [
              78.653529,
              17.1869597
            ]
          ]
        ]
      }
    },
    {
      "type": "Feature",
      "id": "osm-way-602051373",
      "properties": {
        "kind": "building",
        "name": null,
        "osm_id": "602051373",
        "tags": {
          "building": "yes"
        }
      },
      "geometry": {
        "type": "Polygon",
        "coordinates": [
          [
            [
              78.6533585,
              17.1869694
            ],
            [
              78.6533506,
              17.1869328
            ],
            [
              78.6532958,
              17.1869436
            ],
            [
              78.6533037,
              17.1869802
            ],
            [
              78.6533585,
              17.1869694
            ]
          ]
        ]
      }
    },
    {
      "type": "Feature",
      "id": "osm-way-602051374",
      "properties": {
        "kind": "building",
        "name": null,
        "osm_id": "602051374",
        "tags": {
          "building": "yes"
        }
      },
      "geometry": {
        "type": "Polygon",
        "coordinates": [
          [
            [
              78.6533822,
              17.1869002
            ],
            [
              78.6533734,
              17.1868598
            ],
            [
              78.6532601,
              17.1868822
            ],
            [
              78.6532688,
              17.1869226
            ],
            [
              78.6533822,
              17.1869002
            ]
          ]
        ]
      }
    },
    {
      "type": "Feature",
      "id": "osm-way-602051375",
      "properties": {
        "kind": "building",
        "name": null,
        "osm_id": "602051375",
        "tags": {
          "building": "yes"
        }
      },
      "geometry": {
        "type": "Polygon",
        "coordinates": [
          [
            [
              78.6533724,
              17.1868461
            ],
            [
              78.653364,
              17.1868073
            ],
            [
              78.653243,
              17.1868312
            ],
            [
              78.6532514,
              17.18687
            ],
            [
              78.6533724,
              17.1868461
            ]
          ]
        ]
      }
    },
    {
      "type": "Feature",
      "id": "osm-way-602051376",
      "properties": {
        "kind": "building",
        "name": null,
        "osm_id": "602051376",
        "tags": {
          "building": "yes"
        }
      },
      "geometry": {
        "type": "Polygon",
        "coordinates": [
          [
            [
              78.6533235,
              17.1865635
            ],
            [
              78.6533081,
              17.1864923
            ],
            [
              78.6532048,
              17.1865127
            ],
            [
              78.6532202,
              17.1865839
            ],
            [
              78.6533235,
              17.1865635
            ]
          ]
        ]
      }
    },
    {
      "type": "Feature",
      "id": "osm-way-602051377",
      "properties": {
        "kind": "building",
        "name": null,
        "osm_id": "602051377",
        "tags": {
          "building": "yes"
        }
      },
      "geometry": {
        "type": "Polygon",
        "coordinates": [
          [
            [
              78.6525569,
              17.18706
            ],
            [
              78.6525486,
              17.1869725
            ],
            [
              78.6524036,
              17.186985
            ],
            [
              78.6524118,
              17.1870725
            ],
            [
              78.6525569,
              17.18706
            ]
          ]
        ]
      }
    },
    {
      "type": "Feature",
      "id": "osm-way-602051378",
      "properties": {
        "kind": "building",
        "name": null,
        "osm_id": "602051378",
        "tags": {
          "building": "yes"
        }
      },
      "geometry": {
        "type": "Polygon",
        "coordinates": [
          [
            [
              78.6525449,
              17.1869576
            ],
            [
              78.6525366,
              17.1868688
            ],
            [
              78.6524075,
              17.1868798
            ],
            [
              78.6524159,
              17.1869687
            ],
            [
              78.6525449,
              17.1869576
            ]
          ]
        ]
      }
    },
    {
      "type": "Feature",
      "id": "osm-way-602051380",
      "properties": {
        "kind": "building",
        "name": null,
        "osm_id": "602051380",
        "tags": {
          "building": "yes"
        }
      },
      "geometry": {
        "type": "Polygon",
        "coordinates": [
          [
            [
              78.6528111,
              17.1869903
            ],
            [
              78.6528061,
              17.1869379
            ],
            [
              78.6527449,
              17.1869432
            ],
            [
              78.6527498,
              17.1869956
            ],
            [
              78.6528111,
              17.1869903
            ]
          ]
        ]
      }
    },
    {
      "type": "Feature",
      "id": "osm-way-602051381",
      "properties": {
        "kind": "building",
        "name": null,
        "osm_id": "602051381",
        "tags": {
          "building": "yes"
        }
      },
      "geometry": {
        "type": "Polygon",
        "coordinates": [
          [
            [
              78.652134,
              17.1865953
            ],
            [
              78.6521249,
              17.1864985
            ],
            [
              78.6519843,
              17.1865105
            ],
            [
              78.6519934,
              17.1866074
            ],
            [
              78.652134,
              17.1865953
            ]
          ]
        ]
      }
    },
    {
      "type": "Feature",
      "id": "osm-way-602051382",
      "properties": {
        "kind": "building",
        "name": null,
        "osm_id": "602051382",
        "tags": {
          "building": "yes"
        }
      },
      "geometry": {
        "type": "Polygon",
        "coordinates": [
          [
            [
              78.6527381,
              17.1868466
            ],
            [
              78.6527337,
              17.1867996
            ],
            [
              78.6525952,
              17.1868115
            ],
            [
              78.6525996,
              17.1868585
            ],
            [
              78.6527381,
              17.1868466
            ]
          ]
        ]
      }
    },
    {
      "type": "Feature",
      "id": "osm-way-602051383",
      "properties": {
        "kind": "building",
        "name": null,
        "osm_id": "602051383",
        "tags": {
          "building": "yes"
        }
      },
      "geometry": {
        "type": "Polygon",
        "coordinates": [
          [
            [
              78.6523777,
              17.186778
            ],
            [
              78.6523689,
              17.1866843
            ],
            [
              78.6522367,
              17.1866956
            ],
            [
              78.6522456,
              17.1867893
            ],
            [
              78.6523777,
              17.186778
            ]
          ]
        ]
      }
    },
    {
      "type": "Feature",
      "id": "osm-way-602051384",
      "properties": {
        "kind": "building",
        "name": null,
        "osm_id": "602051384",
        "tags": {
          "building": "yes"
        }
      },
      "geometry": {
        "type": "Polygon",
        "coordinates": [
          [
            [
              78.6524891,
              17.1865774
            ],
            [
              78.6524816,
              17.1864972
            ],
            [
              78.6523708,
              17.1865067
            ],
            [
              78.6523783,
              17.1865869
            ],
            [
              78.6524891,
              17.1865774
            ]
          ]
        ]
      }
    },
    {
      "type": "Feature",
      "id": "osm-way-602051385",
      "properties": {
        "kind": "building",
        "name": null,
        "osm_id": "602051385",
        "tags": {
          "building": "yes"
        }
      },
      "geometry": {
        "type": "Polygon",
        "coordinates": [
          [
            [
              78.6524966,
              17.1864819
            ],
            [
              78.6524856,
              17.1863652
            ],
            [
              78.6523378,
              17.1863779
            ],
            [
              78.6523488,
              17.1864946
            ],
            [
              78.6524966,
              17.1864819
            ]
          ]
        ]
      }
    },
    {
      "type": "Feature",
      "id": "osm-way-602051386",
      "properties": {
        "kind": "building",
        "name": null,
        "osm_id": "602051386",
        "tags": {
          "building": "yes"
        }
      },
      "geometry": {
        "type": "Polygon",
        "coordinates": [
          [
            [
              78.6526819,
              17.1864694
            ],
            [
              78.6526719,
              17.1863627
            ],
            [
              78.6525428,
              17.1863738
            ],
            [
              78.6525528,
              17.1864805
            ],
            [
              78.6526819,
              17.1864694
            ]
          ]
        ]
      }
    },
    {
      "type": "Feature",
      "id": "osm-way-602051387",
      "properties": {
        "kind": "building",
        "name": null,
        "osm_id": "602051387",
        "tags": {
          "building": "yes"
        }
      },
      "geometry": {
        "type": "Polygon",
        "coordinates": [
          [
            [
              78.6529714,
              17.1863671
            ],
            [
              78.6529528,
              17.1862843
            ],
            [
              78.6528436,
              17.1863067
            ],
            [
              78.6528621,
              17.1863895
            ],
            [
              78.6529714,
              17.1863671
            ]
          ]
        ]
      }
    },
    {
      "type": "Feature",
      "id": "osm-way-602051388",
      "properties": {
        "kind": "building",
        "name": null,
        "osm_id": "602051388",
        "tags": {
          "building": "yes"
        }
      },
      "geometry": {
        "type": "Polygon",
        "coordinates": [
          [
            [
              78.6530042,
              17.1864556
            ],
            [
              78.652986,
              17.1863744
            ],
            [
              78.6528644,
              17.1863993
            ],
            [
              78.6528826,
              17.1864805
            ],
            [
              78.6530042,
              17.1864556
            ]
          ]
        ]
      }
    },
    {
      "type": "Feature",
      "id": "osm-way-602051389",
      "properties": {
        "kind": "building",
        "name": null,
        "osm_id": "602051389",
        "tags": {
          "building": "yes"
        }
      },
      "geometry": {
        "type": "Polygon",
        "coordinates": [
          [
            [
              78.652932,
              17.1862373
            ],
            [
              78.6529146,
              17.186131
            ],
            [
              78.6528303,
              17.1861436
            ],
            [
              78.6528477,
              17.1862499
            ],
            [
              78.652932,
              17.1862373
            ]
          ]
        ]
      }
    },
    {
      "type": "Feature",
      "id": "osm-way-602051390",
      "properties": {
        "kind": "building",
        "name": null,
        "osm_id": "602051390",
        "tags": {
          "building": "yes"
        }
      },
      "geometry": {
        "type": "Polygon",
        "coordinates": [
          [
            [
              78.652706,
              17.185995
            ],
            [
              78.6526908,
              17.1858873
            ],
            [
              78.6526018,
              17.1858988
            ],
            [
              78.652617,
              17.1860065
            ],
            [
              78.652706,
              17.185995
            ]
          ]
        ]
      }
    },
    {
      "type": "Feature",
      "id": "osm-way-602051391",
      "properties": {
        "kind": "building",
        "name": null,
        "osm_id": "602051391",
        "tags": {
          "building": "yes"
        }
      },
      "geometry": {
        "type": "Polygon",
        "coordinates": [
          [
            [
              78.6528049,
              17.1859797
            ],
            [
              78.6527732,
              17.1857557
            ],
            [
              78.6526818,
              17.1857675
            ],
            [
              78.6527135,
              17.1859915
            ],
            [
              78.6528049,
              17.1859797
            ]
          ]
        ]
      }
    },
    {
      "type": "Feature",
      "id": "osm-way-602051392",
      "properties": {
        "kind": "building",
        "name": null,
        "osm_id": "602051392",
        "tags": {
          "building": "yes"
        }
      },
      "geometry": {
        "type": "Polygon",
        "coordinates": [
          [
            [
              78.6524932,
              17.1852866
            ],
            [
              78.6524722,
              17.1851673
            ],
            [
              78.6524016,
              17.1851786
            ],
            [
              78.6524226,
              17.185298
            ],
            [
              78.6524932,
              17.1852866
            ]
          ]
        ]
      }
    },
    {
      "type": "Feature",
      "id": "osm-way-602051393",
      "properties": {
        "kind": "building",
        "name": null,
        "osm_id": "602051393",
        "tags": {
          "building": "yes"
        }
      },
      "geometry": {
        "type": "Polygon",
        "coordinates": [
          [
            [
              78.6526648,
              17.1855796
            ],
            [
              78.6526497,
              17.1854935
            ],
            [
              78.6525331,
              17.1855122
            ],
            [
              78.6525482,
              17.1855983
            ],
            [
              78.6526648,
              17.1855796
            ]
          ]
        ]
      }
    },
    {
      "type": "Feature",
      "id": "osm-way-602051394",
      "properties": {
        "kind": "building",
        "name": null,
        "osm_id": "602051394",
        "tags": {
          "building": "yes"
        }
      },
      "geometry": {
        "type": "Polygon",
        "coordinates": [
          [
            [
              78.6520152,
              17.1855462
            ],
            [
              78.6520074,
              17.1854284
            ],
            [
              78.6518912,
              17.1854354
            ],
            [
              78.6518989,
              17.1855532
            ],
            [
              78.6520152,
              17.1855462
            ]
          ]
        ]
      }
    },
    {
      "type": "Feature",
      "id": "osm-way-602051396",
      "properties": {
        "kind": "building",
        "name": null,
        "osm_id": "602051396",
        "tags": {
          "building": "yes"
        }
      },
      "geometry": {
        "type": "Polygon",
        "coordinates": [
          [
            [
              78.6526321,
              17.1850966
            ],
            [
              78.6526331,
              17.1850161
            ],
            [
              78.6525443,
              17.185015
            ],
            [
              78.6525433,
              17.1850955
            ],
            [
              78.6526321,
              17.1850966
            ]
          ]
        ]
      }
    },
    {
      "type": "Feature",
      "id": "osm-way-602051397",
      "properties": {
        "kind": "building",
        "name": null,
        "osm_id": "602051397",
        "tags": {
          "building": "yes"
        }
      },
      "geometry": {
        "type": "Polygon",
        "coordinates": [
          [
            [
              78.6524707,
              17.1848073
            ],
            [
              78.6524722,
              17.1846958
            ],
            [
              78.652361,
              17.1846944
            ],
            [
              78.6523595,
              17.184806
            ],
            [
              78.6524707,
              17.1848073
            ]
          ]
        ]
      }
    },
    {
      "type": "Feature",
      "id": "osm-way-602051398",
      "properties": {
        "kind": "building",
        "name": null,
        "osm_id": "602051398",
        "tags": {
          "building": "yes"
        }
      },
      "geometry": {
        "type": "Polygon",
        "coordinates": [
          [
            [
              78.6519946,
              17.1847969
            ],
            [
              78.6519961,
              17.1846868
            ],
            [
              78.6518956,
              17.1846856
            ],
            [
              78.6518942,
              17.1847957
            ],
            [
              78.6519946,
              17.1847969
            ]
          ]
        ]
      }
    },
    {
      "type": "Feature",
      "id": "osm-way-602051399",
      "properties": {
        "kind": "building",
        "name": null,
        "osm_id": "602051399",
        "tags": {
          "building": "yes"
        }
      },
      "geometry": {
        "type": "Polygon",
        "coordinates": [
          [
            [
              78.6517709,
              17.1847799
            ],
            [
              78.6517721,
              17.184683
            ],
            [
              78.6517037,
              17.1846822
            ],
            [
              78.6517024,
              17.1847791
            ],
            [
              78.6517709,
              17.1847799
            ]
          ]
        ]
      }
    },
    {
      "type": "Feature",
      "id": "osm-way-602051400",
      "properties": {
        "kind": "building",
        "name": null,
        "osm_id": "602051400",
        "tags": {
          "building": "yes"
        }
      },
      "geometry": {
        "type": "Polygon",
        "coordinates": [
          [
            [
              78.6518207,
              17.1851188
            ],
            [
              78.6518218,
              17.1850353
            ],
            [
              78.6517035,
              17.1850339
            ],
            [
              78.6517024,
              17.1851173
            ],
            [
              78.6518207,
              17.1851188
            ]
          ]
        ]
      }
    },
    {
      "type": "Feature",
      "id": "osm-way-602051401",
      "properties": {
        "kind": "building",
        "name": null,
        "osm_id": "602051401",
        "tags": {
          "building": "yes"
        }
      },
      "geometry": {
        "type": "Polygon",
        "coordinates": [
          [
            [
              78.6518414,
              17.1852934
            ],
            [
              78.6518423,
              17.1852227
            ],
            [
              78.6516988,
              17.185221
            ],
            [
              78.6516978,
              17.1852916
            ],
            [
              78.6518414,
              17.1852934
            ]
          ]
        ]
      }
    },
    {
      "type": "Feature",
      "id": "osm-way-602051402",
      "properties": {
        "kind": "building",
        "name": null,
        "osm_id": "602051402",
        "tags": {
          "building": "yes"
        }
      },
      "geometry": {
        "type": "Polygon",
        "coordinates": [
          [
            [
              78.6518746,
              17.1854414
            ],
            [
              78.6518651,
              17.1853578
            ],
            [
              78.6517309,
              17.1853717
            ],
            [
              78.6517403,
              17.1854552
            ],
            [
              78.6518746,
              17.1854414
            ]
          ]
        ]
      }
    },
    {
      "type": "Feature",
      "id": "osm-way-602051403",
      "properties": {
        "kind": "building",
        "name": null,
        "osm_id": "602051403",
        "tags": {
          "building": "yes"
        }
      },
      "geometry": {
        "type": "Polygon",
        "coordinates": [
          [
            [
              78.6516317,
              17.185286
            ],
            [
              78.651634,
              17.1852134
            ],
            [
              78.6515142,
              17.18521
            ],
            [
              78.651512,
              17.1852826
            ],
            [
              78.6516317,
              17.185286
            ]
          ]
        ]
      }
    },
    {
      "type": "Feature",
      "id": "osm-way-602051404",
      "properties": {
        "kind": "building",
        "name": null,
        "osm_id": "602051404",
        "tags": {
          "building": "yes"
        }
      },
      "geometry": {
        "type": "Polygon",
        "coordinates": [
          [
            [
              78.6511999,
              17.1853857
            ],
            [
              78.6512022,
              17.1853133
            ],
            [
              78.6510918,
              17.1853102
            ],
            [
              78.6510895,
              17.1853825
            ],
            [
              78.6511999,
              17.1853857
            ]
          ]
        ]
      }
    },
    {
      "type": "Feature",
      "id": "osm-way-602051405",
      "properties": {
        "kind": "building",
        "name": null,
        "osm_id": "602051405",
        "tags": {
          "building": "yes"
        }
      },
      "geometry": {
        "type": "Polygon",
        "coordinates": [
          [
            [
              78.6512025,
              17.1851775
            ],
            [
              78.6512049,
              17.1851032
            ],
            [
              78.6510717,
              17.1850994
            ],
            [
              78.6510694,
              17.1851737
            ],
            [
              78.6512025,
              17.1851775
            ]
          ]
        ]
      }
    },
    {
      "type": "Feature",
      "id": "osm-way-602051406",
      "properties": {
        "kind": "building",
        "name": null,
        "osm_id": "602051406",
        "tags": {
          "building": "yes"
        }
      },
      "geometry": {
        "type": "Polygon",
        "coordinates": [
          [
            [
              78.6508933,
              17.1852524
            ],
            [
              78.6508985,
              17.1850884
            ],
            [
              78.6507672,
              17.1850847
            ],
            [
              78.6507621,
              17.1852487
            ],
            [
              78.6508933,
              17.1852524
            ]
          ]
        ]
      }
    },
    {
      "type": "Feature",
      "id": "osm-way-602051407",
      "properties": {
        "kind": "building",
        "name": null,
        "osm_id": "602051407",
        "tags": {
          "building": "yes"
        }
      },
      "geometry": {
        "type": "Polygon",
        "coordinates": [
          [
            [
              78.6506766,
              17.1851657
            ],
            [
              78.6506926,
              17.1850763
            ],
            [
              78.6505999,
              17.1850612
            ],
            [
              78.6505839,
              17.1851506
            ],
            [
              78.6506766,
              17.1851657
            ]
          ]
        ]
      }
    },
    {
      "type": "Feature",
      "id": "osm-way-602051408",
      "properties": {
        "kind": "building",
        "name": null,
        "osm_id": "602051408",
        "tags": {
          "building": "yes"
        }
      },
      "geometry": {
        "type": "Polygon",
        "coordinates": [
          [
            [
              78.6505665,
              17.1851747
            ],
            [
              78.6505796,
              17.1851011
            ],
            [
              78.6503975,
              17.1850715
            ],
            [
              78.6503844,
              17.1851451
            ],
            [
              78.6505665,
              17.1851747
            ]
          ]
        ]
      }
    },
    {
      "type": "Feature",
      "id": "osm-way-602051409",
      "properties": {
        "kind": "building",
        "name": null,
        "osm_id": "602051409",
        "tags": {
          "building": "yes"
        }
      },
      "geometry": {
        "type": "Polygon",
        "coordinates": [
          [
            [
              78.6503765,
              17.1851303
            ],
            [
              78.6503814,
              17.1850725
            ],
            [
              78.65033,
              17.1850685
            ],
            [
              78.6503251,
              17.1851263
            ],
            [
              78.6503765,
              17.1851303
            ]
          ]
        ]
      }
    },
    {
      "type": "Feature",
      "id": "osm-way-602051410",
      "properties": {
        "kind": "building",
        "name": null,
        "osm_id": "602051410",
        "tags": {
          "building": "yes"
        }
      },
      "geometry": {
        "type": "Polygon",
        "coordinates": [
          [
            [
              78.6505723,
              17.1850158
            ],
            [
              78.6505772,
              17.1849572
            ],
            [
              78.6504145,
              17.1849446
            ],
            [
              78.6504096,
              17.1850033
            ],
            [
              78.6505723,
              17.1850158
            ]
          ]
        ]
      }
    },
    {
      "type": "Feature",
      "id": "osm-way-602051411",
      "properties": {
        "kind": "building",
        "name": null,
        "osm_id": "602051411",
        "tags": {
          "building": "yes"
        }
      },
      "geometry": {
        "type": "Polygon",
        "coordinates": [
          [
            [
              78.6505899,
              17.1848996
            ],
            [
              78.6505933,
              17.1848598
            ],
            [
              78.650476,
              17.1848507
            ],
            [
              78.6504726,
              17.1848905
            ],
            [
              78.6505899,
              17.1848996
            ]
          ]
        ]
      }
    },
    {
      "type": "Feature",
      "id": "osm-way-602051412",
      "properties": {
        "kind": "building",
        "name": null,
        "osm_id": "602051412",
        "tags": {
          "building": "yes"
        }
      },
      "geometry": {
        "type": "Polygon",
        "coordinates": [
          [
            [
              78.6508511,
              17.1849156
            ],
            [
              78.6508602,
              17.1848085
            ],
            [
              78.6507847,
              17.1848027
            ],
            [
              78.6507757,
              17.1849098
            ],
            [
              78.6508511,
              17.1849156
            ]
          ]
        ]
      }
    },
    {
      "type": "Feature",
      "id": "osm-way-602051413",
      "properties": {
        "kind": "building",
        "name": null,
        "osm_id": "602051413",
        "tags": {
          "building": "yes"
        }
      },
      "geometry": {
        "type": "Polygon",
        "coordinates": [
          [
            [
              78.6508262,
              17.1847
            ],
            [
              78.6508315,
              17.1846376
            ],
            [
              78.650692,
              17.1846269
            ],
            [
              78.6506868,
              17.1846893
            ],
            [
              78.6508262,
              17.1847
            ]
          ]
        ]
      }
    },
    {
      "type": "Feature",
      "id": "osm-way-602051414",
      "properties": {
        "kind": "building",
        "name": null,
        "osm_id": "602051414",
        "tags": {
          "building": "yes"
        }
      },
      "geometry": {
        "type": "Polygon",
        "coordinates": [
          [
            [
              78.6507288,
              17.1847478
            ],
            [
              78.6507328,
              17.1847009
            ],
            [
              78.6506737,
              17.1846964
            ],
            [
              78.6506698,
              17.1847432
            ],
            [
              78.6507288,
              17.1847478
            ]
          ]
        ]
      }
    },
    {
      "type": "Feature",
      "id": "osm-way-602051415",
      "properties": {
        "kind": "building",
        "name": null,
        "osm_id": "602051415",
        "tags": {
          "building": "yes"
        }
      },
      "geometry": {
        "type": "Polygon",
        "coordinates": [
          [
            [
              78.6506513,
              17.1847343
            ],
            [
              78.6506607,
              17.1846229
            ],
            [
              78.6504924,
              17.1846099
            ],
            [
              78.650483,
              17.1847213
            ],
            [
              78.6506513,
              17.1847343
            ]
          ]
        ]
      }
    },
    {
      "type": "Feature",
      "id": "osm-way-602051416",
      "properties": {
        "kind": "building",
        "name": null,
        "osm_id": "602051416",
        "tags": {
          "building": "yes"
        }
      },
      "geometry": {
        "type": "Polygon",
        "coordinates": [
          [
            [
              78.6507264,
              17.1845936
            ],
            [
              78.6507301,
              17.1845203
            ],
            [
              78.6506131,
              17.1845148
            ],
            [
              78.6506094,
              17.1845882
            ],
            [
              78.6507264,
              17.1845936
            ]
          ]
        ]
      }
    },
    {
      "type": "Feature",
      "id": "osm-way-602051417",
      "properties": {
        "kind": "building",
        "name": null,
        "osm_id": "602051417",
        "tags": {
          "building": "yes"
        }
      },
      "geometry": {
        "type": "Polygon",
        "coordinates": [
          [
            [
              78.6509003,
              17.1846148
            ],
            [
              78.6509044,
              17.1845331
            ],
            [
              78.650745,
              17.1845256
            ],
            [
              78.6507408,
              17.1846074
            ],
            [
              78.6509003,
              17.1846148
            ]
          ]
        ]
      }
    },
    {
      "type": "Feature",
      "id": "osm-way-602051418",
      "properties": {
        "kind": "building",
        "name": null,
        "osm_id": "602051418",
        "tags": {
          "building": "yes"
        }
      },
      "geometry": {
        "type": "Polygon",
        "coordinates": [
          [
            [
              78.6509699,
              17.1844857
            ],
            [
              78.6509755,
              17.1843755
            ],
            [
              78.6508108,
              17.1843678
            ],
            [
              78.6508052,
              17.184478
            ],
            [
              78.6509699,
              17.1844857
            ]
          ]
        ]
      }
    },
    {
      "type": "Feature",
      "id": "osm-way-602051419",
      "properties": {
        "kind": "building",
        "name": null,
        "osm_id": "602051419",
        "tags": {
          "building": "yes"
        }
      },
      "geometry": {
        "type": "Polygon",
        "coordinates": [
          [
            [
              78.6507956,
              17.1844617
            ],
            [
              78.6508012,
              17.1843524
            ],
            [
              78.6507102,
              17.1843482
            ],
            [
              78.6507046,
              17.1844575
            ],
            [
              78.6507956,
              17.1844617
            ]
          ]
        ]
      }
    },
    {
      "type": "Feature",
      "id": "osm-way-602051421",
      "properties": {
        "kind": "building",
        "name": null,
        "osm_id": "602051421",
        "tags": {
          "building": "yes"
        }
      },
      "geometry": {
        "type": "Polygon",
        "coordinates": [
          [
            [
              78.6516334,
              17.1846587
            ],
            [
              78.651638,
              17.1845677
            ],
            [
              78.6511143,
              17.1845433
            ],
            [
              78.6511096,
              17.1846343
            ],
            [
              78.6516334,
              17.1846587
            ]
          ]
        ]
      }
    },
    {
      "type": "Feature",
      "id": "osm-way-602051424",
      "properties": {
        "kind": "building",
        "name": null,
        "osm_id": "602051424",
        "tags": {
          "building": "yes"
        }
      },
      "geometry": {
        "type": "Polygon",
        "coordinates": [
          [
            [
              78.651649,
              17.1844722
            ],
            [
              78.651655,
              17.1843546
            ],
            [
              78.651142,
              17.1843307
            ],
            [
              78.651136,
              17.1844483
            ],
            [
              78.651649,
              17.1844722
            ]
          ]
        ]
      }
    },
    {
      "type": "Feature",
      "id": "osm-way-602051426",
      "properties": {
        "kind": "building",
        "name": null,
        "osm_id": "602051426",
        "tags": {
          "building": "yes"
        }
      },
      "geometry": {
        "type": "Polygon",
        "coordinates": [
          [
            [
              78.6511047,
              17.1838564
            ],
            [
              78.6511132,
              17.1838207
            ],
            [
              78.6509729,
              17.1837791
            ],
            [
              78.6509578,
              17.1838404
            ],
            [
              78.6511047,
              17.1838564
            ]
          ]
        ]
      }
    },
    {
      "type": "Feature",
      "id": "osm-way-602051429",
      "properties": {
        "kind": "building",
        "name": null,
        "osm_id": "602051429",
        "tags": {
          "building": "yes"
        }
      },
      "geometry": {
        "type": "Polygon",
        "coordinates": [
          [
            [
              78.6513065,
              17.1836712
            ],
            [
              78.6513336,
              17.1836131
            ],
            [
              78.6511897,
              17.1835519
            ],
            [
              78.6511626,
              17.1836099
            ],
            [
              78.6513065,
              17.1836712
            ]
          ]
        ]
      }
    },
    {
      "type": "Feature",
      "id": "osm-way-602051431",
      "properties": {
        "kind": "building",
        "name": null,
        "osm_id": "602051431",
        "tags": {
          "building": "yes"
        }
      },
      "geometry": {
        "type": "Polygon",
        "coordinates": [
          [
            [
              78.6512581,
              17.1839319
            ],
            [
              78.6513288,
              17.1837456
            ],
            [
              78.651211,
              17.1836954
            ],
            [
              78.6511387,
              17.1838849
            ],
            [
              78.6512581,
              17.1839319
            ]
          ]
        ]
      }
    },
    {
      "type": "Feature",
      "id": "osm-way-602051433",
      "properties": {
        "kind": "building",
        "name": null,
        "osm_id": "602051433",
        "tags": {
          "building": "yes"
        }
      },
      "geometry": {
        "type": "Polygon",
        "coordinates": [
          [
            [
              78.651782,
              17.1831185
            ],
            [
              78.6518003,
              17.1830174
            ],
            [
              78.6515598,
              17.1829777
            ],
            [
              78.6515415,
              17.1830789
            ],
            [
              78.651782,
              17.1831185
            ]
          ]
        ]
      }
    },
    {
      "type": "Feature",
      "id": "osm-way-602051435",
      "properties": {
        "kind": "building",
        "name": null,
        "osm_id": "602051435",
        "tags": {
          "building": "yes"
        }
      },
      "geometry": {
        "type": "Polygon",
        "coordinates": [
          [
            [
              78.6514934,
              17.183079
            ],
            [
              78.6515153,
              17.1829469
            ],
            [
              78.6512578,
              17.182908
            ],
            [
              78.6512359,
              17.1830401
            ],
            [
              78.6514934,
              17.183079
            ]
          ]
        ]
      }
    },
    {
      "type": "Feature",
      "id": "osm-way-602051436",
      "properties": {
        "kind": "building",
        "name": null,
        "osm_id": "602051436",
        "tags": {
          "building": "yes"
        }
      },
      "geometry": {
        "type": "Polygon",
        "coordinates": [
          [
            [
              78.651848,
              17.1828042
            ],
            [
              78.6518679,
              17.1826963
            ],
            [
              78.6514482,
              17.1826258
            ],
            [
              78.6514283,
              17.1827337
            ],
            [
              78.651848,
              17.1828042
            ]
          ]
        ]
      }
    },
    {
      "type": "Feature",
      "id": "osm-way-602051437",
      "properties": {
        "kind": "building",
        "name": null,
        "osm_id": "602051437",
        "tags": {
          "building": "yes"
        }
      },
      "geometry": {
        "type": "Polygon",
        "coordinates": [
          [
            [
              78.6517923,
              17.182934
            ],
            [
              78.6518167,
              17.1828406
            ],
            [
              78.6514835,
              17.1827611
            ],
            [
              78.651459,
              17.1828546
            ],
            [
              78.6517923,
              17.182934
            ]
          ]
        ]
      }
    },
    {
      "type": "Feature",
      "id": "osm-way-602051438",
      "properties": {
        "kind": "building",
        "name": null,
        "osm_id": "602051438",
        "tags": {
          "building": "yes"
        }
      },
      "geometry": {
        "type": "Polygon",
        "coordinates": [
          [
            [
              78.6519332,
              17.18229
            ],
            [
              78.6519425,
              17.1821577
            ],
            [
              78.6517961,
              17.1821483
            ],
            [
              78.6517869,
              17.1822807
            ],
            [
              78.6519332,
              17.18229
            ]
          ]
        ]
      }
    },
    {
      "type": "Feature",
      "id": "osm-way-602051439",
      "properties": {
        "kind": "building",
        "name": null,
        "osm_id": "602051439",
        "tags": {
          "building": "yes"
        }
      },
      "geometry": {
        "type": "Polygon",
        "coordinates": [
          [
            [
              78.6517436,
              17.1821815
            ],
            [
              78.6517467,
              17.1821372
            ],
            [
              78.6516532,
              17.1821312
            ],
            [
              78.6516501,
              17.1821756
            ],
            [
              78.6517436,
              17.1821815
            ]
          ]
        ]
      }
    },
    {
      "type": "Feature",
      "id": "osm-way-602051440",
      "properties": {
        "kind": "building",
        "name": null,
        "osm_id": "602051440",
        "tags": {
          "building": "yes"
        }
      },
      "geometry": {
        "type": "Polygon",
        "coordinates": [
          [
            [
              78.6520693,
              17.1821978
            ],
            [
              78.6520773,
              17.1820825
            ],
            [
              78.6520497,
              17.1820808
            ],
            [
              78.6520417,
              17.1821961
            ],
            [
              78.6520693,
              17.1821978
            ]
          ]
        ]
      }
    },
    {
      "type": "Feature",
      "id": "osm-way-602051441",
      "properties": {
        "kind": "building",
        "name": null,
        "osm_id": "602051441",
        "tags": {
          "building": "yes"
        }
      },
      "geometry": {
        "type": "Polygon",
        "coordinates": [
          [
            [
              78.6517065,
              17.182449
            ],
            [
              78.6517468,
              17.182203
            ],
            [
              78.6516488,
              17.1821884
            ],
            [
              78.6516085,
              17.1824344
            ],
            [
              78.6517065,
              17.182449
            ]
          ]
        ]
      }
    },
    {
      "type": "Feature",
      "id": "osm-way-602051442",
      "properties": {
        "kind": "building",
        "name": null,
        "osm_id": "602051442",
        "tags": {
          "building": "yes"
        }
      },
      "geometry": {
        "type": "Polygon",
        "coordinates": [
          [
            [
              78.6517691,
              17.1821093
            ],
            [
              78.6517731,
              17.1820516
            ],
            [
              78.6516877,
              17.1820462
            ],
            [
              78.6516836,
              17.1821038
            ],
            [
              78.6517691,
              17.1821093
            ]
          ]
        ]
      }
    },
    {
      "type": "Feature",
      "id": "osm-way-602051443",
      "properties": {
        "kind": "building",
        "name": null,
        "osm_id": "602051443",
        "tags": {
          "building": "yes"
        }
      },
      "geometry": {
        "type": "Polygon",
        "coordinates": [
          [
            [
              78.6521492,
              17.1821468
            ],
            [
              78.6521545,
              17.1820917
            ],
            [
              78.6521181,
              17.1820885
            ],
            [
              78.6521128,
              17.1821436
            ],
            [
              78.6521492,
              17.1821468
            ]
          ]
        ]
      }
    },
    {
      "type": "Feature",
      "id": "osm-way-602051444",
      "properties": {
        "kind": "building",
        "name": null,
        "osm_id": "602051444",
        "tags": {
          "building": "yes"
        }
      },
      "geometry": {
        "type": "Polygon",
        "coordinates": [
          [
            [
              78.6530312,
              17.1825237
            ],
            [
              78.6530272,
              17.1824546
            ],
            [
              78.6529966,
              17.1824562
            ],
            [
              78.6530006,
              17.1825254
            ],
            [
              78.6530312,
              17.1825237
            ]
          ]
        ]
      }
    },
    {
      "type": "Feature",
      "id": "osm-way-602051445",
      "properties": {
        "kind": "building",
        "name": null,
        "osm_id": "602051445",
        "tags": {
          "building": "yes"
        }
      },
      "geometry": {
        "type": "Polygon",
        "coordinates": [
          [
            [
              78.652731,
              17.1822622
            ],
            [
              78.652735,
              17.1821443
            ],
            [
              78.6526291,
              17.182141
            ],
            [
              78.6526251,
              17.1822589
            ],
            [
              78.652731,
              17.1822622
            ]
          ]
        ]
      }
    },
    {
      "type": "Feature",
      "id": "osm-way-602051446",
      "properties": {
        "kind": "building",
        "name": null,
        "osm_id": "602051446",
        "tags": {
          "building": "yes"
        }
      },
      "geometry": {
        "type": "Polygon",
        "coordinates": [
          [
            [
              78.6524773,
              17.1805824
            ],
            [
              78.6525068,
              17.1805107
            ],
            [
              78.65244,
              17.1804856
            ],
            [
              78.6524105,
              17.1805574
            ],
            [
              78.6524773,
              17.1805824
            ]
          ]
        ]
      }
    },
    {
      "type": "Feature",
      "id": "osm-way-602051447",
      "properties": {
        "kind": "building",
        "name": null,
        "osm_id": "602051447",
        "tags": {
          "building": "yes"
        }
      },
      "geometry": {
        "type": "Polygon",
        "coordinates": [
          [
            [
              78.6525155,
              17.1804909
            ],
            [
              78.6525557,
              17.1803756
            ],
            [
              78.6524869,
              17.1803536
            ],
            [
              78.6524467,
              17.180469
            ],
            [
              78.6525155,
              17.1804909
            ]
          ]
        ]
      }
    },
    {
      "type": "Feature",
      "id": "osm-way-602051448",
      "properties": {
        "kind": "building",
        "name": null,
        "osm_id": "602051448",
        "tags": {
          "building": "yes"
        }
      },
      "geometry": {
        "type": "Polygon",
        "coordinates": [
          [
            [
              78.6526885,
              17.180414
            ],
            [
              78.65271,
              17.1803525
            ],
            [
              78.652609,
              17.1803203
            ],
            [
              78.6525875,
              17.1803818
            ],
            [
              78.6526885,
              17.180414
            ]
          ]
        ]
      }
    },
    {
      "type": "Feature",
      "id": "osm-way-602051449",
      "properties": {
        "kind": "building",
        "name": null,
        "osm_id": "602051449",
        "tags": {
          "building": "yes"
        }
      },
      "geometry": {
        "type": "Polygon",
        "coordinates": [
          [
            [
              78.6557832,
              17.1869531
            ],
            [
              78.6557591,
              17.1867975
            ],
            [
              78.6556506,
              17.1868098
            ],
            [
              78.6556761,
              17.1870148
            ],
            [
              78.6557832,
              17.1869531
            ]
          ]
        ]
      }
    },
    {
      "type": "Feature",
      "id": "osm-way-602051450",
      "properties": {
        "kind": "building",
        "name": null,
        "osm_id": "602051450",
        "tags": {
          "building": "yes"
        }
      },
      "geometry": {
        "type": "Polygon",
        "coordinates": [
          [
            [
              78.6558786,
              17.1868571
            ],
            [
              78.6558384,
              17.1865536
            ],
            [
              78.6557338,
              17.1865678
            ],
            [
              78.6557874,
              17.1869277
            ],
            [
              78.6558786,
              17.1868571
            ]
          ]
        ]
      }
    },
    {
      "type": "Feature",
      "id": "osm-way-602051451",
      "properties": {
        "kind": "building",
        "name": null,
        "osm_id": "602051451",
        "tags": {
          "building": "yes"
        }
      },
      "geometry": {
        "type": "Polygon",
        "coordinates": [
          [
            [
              78.6557565,
              17.186783
            ],
            [
              78.6557257,
              17.1865766
            ],
            [
              78.655342,
              17.1866288
            ],
            [
              78.6553728,
              17.1868352
            ],
            [
              78.6557565,
              17.186783
            ]
          ]
        ]
      }
    },
    {
      "type": "Feature",
      "id": "osm-way-602051452",
      "properties": {
        "kind": "building",
        "name": null,
        "osm_id": "602051452",
        "tags": {
          "building": "yes"
        }
      },
      "geometry": {
        "type": "Polygon",
        "coordinates": [
          [
            [
              78.6557773,
              17.1838853
            ],
            [
              78.6557713,
              17.1838451
            ],
            [
              78.6556714,
              17.1838586
            ],
            [
              78.6556774,
              17.1838989
            ],
            [
              78.6557773,
              17.1838853
            ]
          ]
        ]
      }
    },
    {
      "type": "Feature",
      "id": "osm-way-602051453",
      "properties": {
        "kind": "building",
        "name": null,
        "osm_id": "602051453",
        "tags": {
          "building": "yes"
        }
      },
      "geometry": {
        "type": "Polygon",
        "coordinates": [
          [
            [
              78.6576455,
              17.1844321
            ],
            [
              78.6576273,
              17.1843433
            ],
            [
              78.6573804,
              17.1843893
            ],
            [
              78.6573986,
              17.1844783
            ],
            [
              78.6576455,
              17.1844321
            ]
          ]
        ]
      }
    },
    {
      "type": "Feature",
      "id": "osm-way-602051454",
      "properties": {
        "kind": "building",
        "name": null,
        "osm_id": "602051454",
        "tags": {
          "building": "yes"
        }
      },
      "geometry": {
        "type": "Polygon",
        "coordinates": [
          [
            [
              78.6578314,
              17.1853521
            ],
            [
              78.657812,
              17.1852556
            ],
            [
              78.6576396,
              17.1852873
            ],
            [
              78.6574796,
              17.1844931
            ],
            [
              78.6573981,
              17.184508
            ],
            [
              78.6575774,
              17.1853988
            ],
            [
              78.6578314,
              17.1853521
            ]
          ]
        ]
      }
    },
    {
      "type": "Feature",
      "id": "osm-way-602051455",
      "properties": {
        "kind": "building",
        "name": null,
        "osm_id": "602051455",
        "tags": {
          "building": "yes"
        }
      },
      "geometry": {
        "type": "Polygon",
        "coordinates": [
          [
            [
              78.6555067,
              17.1860123
            ],
            [
              78.6554924,
              17.1859226
            ],
            [
              78.6553526,
              17.185943
            ],
            [
              78.655367,
              17.1860328
            ],
            [
              78.6555067,
              17.1860123
            ]
          ]
        ]
      }
    },
    {
      "type": "Feature",
      "id": "osm-way-602051456",
      "properties": {
        "kind": "building",
        "name": null,
        "osm_id": "602051456",
        "tags": {
          "building": "yes"
        }
      },
      "geometry": {
        "type": "Polygon",
        "coordinates": [
          [
            [
              78.6553581,
              17.1860371
            ],
            [
              78.6553422,
              17.1859373
            ],
            [
              78.6551572,
              17.1859643
            ],
            [
              78.6551732,
              17.1860641
            ],
            [
              78.6553581,
              17.1860371
            ]
          ]
        ]
      }
    },
    {
      "type": "Feature",
      "id": "osm-way-602051457",
      "properties": {
        "kind": "building",
        "name": null,
        "osm_id": "602051457",
        "tags": {
          "building": "yes"
        }
      },
      "geometry": {
        "type": "Polygon",
        "coordinates": [
          [
            [
              78.6553996,
              17.1863195
            ],
            [
              78.6553837,
              17.1862205
            ],
            [
              78.6551935,
              17.1862482
            ],
            [
              78.6552094,
              17.1863473
            ],
            [
              78.6553996,
              17.1863195
            ]
          ]
        ]
      }
    },
    {
      "type": "Feature",
      "id": "osm-way-602051458",
      "properties": {
        "kind": "building",
        "name": null,
        "osm_id": "602051458",
        "tags": {
          "building": "yes"
        }
      },
      "geometry": {
        "type": "Polygon",
        "coordinates": [
          [
            [
              78.6555523,
              17.1862814
            ],
            [
              78.6555366,
              17.1861833
            ],
            [
              78.6553922,
              17.1862044
            ],
            [
              78.6554079,
              17.1863025
            ],
            [
              78.6555523,
              17.1862814
            ]
          ]
        ]
      }
    },
    {
      "type": "Feature",
      "id": "osm-way-602051459",
      "properties": {
        "kind": "building",
        "name": null,
        "osm_id": "602051459",
        "tags": {
          "building": "yes"
        }
      },
      "geometry": {
        "type": "Polygon",
        "coordinates": [
          [
            [
              78.6558069,
              17.1864853
            ],
            [
              78.6557904,
              17.1863824
            ],
            [
              78.6556476,
              17.1864032
            ],
            [
              78.655664,
              17.1865062
            ],
            [
              78.6558069,
              17.1864853
            ]
          ]
        ]
      }
    },
    {
      "type": "Feature",
      "id": "osm-way-602051460",
      "properties": {
        "kind": "building",
        "name": null,
        "osm_id": "602051460",
        "tags": {
          "building": "yes"
        }
      },
      "geometry": {
        "type": "Polygon",
        "coordinates": [
          [
            [
              78.655771,
              17.1862592
            ],
            [
              78.6557562,
              17.1861667
            ],
            [
              78.655609,
              17.1861882
            ],
            [
              78.6556238,
              17.1862807
            ],
            [
              78.655771,
              17.1862592
            ]
          ]
        ]
      }
    },
    {
      "type": "Feature",
      "id": "osm-way-602051461",
      "properties": {
        "kind": "building",
        "name": null,
        "osm_id": "602051461",
        "tags": {
          "building": "yes"
        }
      },
      "geometry": {
        "type": "Polygon",
        "coordinates": [
          [
            [
              78.6562183,
              17.1859128
            ],
            [
              78.6562014,
              17.1858073
            ],
            [
              78.6560602,
              17.1858279
            ],
            [
              78.6560771,
              17.1859335
            ],
            [
              78.6562183,
              17.1859128
            ]
          ]
        ]
      }
    },
    {
      "type": "Feature",
      "id": "osm-way-602051462",
      "properties": {
        "kind": "building",
        "name": null,
        "osm_id": "602051462",
        "tags": {
          "building": "yes"
        }
      },
      "geometry": {
        "type": "Polygon",
        "coordinates": [
          [
            [
              78.6567543,
              17.1867855
            ],
            [
              78.6567543,
              17.186747
            ],
            [
              78.6567155,
              17.186747
            ],
            [
              78.6567155,
              17.1867855
            ],
            [
              78.6567543,
              17.1867855
            ]
          ]
        ]
      }
    },
    {
      "type": "Feature",
      "id": "osm-way-602051463",
      "properties": {
        "kind": "building",
        "name": null,
        "osm_id": "602051463",
        "tags": {
          "building": "yes"
        }
      },
      "geometry": {
        "type": "Polygon",
        "coordinates": [
          [
            [
              78.6568432,
              17.1871386
            ],
            [
              78.6568459,
              17.1870623
            ],
            [
              78.656802,
              17.1870609
            ],
            [
              78.6567993,
              17.1871372
            ],
            [
              78.6568432,
              17.1871386
            ]
          ]
        ]
      }
    },
    {
      "type": "Feature",
      "id": "osm-way-602051464",
      "properties": {
        "kind": "building",
        "name": null,
        "osm_id": "602051464",
        "tags": {
          "building": "yes"
        }
      },
      "geometry": {
        "type": "Polygon",
        "coordinates": [
          [
            [
              78.6568462,
              17.1870546
            ],
            [
              78.6568468,
              17.1868112
            ],
            [
              78.6568006,
              17.1868111
            ],
            [
              78.6567999,
              17.1870545
            ],
            [
              78.6568462,
              17.1870546
            ]
          ]
        ]
      }
    },
    {
      "type": "Feature",
      "id": "osm-way-602051465",
      "properties": {
        "kind": "building",
        "name": null,
        "osm_id": "602051465",
        "tags": {
          "building": "yes"
        }
      },
      "geometry": {
        "type": "Polygon",
        "coordinates": [
          [
            [
              78.6566692,
              17.1869157
            ],
            [
              78.6566639,
              17.1867415
            ],
            [
              78.6566028,
              17.1867432
            ],
            [
              78.6566082,
              17.1869174
            ],
            [
              78.6566692,
              17.1869157
            ]
          ]
        ]
      }
    },
    {
      "type": "Feature",
      "id": "osm-way-602051466",
      "properties": {
        "kind": "building",
        "name": null,
        "osm_id": "602051466",
        "tags": {
          "building": "yes"
        }
      },
      "geometry": {
        "type": "Polygon",
        "coordinates": [
          [
            [
              78.6569097,
              17.1858281
            ],
            [
              78.6568909,
              17.1857435
            ],
            [
              78.6567503,
              17.185772
            ],
            [
              78.6567691,
              17.1858566
            ],
            [
              78.6569097,
              17.1858281
            ]
          ]
        ]
      }
    },
    {
      "type": "Feature",
      "id": "osm-way-602051467",
      "properties": {
        "kind": "building",
        "name": null,
        "osm_id": "602051467",
        "tags": {
          "building": "yes"
        }
      },
      "geometry": {
        "type": "Polygon",
        "coordinates": [
          [
            [
              78.6578427,
              17.1861585
            ],
            [
              78.6578332,
              17.1861068
            ],
            [
              78.6577052,
              17.1861282
            ],
            [
              78.6577147,
              17.1861799
            ],
            [
              78.6578427,
              17.1861585
            ]
          ]
        ]
      }
    },
    {
      "type": "Feature",
      "id": "osm-way-602051468",
      "properties": {
        "kind": "building",
        "name": null,
        "osm_id": "602051468",
        "tags": {
          "building": "yes"
        }
      },
      "geometry": {
        "type": "Polygon",
        "coordinates": [
          [
            [
              78.6571093,
              17.1851017
            ],
            [
              78.6570932,
              17.1850178
            ],
            [
              78.6569602,
              17.1850411
            ],
            [
              78.6569763,
              17.185125
            ],
            [
              78.6571093,
              17.1851017
            ]
          ]
        ]
      }
    },
    {
      "type": "Feature",
      "id": "osm-way-602051469",
      "properties": {
        "kind": "building",
        "name": null,
        "osm_id": "602051469",
        "tags": {
          "building": "yes"
        }
      },
      "geometry": {
        "type": "Polygon",
        "coordinates": [
          [
            [
              78.6554159,
              17.185503
            ],
            [
              78.6554004,
              17.1854182
            ],
            [
              78.6552703,
              17.1854399
            ],
            [
              78.6552858,
              17.1855248
            ],
            [
              78.6554159,
              17.185503
            ]
          ]
        ]
      }
    },
    {
      "type": "Feature",
      "id": "osm-way-602051470",
      "properties": {
        "kind": "building",
        "name": null,
        "osm_id": "602051470",
        "tags": {
          "building": "yes"
        }
      },
      "geometry": {
        "type": "Polygon",
        "coordinates": [
          [
            [
              78.6556414,
              17.1855664
            ],
            [
              78.6556278,
              17.1854799
            ],
            [
              78.655507,
              17.1854972
            ],
            [
              78.6555205,
              17.1855837
            ],
            [
              78.6556414,
              17.1855664
            ]
          ]
        ]
      }
    },
    {
      "type": "Feature",
      "id": "osm-way-602051471",
      "properties": {
        "kind": "building",
        "name": null,
        "osm_id": "602051471",
        "tags": {
          "building": "yes"
        }
      },
      "geometry": {
        "type": "Polygon",
        "coordinates": [
          [
            [
              78.655666,
              17.1856721
            ],
            [
              78.655652,
              17.1855824
            ],
            [
              78.6555091,
              17.1856029
            ],
            [
              78.6555232,
              17.1856926
            ],
            [
              78.655666,
              17.1856721
            ]
          ]
        ]
      }
    },
    {
      "type": "Feature",
      "id": "osm-way-602051472",
      "properties": {
        "kind": "building",
        "name": null,
        "osm_id": "602051472",
        "tags": {
          "building": "yes"
        }
      },
      "geometry": {
        "type": "Polygon",
        "coordinates": [
          [
            [
              78.6559643,
              17.185235
            ],
            [
              78.6559536,
              17.1851402
            ],
            [
              78.6558156,
              17.1851545
            ],
            [
              78.6558263,
              17.1852493
            ],
            [
              78.6559643,
              17.185235
            ]
          ]
        ]
      }
    },
    {
      "type": "Feature",
      "id": "osm-way-602051473",
      "properties": {
        "kind": "building",
        "name": null,
        "osm_id": "602051473",
        "tags": {
          "building": "yes"
        }
      },
      "geometry": {
        "type": "Polygon",
        "coordinates": [
          [
            [
              78.6559411,
              17.1850223
            ],
            [
              78.655925,
              17.1849198
            ],
            [
              78.6557713,
              17.1849418
            ],
            [
              78.6557874,
              17.1850443
            ],
            [
              78.6559411,
              17.1850223
            ]
          ]
        ]
      }
    },
    {
      "type": "Feature",
      "id": "osm-way-602051474",
      "properties": {
        "kind": "building",
        "name": null,
        "osm_id": "602051474",
        "tags": {
          "building": "yes"
        }
      },
      "geometry": {
        "type": "Polygon",
        "coordinates": [
          [
            [
              78.6551905,
              17.1844956
            ],
            [
              78.6551771,
              17.1844239
            ],
            [
              78.6550552,
              17.1844447
            ],
            [
              78.6550686,
              17.1845164
            ],
            [
              78.6551905,
              17.1844956
            ]
          ]
        ]
      }
    },
    {
      "type": "Feature",
      "id": "osm-way-602051475",
      "properties": {
        "kind": "building",
        "name": null,
        "osm_id": "602051475",
        "tags": {
          "building": "yes"
        }
      },
      "geometry": {
        "type": "Polygon",
        "coordinates": [
          [
            [
              78.6574772,
              17.1824895
            ],
            [
              78.6574647,
              17.1824432
            ],
            [
              78.6573816,
              17.1824637
            ],
            [
              78.657394,
              17.18251
            ],
            [
              78.6574772,
              17.1824895
            ]
          ]
        ]
      }
    },
    {
      "type": "Feature",
      "id": "osm-way-602051476",
      "properties": {
        "kind": "building",
        "name": null,
        "osm_id": "602051476",
        "tags": {
          "building": "yes"
        }
      },
      "geometry": {
        "type": "Polygon",
        "coordinates": [
          [
            [
              78.6575437,
              17.1823337
            ],
            [
              78.6575142,
              17.1822568
            ],
            [
              78.6573914,
              17.1822999
            ],
            [
              78.6574209,
              17.1823767
            ],
            [
              78.6575437,
              17.1823337
            ]
          ]
        ]
      }
    },
    {
      "type": "Feature",
      "id": "osm-way-602051477",
      "properties": {
        "kind": "building",
        "name": null,
        "osm_id": "602051477",
        "tags": {
          "building": "yes"
        }
      },
      "geometry": {
        "type": "Polygon",
        "coordinates": [
          [
            [
              78.6562273,
              17.1837631
            ],
            [
              78.6562198,
              17.1837132
            ],
            [
              78.6561072,
              17.1837286
            ],
            [
              78.6561146,
              17.1837784
            ],
            [
              78.6562273,
              17.1837631
            ]
          ]
        ]
      }
    },
    {
      "type": "Feature",
      "id": "osm-way-602051478",
      "properties": {
        "kind": "building",
        "name": null,
        "osm_id": "602051478",
        "tags": {
          "building": "yes"
        }
      },
      "geometry": {
        "type": "Polygon",
        "coordinates": [
          [
            [
              78.655301,
              17.183104
            ],
            [
              78.6552912,
              17.1830071
            ],
            [
              78.6551473,
              17.1830205
            ],
            [
              78.6551571,
              17.1831173
            ],
            [
              78.655301,
              17.183104
            ]
          ]
        ]
      }
    },
    {
      "type": "Feature",
      "id": "osm-way-602051479",
      "properties": {
        "kind": "building",
        "name": null,
        "osm_id": "602051479",
        "tags": {
          "building": "yes"
        }
      },
      "geometry": {
        "type": "Polygon",
        "coordinates": [
          [
            [
              78.6549927,
              17.1790862
            ],
            [
              78.6549854,
              17.1790147
            ],
            [
              78.6549272,
              17.1790201
            ],
            [
              78.6549345,
              17.1790916
            ],
            [
              78.6549927,
              17.1790862
            ]
          ]
        ]
      }
    },
    {
      "type": "Feature",
      "id": "osm-way-602051480",
      "properties": {
        "kind": "building",
        "name": null,
        "osm_id": "602051480",
        "tags": {
          "building": "yes"
        }
      },
      "geometry": {
        "type": "Polygon",
        "coordinates": [
          [
            [
              78.6540696,
              17.1798028
            ],
            [
              78.6540601,
              17.1797092
            ],
            [
              78.6539916,
              17.1797155
            ],
            [
              78.6540011,
              17.1798091
            ],
            [
              78.6540696,
              17.1798028
            ]
          ]
        ]
      }
    },
    {
      "type": "Feature",
      "id": "osm-way-602051481",
      "properties": {
        "kind": "building",
        "name": null,
        "osm_id": "602051481",
        "tags": {
          "building": "yes"
        }
      },
      "geometry": {
        "type": "Polygon",
        "coordinates": [
          [
            [
              78.6538895,
              17.1788161
            ],
            [
              78.653883,
              17.1787521
            ],
            [
              78.6537451,
              17.1787648
            ],
            [
              78.6537516,
              17.1788289
            ],
            [
              78.6538895,
              17.1788161
            ]
          ]
        ]
      }
    },
    {
      "type": "Feature",
      "id": "osm-way-602051482",
      "properties": {
        "kind": "building",
        "name": null,
        "osm_id": "602051482",
        "tags": {
          "building": "yes"
        }
      },
      "geometry": {
        "type": "Polygon",
        "coordinates": [
          [
            [
              78.6537318,
              17.178826
            ],
            [
              78.6537248,
              17.1787572
            ],
            [
              78.6536239,
              17.1787665
            ],
            [
              78.6536309,
              17.1788353
            ],
            [
              78.6537318,
              17.178826
            ]
          ]
        ]
      }
    },
    {
      "type": "Feature",
      "id": "osm-way-602051483",
      "properties": {
        "kind": "building",
        "name": null,
        "osm_id": "602051483",
        "tags": {
          "building": "yes"
        }
      },
      "geometry": {
        "type": "Polygon",
        "coordinates": [
          [
            [
              78.6537809,
              17.1791318
            ],
            [
              78.6537522,
              17.1788486
            ],
            [
              78.6536363,
              17.1788593
            ],
            [
              78.653665,
              17.1791425
            ],
            [
              78.6537809,
              17.1791318
            ]
          ]
        ]
      }
    },
    {
      "type": "Feature",
      "id": "osm-way-602051484",
      "properties": {
        "kind": "building",
        "name": null,
        "osm_id": "602051484",
        "tags": {
          "building": "yes"
        }
      },
      "geometry": {
        "type": "Polygon",
        "coordinates": [
          [
            [
              78.6516577,
              17.1776612
            ],
            [
              78.6516555,
              17.1775912
            ],
            [
              78.6515513,
              17.1775943
            ],
            [
              78.6515535,
              17.1776642
            ],
            [
              78.6516577,
              17.1776612
            ]
          ]
        ]
      }
    },
    {
      "type": "Feature",
      "id": "osm-way-602051485",
      "properties": {
        "kind": "building",
        "name": null,
        "osm_id": "602051485",
        "tags": {
          "building": "yes"
        }
      },
      "geometry": {
        "type": "Polygon",
        "coordinates": [
          [
            [
              78.6522461,
              17.1780489
            ],
            [
              78.6522442,
              17.177991
            ],
            [
              78.6521243,
              17.1779945
            ],
            [
              78.6521262,
              17.1780525
            ],
            [
              78.6522461,
              17.1780489
            ]
          ]
        ]
      }
    },
    {
      "type": "Feature",
      "id": "osm-way-602051486",
      "properties": {
        "kind": "building",
        "name": null,
        "osm_id": "602051486",
        "tags": {
          "building": "yes"
        }
      },
      "geometry": {
        "type": "Polygon",
        "coordinates": [
          [
            [
              78.6525471,
              17.1783129
            ],
            [
              78.6525446,
              17.1782376
            ],
            [
              78.6524255,
              17.1782411
            ],
            [
              78.6524279,
              17.1783164
            ],
            [
              78.6525471,
              17.1783129
            ]
          ]
        ]
      }
    },
    {
      "type": "Feature",
      "id": "osm-way-602051487",
      "properties": {
        "kind": "building",
        "name": null,
        "osm_id": "602051487",
        "tags": {
          "building": "yes"
        }
      },
      "geometry": {
        "type": "Polygon",
        "coordinates": [
          [
            [
              78.6519743,
              17.1787335
            ],
            [
              78.651972,
              17.1786624
            ],
            [
              78.6518637,
              17.1786656
            ],
            [
              78.651866,
              17.1787367
            ],
            [
              78.6519743,
              17.1787335
            ]
          ]
        ]
      }
    },
    {
      "type": "Feature",
      "id": "osm-way-602051488",
      "properties": {
        "kind": "building",
        "name": null,
        "osm_id": "602051488",
        "tags": {
          "building": "yes"
        }
      },
      "geometry": {
        "type": "Polygon",
        "coordinates": [
          [
            [
              78.6518553,
              17.1788294
            ],
            [
              78.6518526,
              17.1787469
            ],
            [
              78.6517373,
              17.1787503
            ],
            [
              78.65174,
              17.1788328
            ],
            [
              78.6518553,
              17.1788294
            ]
          ]
        ]
      }
    },
    {
      "type": "Feature",
      "id": "osm-way-602051489",
      "properties": {
        "kind": "building",
        "name": null,
        "osm_id": "602051489",
        "tags": {
          "building": "yes"
        }
      },
      "geometry": {
        "type": "Polygon",
        "coordinates": [
          [
            [
              78.6519201,
              17.17909
            ],
            [
              78.6519183,
              17.1790339
            ],
            [
              78.6518642,
              17.1790355
            ],
            [
              78.651866,
              17.1790916
            ],
            [
              78.6519201,
              17.17909
            ]
          ]
        ]
      }
    },
    {
      "type": "Feature",
      "id": "osm-way-602051490",
      "properties": {
        "kind": "building",
        "name": null,
        "osm_id": "602051490",
        "tags": {
          "building": "yes"
        }
      },
      "geometry": {
        "type": "Polygon",
        "coordinates": [
          [
            [
              78.652361,
              17.1788761
            ],
            [
              78.6523595,
              17.1788315
            ],
            [
              78.6522226,
              17.1788355
            ],
            [
              78.6522241,
              17.1788802
            ],
            [
              78.652361,
              17.1788761
            ]
          ]
        ]
      }
    },
    {
      "type": "Feature",
      "id": "osm-way-602051491",
      "properties": {
        "kind": "building",
        "name": null,
        "osm_id": "602051491",
        "tags": {
          "building": "yes"
        }
      },
      "geometry": {
        "type": "Polygon",
        "coordinates": [
          [
            [
              78.6524867,
              17.1793405
            ],
            [
              78.6524994,
              17.1793073
            ],
            [
              78.6524423,
              17.1792873
            ],
            [
              78.6524295,
              17.1793205
            ],
            [
              78.6524867,
              17.1793405
            ]
          ]
        ]
      }
    },
    {
      "type": "Feature",
      "id": "osm-way-602051492",
      "properties": {
        "kind": "building",
        "name": null,
        "osm_id": "602051492",
        "tags": {
          "building": "yes"
        }
      },
      "geometry": {
        "type": "Polygon",
        "coordinates": [
          [
            [
              78.6524928,
              17.179214
            ],
            [
              78.6524443,
              17.1792154
            ],
            [
              78.6524464,
              17.1792808
            ],
            [
              78.6524949,
              17.1792794
            ],
            [
              78.6524928,
              17.179214
            ]
          ]
        ]
      }
    },
    {
      "type": "Feature",
      "id": "osm-way-602051493",
      "properties": {
        "kind": "building",
        "name": null,
        "osm_id": "602051493",
        "tags": {
          "building": "yes"
        }
      },
      "geometry": {
        "type": "Polygon",
        "coordinates": [
          [
            [
              78.6525609,
              17.1794426
            ],
            [
              78.6525708,
              17.179417
            ],
            [
              78.6525183,
              17.1793985
            ],
            [
              78.6525084,
              17.1794241
            ],
            [
              78.6525609,
              17.1794426
            ]
          ]
        ]
      }
    },
    {
      "type": "Feature",
      "id": "osm-way-602051494",
      "properties": {
        "kind": "building",
        "name": null,
        "osm_id": "602051494",
        "tags": {
          "building": "yes"
        }
      },
      "geometry": {
        "type": "Polygon",
        "coordinates": [
          [
            [
              78.6523979,
              17.1794516
            ],
            [
              78.6524306,
              17.1793671
            ],
            [
              78.6523507,
              17.1793389
            ],
            [
              78.652318,
              17.1794234
            ],
            [
              78.6523979,
              17.1794516
            ]
          ]
        ]
      }
    },
    {
      "type": "Feature",
      "id": "osm-way-602051495",
      "properties": {
        "kind": "building",
        "name": null,
        "osm_id": "602051495",
        "tags": {
          "building": "yes"
        }
      },
      "geometry": {
        "type": "Polygon",
        "coordinates": [
          [
            [
              78.6521163,
              17.1797517
            ],
            [
              78.6521389,
              17.1796931
            ],
            [
              78.6521092,
              17.1796827
            ],
            [
              78.6520866,
              17.1797412
            ],
            [
              78.6521163,
              17.1797517
            ]
          ]
        ]
      }
    },
    {
      "type": "Feature",
      "id": "osm-way-602051496",
      "properties": {
        "kind": "building",
        "name": null,
        "osm_id": "602051496",
        "tags": {
          "building": "yes"
        }
      },
      "geometry": {
        "type": "Polygon",
        "coordinates": [
          [
            [
              78.6522644,
              17.1797827
            ],
            [
              78.6522757,
              17.1797534
            ],
            [
              78.6521436,
              17.1797068
            ],
            [
              78.6521322,
              17.1797361
            ],
            [
              78.6522644,
              17.1797827
            ]
          ]
        ]
      }
    },
    {
      "type": "Feature",
      "id": "osm-way-602051497",
      "properties": {
        "kind": "building",
        "name": null,
        "osm_id": "602051497",
        "tags": {
          "building": "yes"
        }
      },
      "geometry": {
        "type": "Polygon",
        "coordinates": [
          [
            [
              78.6520979,
              17.1800175
            ],
            [
              78.6521235,
              17.1799513
            ],
            [
              78.6519975,
              17.1799069
            ],
            [
              78.651972,
              17.1799731
            ],
            [
              78.6520979,
              17.1800175
            ]
          ]
        ]
      }
    },
    {
      "type": "Feature",
      "id": "osm-way-602051498",
      "properties": {
        "kind": "building",
        "name": null,
        "osm_id": "602051498",
        "tags": {
          "building": "yes"
        }
      },
      "geometry": {
        "type": "Polygon",
        "coordinates": [
          [
            [
              78.6517938,
              17.180267
            ],
            [
              78.6518499,
              17.1801217
            ],
            [
              78.6514273,
              17.1799727
            ],
            [
              78.6513711,
              17.1801179
            ],
            [
              78.6517938,
              17.180267
            ]
          ]
        ]
      }
    },
    {
      "type": "Feature",
      "id": "osm-way-602051499",
      "properties": {
        "kind": "building",
        "name": null,
        "osm_id": "602051499",
        "tags": {
          "building": "yes"
        }
      },
      "geometry": {
        "type": "Polygon",
        "coordinates": [
          [
            [
              78.6517014,
              17.1805144
            ],
            [
              78.6517836,
              17.1803015
            ],
            [
              78.6513521,
              17.1801493
            ],
            [
              78.6512698,
              17.1803622
            ],
            [
              78.6517014,
              17.1805144
            ]
          ]
        ]
      }
    },
    {
      "type": "Feature",
      "id": "osm-way-602051500",
      "properties": {
        "kind": "building",
        "name": null,
        "osm_id": "602051500",
        "tags": {
          "building": "yes"
        }
      },
      "geometry": {
        "type": "Polygon",
        "coordinates": [
          [
            [
              78.6514841,
              17.1808025
            ],
            [
              78.6515086,
              17.1807547
            ],
            [
              78.6514654,
              17.1807344
            ],
            [
              78.6514409,
              17.1807822
            ],
            [
              78.6514841,
              17.1808025
            ]
          ]
        ]
      }
    },
    {
      "type": "Feature",
      "id": "osm-way-602051502",
      "properties": {
        "kind": "building",
        "name": null,
        "osm_id": "602051502",
        "tags": {
          "building": "yes"
        }
      },
      "geometry": {
        "type": "Polygon",
        "coordinates": [
          [
            [
              78.6513867,
              17.1811492
            ],
            [
              78.6513805,
              17.1812558
            ],
            [
              78.6514325,
              17.1812586
            ],
            [
              78.6514409,
              17.181115
            ],
            [
              78.6513192,
              17.1811085
            ],
            [
              78.651317,
              17.1811455
            ],
            [
              78.6513867,
              17.1811492
            ]
          ]
        ]
      }
    },
    {
      "type": "Feature",
      "id": "osm-way-602051503",
      "properties": {
        "kind": "building",
        "name": null,
        "osm_id": "602051503",
        "tags": {
          "building": "yes"
        }
      },
      "geometry": {
        "type": "Polygon",
        "coordinates": [
          [
            [
              78.6512063,
              17.1824606
            ],
            [
              78.6512303,
              17.1823145
            ],
            [
              78.6510522,
              17.1822878
            ],
            [
              78.6510282,
              17.1824339
            ],
            [
              78.6512063,
              17.1824606
            ]
          ]
        ]
      }
    },
    {
      "type": "Feature",
      "id": "osm-way-602051504",
      "properties": {
        "kind": "building",
        "name": null,
        "osm_id": "602051504",
        "tags": {
          "building": "yes"
        }
      },
      "geometry": {
        "type": "Polygon",
        "coordinates": [
          [
            [
              78.6512471,
              17.1817087
            ],
            [
              78.6512478,
              17.1816797
            ],
            [
              78.6512082,
              17.1816789
            ],
            [
              78.6512075,
              17.1817079
            ],
            [
              78.6512471,
              17.1817087
            ]
          ]
        ]
      }
    },
    {
      "type": "Feature",
      "id": "osm-way-602051505",
      "properties": {
        "kind": "building",
        "name": null,
        "osm_id": "602051505",
        "tags": {
          "building": "yes"
        }
      },
      "geometry": {
        "type": "Polygon",
        "coordinates": [
          [
            [
              78.6512419,
              17.1817447
            ],
            [
              78.6512424,
              17.1817207
            ],
            [
              78.6511987,
              17.1817198
            ],
            [
              78.6511981,
              17.1817438
            ],
            [
              78.6512419,
              17.1817447
            ]
          ]
        ]
      }
    },
    {
      "type": "Feature",
      "id": "osm-way-602051506",
      "properties": {
        "kind": "building",
        "name": null,
        "osm_id": "602051506",
        "tags": {
          "building": "yes"
        }
      },
      "geometry": {
        "type": "Polygon",
        "coordinates": [
          [
            [
              78.6511865,
              17.1817628
            ],
            [
              78.6511884,
              17.1816759
            ],
            [
              78.6509738,
              17.1816714
            ],
            [
              78.6509719,
              17.1817584
            ],
            [
              78.6511865,
              17.1817628
            ]
          ]
        ]
      }
    },
    {
      "type": "Feature",
      "id": "osm-way-602051507",
      "properties": {
        "kind": "building",
        "name": null,
        "osm_id": "602051507",
        "tags": {
          "building": "yes"
        }
      },
      "geometry": {
        "type": "Polygon",
        "coordinates": [
          [
            [
              78.6509017,
              17.1824062
            ],
            [
              78.6509185,
              17.1823434
            ],
            [
              78.6507724,
              17.1823076
            ],
            [
              78.6507556,
              17.1823703
            ],
            [
              78.6509017,
              17.1824062
            ]
          ]
        ]
      }
    },
    {
      "type": "Feature",
      "id": "osm-way-602051508",
      "properties": {
        "kind": "building",
        "name": null,
        "osm_id": "602051508",
        "tags": {
          "building": "yes"
        }
      },
      "geometry": {
        "type": "Polygon",
        "coordinates": [
          [
            [
              78.6508639,
              17.1825773
            ],
            [
              78.650907,
              17.182417
            ],
            [
              78.6507386,
              17.1823757
            ],
            [
              78.6506955,
              17.182536
            ],
            [
              78.6508639,
              17.1825773
            ]
          ]
        ]
      }
    },
    {
      "type": "Feature",
      "id": "osm-way-602051509",
      "properties": {
        "kind": "building",
        "name": null,
        "osm_id": "602051509",
        "tags": {
          "building": "yes"
        }
      },
      "geometry": {
        "type": "Polygon",
        "coordinates": [
          [
            [
              78.6503884,
              17.1833599
            ],
            [
              78.6503996,
              17.1832961
            ],
            [
              78.650334,
              17.1832855
            ],
            [
              78.6503228,
              17.1833493
            ],
            [
              78.6503884,
              17.1833599
            ]
          ]
        ]
      }
    },
    {
      "type": "Feature",
      "id": "osm-way-602051510",
      "properties": {
        "kind": "building",
        "name": null,
        "osm_id": "602051510",
        "tags": {
          "building": "yes"
        }
      },
      "geometry": {
        "type": "Polygon",
        "coordinates": [
          [
            [
              78.650531,
              17.1838874
            ],
            [
              78.6505464,
              17.1838534
            ],
            [
              78.6504256,
              17.1838036
            ],
            [
              78.6504102,
              17.1838376
            ],
            [
              78.650531,
              17.1838874
            ]
          ]
        ]
      }
    },
    {
      "type": "Feature",
      "id": "osm-way-602051511",
      "properties": {
        "kind": "building",
        "name": null,
        "osm_id": "602051511",
        "tags": {
          "building": "yes"
        }
      },
      "geometry": {
        "type": "Polygon",
        "coordinates": [
          [
            [
              78.650438,
              17.184024
            ],
            [
              78.6504735,
              17.1839452
            ],
            [
              78.6502463,
              17.1838516
            ],
            [
              78.6502108,
              17.1839304
            ],
            [
              78.650438,
              17.184024
            ]
          ]
        ]
      }
    },
    {
      "type": "Feature",
      "id": "osm-way-602051512",
      "properties": {
        "kind": "building",
        "name": null,
        "osm_id": "602051512",
        "tags": {
          "building": "yes"
        }
      },
      "geometry": {
        "type": "Polygon",
        "coordinates": [
          [
            [
              78.6503907,
              17.1841242
            ],
            [
              78.6504257,
              17.1840308
            ],
            [
              78.6503399,
              17.1840015
            ],
            [
              78.650305,
              17.1840949
            ],
            [
              78.6503907,
              17.1841242
            ]
          ]
        ]
      }
    },
    {
      "type": "Feature",
      "id": "osm-way-602051513",
      "properties": {
        "kind": "building",
        "name": null,
        "osm_id": "602051513",
        "tags": {
          "building": "yes"
        }
      },
      "geometry": {
        "type": "Polygon",
        "coordinates": [
          [
            [
              78.6503071,
              17.1840426
            ],
            [
              78.6503309,
              17.183988
            ],
            [
              78.6501984,
              17.1839352
            ],
            [
              78.6501746,
              17.1839899
            ],
            [
              78.6503071,
              17.1840426
            ]
          ]
        ]
      }
    },
    {
      "type": "Feature",
      "id": "osm-way-602051514",
      "properties": {
        "kind": "building",
        "name": null,
        "osm_id": "602051514",
        "tags": {
          "building": "yes"
        }
      },
      "geometry": {
        "type": "Polygon",
        "coordinates": [
          [
            [
              78.6500359,
              17.1839536
            ],
            [
              78.6500723,
              17.1838841
            ],
            [
              78.649939,
              17.1838205
            ],
            [
              78.6499026,
              17.1838899
            ],
            [
              78.6500359,
              17.1839536
            ]
          ]
        ]
      }
    },
    {
      "type": "Feature",
      "id": "osm-way-602051515",
      "properties": {
        "kind": "building",
        "name": null,
        "osm_id": "602051515",
        "tags": {
          "building": "yes"
        }
      },
      "geometry": {
        "type": "Polygon",
        "coordinates": [
          [
            [
              78.6497722,
              17.1840057
            ],
            [
              78.6497821,
              17.1839867
            ],
            [
              78.6496946,
              17.1839449
            ],
            [
              78.6496847,
              17.1839639
            ],
            [
              78.6497722,
              17.1840057
            ]
          ]
        ]
      }
    },
    {
      "type": "Feature",
      "id": "osm-way-602051516",
      "properties": {
        "kind": "building",
        "name": null,
        "osm_id": "602051516",
        "tags": {
          "building": "yes"
        }
      },
      "geometry": {
        "type": "Polygon",
        "coordinates": [
          [
            [
              78.649797,
              17.1839895
            ],
            [
              78.6498105,
              17.1839626
            ],
            [
              78.6497042,
              17.1839142
            ],
            [
              78.6496907,
              17.1839411
            ],
            [
              78.649797,
              17.1839895
            ]
          ]
        ]
      }
    },
    {
      "type": "Feature",
      "id": "osm-way-602051517",
      "properties": {
        "kind": "building",
        "name": null,
        "osm_id": "602051517",
        "tags": {
          "building": "yes"
        }
      },
      "geometry": {
        "type": "Polygon",
        "coordinates": [
          [
            [
              78.6497096,
              17.1840439
            ],
            [
              78.6497364,
              17.1839908
            ],
            [
              78.6496773,
              17.1839636
            ],
            [
              78.6496505,
              17.1840167
            ],
            [
              78.6497096,
              17.1840439
            ]
          ]
        ]
      }
    },
    {
      "type": "Feature",
      "id": "osm-way-602051518",
      "properties": {
        "kind": "building",
        "name": null,
        "osm_id": "602051518",
        "tags": {
          "building": "yes"
        }
      },
      "geometry": {
        "type": "Polygon",
        "coordinates": [
          [
            [
              78.6495028,
              17.1839291
            ],
            [
              78.649545,
              17.183841
            ],
            [
              78.6494663,
              17.1838065
            ],
            [
              78.6494241,
              17.1838946
            ],
            [
              78.6495028,
              17.1839291
            ]
          ]
        ]
      }
    },
    {
      "type": "Feature",
      "id": "osm-way-602051519",
      "properties": {
        "kind": "building",
        "name": null,
        "osm_id": "602051519",
        "tags": {
          "building": "yes"
        }
      },
      "geometry": {
        "type": "Polygon",
        "coordinates": [
          [
            [
              78.6492568,
              17.1842737
            ],
            [
              78.6493803,
              17.1841235
            ],
            [
              78.6493136,
              17.1840734
            ],
            [
              78.6491901,
              17.1842236
            ],
            [
              78.6492568,
              17.1842737
            ]
          ]
        ]
      }
    },
    {
      "type": "Feature",
      "id": "osm-way-602064321",
      "properties": {
        "kind": "building",
        "name": null,
        "osm_id": "602064321",
        "tags": {
          "building": "yes"
        }
      },
      "geometry": {
        "type": "Polygon",
        "coordinates": [
          [
            [
              78.6527192,
              17.1874998
            ],
            [
              78.6527112,
              17.1874255
            ],
            [
              78.6526144,
              17.1874351
            ],
            [
              78.6526224,
              17.1875094
            ],
            [
              78.6527192,
              17.1874998
            ]
          ]
        ]
      }
    },
    {
      "type": "Feature",
      "id": "osm-way-602064323",
      "properties": {
        "kind": "building",
        "name": null,
        "osm_id": "602064323",
        "tags": {
          "building": "yes"
        }
      },
      "geometry": {
        "type": "Polygon",
        "coordinates": [
          [
            [
              78.652731,
              17.1876207
            ],
            [
              78.6527202,
              17.1875208
            ],
            [
              78.6526278,
              17.1875299
            ],
            [
              78.6526385,
              17.1876298
            ],
            [
              78.652731,
              17.1876207
            ]
          ]
        ]
      }
    },
    {
      "type": "Feature",
      "id": "osm-way-602064325",
      "properties": {
        "kind": "building",
        "name": null,
        "osm_id": "602064325",
        "tags": {
          "building": "yes"
        }
      },
      "geometry": {
        "type": "Polygon",
        "coordinates": [
          [
            [
              78.6531569,
              17.1874021
            ],
            [
              78.6531408,
              17.1872893
            ],
            [
              78.6530153,
              17.1873056
            ],
            [
              78.6530314,
              17.1874184
            ],
            [
              78.6531569,
              17.1874021
            ]
          ]
        ]
      }
    },
    {
      "type": "Feature",
      "id": "osm-way-602064327",
      "properties": {
        "kind": "building",
        "name": null,
        "osm_id": "602064327",
        "tags": {
          "building": "yes"
        }
      },
      "geometry": {
        "type": "Polygon",
        "coordinates": [
          [
            [
              78.6533123,
              17.1876704
            ],
            [
              78.6533016,
              17.1875768
            ],
            [
              78.653065,
              17.1876016
            ],
            [
              78.6530757,
              17.1876951
            ],
            [
              78.6533123,
              17.1876704
            ]
          ]
        ]
      }
    },
    {
      "type": "Feature",
      "id": "osm-way-602064329",
      "properties": {
        "kind": "building",
        "name": null,
        "osm_id": "602064329",
        "tags": {
          "building": "yes"
        }
      },
      "geometry": {
        "type": "Polygon",
        "coordinates": [
          [
            [
              78.6538794,
              17.1876045
            ],
            [
              78.6538687,
              17.1875187
            ],
            [
              78.6537597,
              17.1875311
            ],
            [
              78.6537704,
              17.187617
            ],
            [
              78.6538794,
              17.1876045
            ]
          ]
        ]
      }
    },
    {
      "type": "Feature",
      "id": "osm-way-602064330",
      "properties": {
        "kind": "building",
        "name": null,
        "osm_id": "602064330",
        "tags": {
          "building": "yes"
        }
      },
      "geometry": {
        "type": "Polygon",
        "coordinates": [
          [
            [
              78.6541757,
              17.1875932
            ],
            [
              78.6541687,
              17.1874966
            ],
            [
              78.6540423,
              17.1875049
            ],
            [
              78.6540493,
              17.1876016
            ],
            [
              78.6541757,
              17.1875932
            ]
          ]
        ]
      }
    },
    {
      "type": "Feature",
      "id": "osm-way-602064332",
      "properties": {
        "kind": "building",
        "name": null,
        "osm_id": "602064332",
        "tags": {
          "building": "yes"
        }
      },
      "geometry": {
        "type": "Polygon",
        "coordinates": [
          [
            [
              78.654164,
              17.1874016
            ],
            [
              78.654158,
              17.1873185
            ],
            [
              78.6540393,
              17.1873263
            ],
            [
              78.6540453,
              17.1874094
            ],
            [
              78.654164,
              17.1874016
            ]
          ]
        ]
      }
    },
    {
      "type": "Feature",
      "id": "osm-way-602064334",
      "properties": {
        "kind": "building",
        "name": null,
        "osm_id": "602064334",
        "tags": {
          "building": "yes"
        }
      },
      "geometry": {
        "type": "Polygon",
        "coordinates": [
          [
            [
              78.654453,
              17.1872897
            ],
            [
              78.654445,
              17.1871788
            ],
            [
              78.6543202,
              17.1871871
            ],
            [
              78.6543283,
              17.187298
            ],
            [
              78.654453,
              17.1872897
            ]
          ]
        ]
      }
    },
    {
      "type": "Feature",
      "id": "osm-way-602064335",
      "properties": {
        "kind": "building",
        "name": null,
        "osm_id": "602064335",
        "tags": {
          "building": "yes"
        }
      },
      "geometry": {
        "type": "Polygon",
        "coordinates": [
          [
            [
              78.6543418,
              17.1874774
            ],
            [
              78.654335,
              17.1873838
            ],
            [
              78.6542209,
              17.1873914
            ],
            [
              78.6542277,
              17.187485
            ],
            [
              78.6543418,
              17.1874774
            ]
          ]
        ]
      }
    },
    {
      "type": "Feature",
      "id": "osm-way-602064337",
      "properties": {
        "kind": "building",
        "name": null,
        "osm_id": "602064337",
        "tags": {
          "building": "yes"
        }
      },
      "geometry": {
        "type": "Polygon",
        "coordinates": [
          [
            [
              78.6543286,
              17.1879034
            ],
            [
              78.6543229,
              17.1878258
            ],
            [
              78.6542569,
              17.1878302
            ],
            [
              78.6542626,
              17.1879078
            ],
            [
              78.6543286,
              17.1879034
            ]
          ]
        ]
      }
    },
    {
      "type": "Feature",
      "id": "osm-way-602064339",
      "properties": {
        "kind": "building",
        "name": null,
        "osm_id": "602064339",
        "tags": {
          "building": "yes"
        }
      },
      "geometry": {
        "type": "Polygon",
        "coordinates": [
          [
            [
              78.6544614,
              17.1879233
            ],
            [
              78.654453,
              17.1878079
            ],
            [
              78.6543387,
              17.1878155
            ],
            [
              78.6543471,
              17.1879309
            ],
            [
              78.6544614,
              17.1879233
            ]
          ]
        ]
      }
    },
    {
      "type": "Feature",
      "id": "osm-way-602064344",
      "properties": {
        "kind": "building",
        "name": null,
        "osm_id": "602064344",
        "tags": {
          "building": "yes"
        }
      },
      "geometry": {
        "type": "Polygon",
        "coordinates": [
          [
            [
              78.6542478,
              17.1882691
            ],
            [
              78.65420513211316,
              17.188271928810174
            ],
            [
              78.65424862745769,
              17.18828046077064
            ],
            [
              78.6542478,
              17.1882691
            ]
          ]
        ]
      }
    },
    {
      "type": "Feature",
      "id": "osm-way-602064345",
      "properties": {
        "kind": "building",
        "name": null,
        "osm_id": "602064345",
        "tags": {
          "building": "yes"
        }
      },
      "geometry": {
        "type": "Polygon",
        "coordinates": [
          [
            [
              78.6545621,
              17.1882315
            ],
            [
              78.6544036,
              17.188242
            ],
            [
              78.65440862935584,
              17.188311744440604
            ],
            [
              78.65457013155061,
              17.188341455752422
            ],
            [
              78.6545621,
              17.1882315
            ]
          ]
        ]
      }
    },
    {
      "type": "Feature",
      "id": "osm-way-602064346",
      "properties": {
        "kind": "building",
        "name": null,
        "osm_id": "602064346",
        "tags": {
          "building": "yes"
        }
      },
      "geometry": {
        "type": "Polygon",
        "coordinates": [
          [
            [
              78.6546978,
              17.1880574
            ],
            [
              78.6546904,
              17.1879552
            ],
            [
              78.654569,
              17.1879633
            ],
            [
              78.6545764,
              17.1880654
            ],
            [
              78.6546978,
              17.1880574
            ]
          ]
        ]
      }
    },
    {
      "type": "Feature",
      "id": "osm-way-602064347",
      "properties": {
        "kind": "building",
        "name": null,
        "osm_id": "602064347",
        "tags": {
          "building": "yes"
        }
      },
      "geometry": {
        "type": "Polygon",
        "coordinates": [
          [
            [
              78.6545037,
              17.188079
            ],
            [
              78.6544959,
              17.1879719
            ],
            [
              78.6544117,
              17.1879775
            ],
            [
              78.6544195,
              17.1880846
            ],
            [
              78.6545037,
              17.188079
            ]
          ]
        ]
      }
    },
    {
      "type": "Feature",
      "id": "osm-way-602064348",
      "properties": {
        "kind": "building",
        "name": null,
        "osm_id": "602064348",
        "tags": {
          "building": "yes"
        }
      },
      "geometry": {
        "type": "Polygon",
        "coordinates": [
          [
            [
              78.6542341,
              17.1880391
            ],
            [
              78.6542304,
              17.1879876
            ],
            [
              78.6541143,
              17.1879953
            ],
            [
              78.6541181,
              17.1880468
            ],
            [
              78.6542341,
              17.1880391
            ]
          ]
        ]
      }
    },
    {
      "type": "Feature",
      "id": "osm-way-602064349",
      "properties": {
        "kind": "building",
        "name": null,
        "osm_id": "602064349",
        "tags": {
          "building": "yes"
        }
      },
      "geometry": {
        "type": "Polygon",
        "coordinates": [
          [
            [
              78.6542357,
              17.1881927
            ],
            [
              78.6542251,
              17.1880476
            ],
            [
              78.6541166,
              17.1880548
            ],
            [
              78.6541271,
              17.1881999
            ],
            [
              78.6542357,
              17.1881927
            ]
          ]
        ]
      }
    },
    {
      "type": "Feature",
      "id": "osm-way-602064350",
      "properties": {
        "kind": "building",
        "name": null,
        "osm_id": "602064350",
        "tags": {
          "building": "yes"
        }
      },
      "geometry": {
        "type": "Polygon",
        "coordinates": [
          [
            [
              78.6541014,
              17.1879377
            ],
            [
              78.654092,
              17.1878467
            ],
            [
              78.6540279,
              17.1878527
            ],
            [
              78.6540373,
              17.1879437
            ],
            [
              78.6541014,
              17.1879377
            ]
          ]
        ]
      }
    },
    {
      "type": "Feature",
      "id": "osm-way-602064351",
      "properties": {
        "kind": "building",
        "name": null,
        "osm_id": "602064351",
        "tags": {
          "building": "yes"
        }
      },
      "geometry": {
        "type": "Polygon",
        "coordinates": [
          [
            [
              78.6539517,
              17.1879644
            ],
            [
              78.6539423,
              17.1878581
            ],
            [
              78.6538656,
              17.1878643
            ],
            [
              78.653875,
              17.1879706
            ],
            [
              78.6539517,
              17.1879644
            ]
          ]
        ]
      }
    },
    {
      "type": "Feature",
      "id": "osm-way-602064352",
      "properties": {
        "kind": "building",
        "name": null,
        "osm_id": "602064352",
        "tags": {
          "building": "yes"
        }
      },
      "geometry": {
        "type": "Polygon",
        "coordinates": [
          [
            [
              78.6539593,
              17.1881375
            ],
            [
              78.6538535,
              17.1881448
            ],
            [
              78.6538577826891,
              17.188201305927812
            ],
            [
              78.65396584285729,
              17.188223826654394
            ],
            [
              78.6539593,
              17.1881375
            ]
          ]
        ]
      }
    },
    {
      "type": "Feature",
      "id": "osm-way-602064353",
      "properties": {
        "kind": "building",
        "name": null,
        "osm_id": "602064353",
        "tags": {
          "building": "yes"
        }
      },
      "geometry": {
        "type": "Polygon",
        "coordinates": [
          [
            [
              78.653705,
              17.1879875
            ],
            [
              78.6536929,
              17.1878837
            ],
            [
              78.6534901,
              17.1879053
            ],
            [
              78.6535022,
              17.188009
            ],
            [
              78.653705,
              17.1879875
            ]
          ]
        ]
      }
    },
    {
      "type": "Feature",
      "id": "osm-way-602064354",
      "properties": {
        "kind": "building",
        "name": null,
        "osm_id": "602064354",
        "tags": {
          "building": "yes"
        }
      },
      "geometry": {
        "type": "Polygon",
        "coordinates": [
          [
            [
              78.6535921,
              17.1880742
            ],
            [
              78.6535156,
              17.1880782
            ],
            [
              78.65351848340111,
              17.188128082839153
            ],
            [
              78.65359620926745,
              17.18814523896088
            ],
            [
              78.6535921,
              17.1880742
            ]
          ]
        ]
      }
    },
    {
      "type": "Feature",
      "id": "osm-way-602064355",
      "properties": {
        "kind": "building",
        "name": null,
        "osm_id": "602064355",
        "tags": {
          "building": "yes"
        }
      },
      "geometry": {
        "type": "Polygon",
        "coordinates": [
          [
            [
              78.6537166,
              17.1881443
            ],
            [
              78.6537058,
              17.1880546
            ],
            [
              78.6536068,
              17.1880654
            ],
            [
              78.65361686763848,
              17.188149798801057
            ],
            [
              78.65363315518039,
              17.188153393885486
            ],
            [
              78.6537166,
              17.1881443
            ]
          ]
        ]
      }
    },
    {
      "type": "Feature",
      "id": "osm-way-602064356",
      "properties": {
        "kind": "building",
        "name": null,
        "osm_id": "602064356",
        "tags": {
          "building": "yes"
        }
      },
      "geometry": {
        "type": "Polygon",
        "coordinates": [
          [
            [
              78.6537258,
              17.1881718
            ],
            [
              78.65371747248551,
              17.188172004909312
            ],
            [
              78.65372226994819,
              17.188173063834192
            ],
            [
              78.65372585506812,
              17.18817381100595
            ],
            [
              78.6537258,
              17.1881718
            ]
          ]
        ]
      }
    },
    {
      "type": "Feature",
      "id": "osm-way-602064555",
      "properties": {
        "kind": "building",
        "name": null,
        "osm_id": "602064555",
        "tags": {
          "building": "yes"
        }
      },
      "geometry": {
        "type": "Polygon",
        "coordinates": [
          [
            [
              78.6505412,
              17.1872921
            ],
            [
              78.6505678,
              17.187216
            ],
            [
              78.6504898,
              17.1871911
            ],
            [
              78.6504632,
              17.1872672
            ],
            [
              78.6505412,
              17.1872921
            ]
          ]
        ]
      }
    },
    {
      "type": "Feature",
      "id": "osm-way-602064556",
      "properties": {
        "kind": "building",
        "name": null,
        "osm_id": "602064556",
        "tags": {
          "building": "yes"
        }
      },
      "geometry": {
        "type": "Polygon",
        "coordinates": [
          [
            [
              78.650441,
              17.1871065
            ],
            [
              78.6504619,
              17.1870468
            ],
            [
              78.6504668,
              17.1870326
            ],
            [
              78.6503602,
              17.1869986
            ],
            [
              78.6503345,
              17.1870725
            ],
            [
              78.650441,
              17.1871065
            ]
          ]
        ]
      }
    },
    {
      "type": "Feature",
      "id": "osm-way-602064557",
      "properties": {
        "kind": "building",
        "name": null,
        "osm_id": "602064557",
        "tags": {
          "building": "yes"
        }
      },
      "geometry": {
        "type": "Polygon",
        "coordinates": [
          [
            [
              78.650314,
              17.1870656
            ],
            [
              78.6503452,
              17.1869764
            ],
            [
              78.6502262,
              17.1869384
            ],
            [
              78.650195,
              17.1870276
            ],
            [
              78.650314,
              17.1870656
            ]
          ]
        ]
      }
    },
    {
      "type": "Feature",
      "id": "osm-way-602064560",
      "properties": {
        "kind": "building",
        "name": null,
        "osm_id": "602064560",
        "tags": {
          "building": "yes"
        }
      },
      "geometry": {
        "type": "Polygon",
        "coordinates": [
          [
            [
              78.6503841,
              17.1872032
            ],
            [
              78.6502707,
              17.187167
            ],
            [
              78.65025800646005,
              17.187203300428248
            ],
            [
              78.6503703715781,
              17.18724245993823
            ],
            [
              78.6503841,
              17.1872032
            ]
          ]
        ]
      }
    },
    {
      "type": "Feature",
      "id": "osm-way-602064562",
      "properties": {
        "kind": "building",
        "name": null,
        "osm_id": "602064562",
        "tags": {
          "building": "yes"
        }
      },
      "geometry": {
        "type": "Polygon",
        "coordinates": [
          [
            [
              78.6500506,
              17.1870985
            ],
            [
              78.6499325,
              17.1870718
            ],
            [
              78.64992881553285,
              17.18708668235752
            ],
            [
              78.65004328041518,
              17.187128101262136
            ],
            [
              78.6500506,
              17.1870985
            ]
          ]
        ]
      }
    },
    {
      "type": "Feature",
      "id": "osm-way-602064563",
      "properties": {
        "kind": "building",
        "name": null,
        "osm_id": "602064563",
        "tags": {
          "building": "yes"
        }
      },
      "geometry": {
        "type": "Polygon",
        "coordinates": [
          [
            [
              78.6500832,
              17.1870942
            ],
            [
              78.6501105,
              17.1870161
            ],
            [
              78.6499903,
              17.1869777
            ],
            [
              78.649963,
              17.1870558
            ],
            [
              78.6500832,
              17.1870942
            ]
          ]
        ]
      }
    },
    {
      "type": "Feature",
      "id": "osm-way-602064564",
      "properties": {
        "kind": "building",
        "name": null,
        "osm_id": "602064564",
        "tags": {
          "building": "yes"
        }
      },
      "geometry": {
        "type": "Polygon",
        "coordinates": [
          [
            [
              78.6501248,
              17.1869968
            ],
            [
              78.6501561,
              17.1869072
            ],
            [
              78.6500319,
              17.1868676
            ],
            [
              78.6500005,
              17.1869572
            ],
            [
              78.6501248,
              17.1869968
            ]
          ]
        ]
      }
    },
    {
      "type": "Feature",
      "id": "osm-way-602064565",
      "properties": {
        "kind": "building",
        "name": null,
        "osm_id": "602064565",
        "tags": {
          "building": "yes"
        }
      },
      "geometry": {
        "type": "Polygon",
        "coordinates": [
          [
            [
              78.6502904,
              17.1866489
            ],
            [
              78.6503036,
              17.1866112
            ],
            [
              78.6501854,
              17.1865735
            ],
            [
              78.6501722,
              17.1866112
            ],
            [
              78.6502904,
              17.1866489
            ]
          ]
        ]
      }
    },
    {
      "type": "Feature",
      "id": "osm-way-602064566",
      "properties": {
        "kind": "building",
        "name": null,
        "osm_id": "602064566",
        "tags": {
          "building": "yes"
        }
      },
      "geometry": {
        "type": "Polygon",
        "coordinates": [
          [
            [
              78.6502707,
              17.1866901
            ],
            [
              78.6502808,
              17.1866612
            ],
            [
              78.6501622,
              17.1866233
            ],
            [
              78.6501521,
              17.1866522
            ],
            [
              78.6502707,
              17.1866901
            ]
          ]
        ]
      }
    },
    {
      "type": "Feature",
      "id": "osm-way-602064568",
      "properties": {
        "kind": "building",
        "name": null,
        "osm_id": "602064568",
        "tags": {
          "building": "yes"
        }
      },
      "geometry": {
        "type": "Polygon",
        "coordinates": [
          [
            [
              78.6502419,
              17.1867535
            ],
            [
              78.6502594,
              17.1867035
            ],
            [
              78.6501387,
              17.186665
            ],
            [
              78.6501212,
              17.186715
            ],
            [
              78.6502419,
              17.1867535
            ]
          ]
        ]
      }
    },
    {
      "type": "Feature",
      "id": "osm-way-602064569",
      "properties": {
        "kind": "building",
        "name": null,
        "osm_id": "602064569",
        "tags": {
          "building": "yes"
        }
      },
      "geometry": {
        "type": "Polygon",
        "coordinates": [
          [
            [
              78.6502161,
              17.1868132
            ],
            [
              78.6502326,
              17.1867663
            ],
            [
              78.6501014,
              17.1867244
            ],
            [
              78.650085,
              17.1867714
            ],
            [
              78.6502161,
              17.1868132
            ]
          ]
        ]
      }
    },
    {
      "type": "Feature",
      "id": "osm-way-602064571",
      "properties": {
        "kind": "building",
        "name": null,
        "osm_id": "602064571",
        "tags": {
          "building": "yes"
        }
      },
      "geometry": {
        "type": "Polygon",
        "coordinates": [
          [
            [
              78.6498504,
              17.1864803
            ],
            [
              78.6498745,
              17.1864072
            ],
            [
              78.6497055,
              17.1863563
            ],
            [
              78.6496814,
              17.1864293
            ],
            [
              78.6498504,
              17.1864803
            ]
          ]
        ]
      }
    },
    {
      "type": "Feature",
      "id": "osm-way-602064572",
      "properties": {
        "kind": "building",
        "name": null,
        "osm_id": "602064572",
        "tags": {
          "building": "yes"
        }
      },
      "geometry": {
        "type": "Polygon",
        "coordinates": [
          [
            [
              78.650175,
              17.1865651
            ],
            [
              78.6502582,
              17.1863844
            ],
            [
              78.6501119,
              17.186323
            ],
            [
              78.6500287,
              17.1865036
            ],
            [
              78.650175,
              17.1865651
            ]
          ]
        ]
      }
    },
    {
      "type": "Feature",
      "id": "osm-way-602064573",
      "properties": {
        "kind": "building",
        "name": null,
        "osm_id": "602064573",
        "tags": {
          "building": "yes"
        }
      },
      "geometry": {
        "type": "Polygon",
        "coordinates": [
          [
            [
              78.6499711,
              17.1861864
            ],
            [
              78.6499979,
              17.1861044
            ],
            [
              78.6498503,
              17.1860603
            ],
            [
              78.6498235,
              17.1861423
            ],
            [
              78.6499711,
              17.1861864
            ]
          ]
        ]
      }
    },
    {
      "type": "Feature",
      "id": "osm-way-602512408",
      "properties": {
        "kind": "building",
        "name": null,
        "osm_id": "602512408",
        "tags": {
          "building": "yes"
        }
      },
      "geometry": {
        "type": "Polygon",
        "coordinates": [
          [
            [
              78.6497029,
              17.1867249
            ],
            [
              78.649731,
              17.1866445
            ],
            [
              78.6495874,
              17.1865987
            ],
            [
              78.6495593,
              17.1866791
            ],
            [
              78.6497029,
              17.1867249
            ]
          ]
        ]
      }
    },
    {
      "type": "Feature",
      "id": "osm-way-602512411",
      "properties": {
        "kind": "building",
        "name": null,
        "osm_id": "602512411",
        "tags": {
          "building": "yes"
        }
      },
      "geometry": {
        "type": "Polygon",
        "coordinates": [
          [
            [
              78.6498355,
              17.1867919
            ],
            [
              78.6498651,
              17.1867073
            ],
            [
              78.6497364,
              17.1866663
            ],
            [
              78.6497068,
              17.1867509
            ],
            [
              78.6498355,
              17.1867919
            ]
          ]
        ]
      }
    },
    {
      "type": "Feature",
      "id": "osm-way-602512413",
      "properties": {
        "kind": "building",
        "name": null,
        "osm_id": "602512413",
        "tags": {
          "building": "yes"
        }
      },
      "geometry": {
        "type": "Polygon",
        "coordinates": [
          [
            [
              78.6497749,
              17.1866454
            ],
            [
              78.6497703,
              17.1866587
            ],
            [
              78.6498808,
              17.186694
            ],
            [
              78.649912,
              17.1866048
            ],
            [
              78.6496583,
              17.1865238
            ],
            [
              78.6496317,
              17.1865997
            ],
            [
              78.6497749,
              17.1866454
            ]
          ]
        ]
      }
    },
    {
      "type": "Feature",
      "id": "osm-way-602512416",
      "properties": {
        "kind": "building",
        "name": null,
        "osm_id": "602512416",
        "tags": {
          "building": "yes"
        }
      },
      "geometry": {
        "type": "Polygon",
        "coordinates": [
          [
            [
              78.6496737,
              17.1868408
            ],
            [
              78.6496907,
              17.1867919
            ],
            [
              78.6495452,
              17.1867454
            ],
            [
              78.6495281,
              17.1867943
            ],
            [
              78.6496737,
              17.1868408
            ]
          ]
        ]
      }
    },
    {
      "type": "Feature",
      "id": "osm-way-602512422",
      "properties": {
        "kind": "building",
        "name": null,
        "osm_id": "602512422",
        "tags": {
          "building": "yes"
        }
      },
      "geometry": {
        "type": "Polygon",
        "coordinates": [
          [
            [
              78.6496083,
              17.1869425
            ],
            [
              78.6494685,
              17.1868902
            ],
            [
              78.64945920771734,
              17.186912883062586
            ],
            [
              78.64959894752242,
              17.18696533000231
            ],
            [
              78.6496083,
              17.1869425
            ]
          ]
        ]
      }
    },
    {
      "type": "Feature",
      "id": "osm-way-602574579",
      "properties": {
        "kind": "building",
        "name": null,
        "osm_id": "602574579",
        "tags": {
          "building": "yes"
        }
      },
      "geometry": {
        "type": "Polygon",
        "coordinates": [
          [
            [
              78.6505179,
              17.186164
            ],
            [
              78.6505326,
              17.1861085
            ],
            [
              78.6504032,
              17.1860771
            ],
            [
              78.6503885,
              17.1861326
            ],
            [
              78.6505179,
              17.186164
            ]
          ]
        ]
      }
    },
    {
      "type": "Feature",
      "id": "osm-way-602808954",
      "properties": {
        "kind": "building",
        "name": null,
        "osm_id": "602808954",
        "tags": {
          "building": "yes"
        }
      },
      "geometry": {
        "type": "Polygon",
        "coordinates": [
          [
            [
              78.657178,
              17.183895
            ],
            [
              78.6571675,
              17.183833
            ],
            [
              78.657118,
              17.1838407
            ],
            [
              78.6571285,
              17.1839027
            ],
            [
              78.657178,
              17.183895
            ]
          ]
        ]
      }
    },
    {
      "type": "Feature",
      "id": "osm-way-602808956",
      "properties": {
        "kind": "building",
        "name": null,
        "osm_id": "602808956",
        "tags": {
          "building": "yes"
        }
      },
      "geometry": {
        "type": "Polygon",
        "coordinates": [
          [
            [
              78.653073,
              17.1858051
            ],
            [
              78.6530625,
              17.1856988
            ],
            [
              78.6529594,
              17.1857081
            ],
            [
              78.6529699,
              17.1858144
            ],
            [
              78.653073,
              17.1858051
            ]
          ]
        ]
      }
    },
    {
      "type": "Feature",
      "id": "osm-way-602808958",
      "properties": {
        "kind": "building",
        "name": null,
        "osm_id": "602808958",
        "tags": {
          "building": "yes"
        }
      },
      "geometry": {
        "type": "Polygon",
        "coordinates": [
          [
            [
              78.649854,
              17.1870318
            ],
            [
              78.6497902,
              17.1870103
            ],
            [
              78.6497816287463,
              17.18703342309277
            ],
            [
              78.64984494570575,
              17.18705633421669
            ],
            [
              78.649854,
              17.1870318
            ]
          ]
        ]
      }
    },
    {
      "type": "Feature",
      "id": "osm-way-602808960",
      "properties": {
        "kind": "building",
        "name": null,
        "osm_id": "602808960",
        "tags": {
          "building": "yes"
        }
      },
      "geometry": {
        "type": "Polygon",
        "coordinates": [
          [
            [
              78.6499333,
              17.1870611
            ],
            [
              78.6498591,
              17.1870361
            ],
            [
              78.64985085252596,
              17.187058471588593
            ],
            [
              78.64992443600875,
              17.187085097634874
            ],
            [
              78.6499333,
              17.1870611
            ]
          ]
        ]
      }
    },
    {
      "type": "Feature",
      "id": "osm-way-602811925",
      "properties": {
        "kind": "building",
        "name": null,
        "osm_id": "602811925",
        "tags": {
          "building": "yes"
        }
      },
      "geometry": {
        "type": "Polygon",
        "coordinates": [
          [
            [
              78.6500102,
              17.1861032
            ],
            [
              78.6500321,
              17.1860363
            ],
            [
              78.6498819,
              17.1859915
            ],
            [
              78.6498601,
              17.1860584
            ],
            [
              78.6500102,
              17.1861032
            ]
          ]
        ]
      }
    },
    {
      "type": "Feature",
      "id": "osm-way-602811926",
      "properties": {
        "kind": "building",
        "name": null,
        "osm_id": "602811926",
        "tags": {
          "building": "yes"
        }
      },
      "geometry": {
        "type": "Polygon",
        "coordinates": [
          [
            [
              78.6498917,
              17.1863667
            ],
            [
              78.6499279,
              17.1862591
            ],
            [
              78.6497645,
              17.1862089
            ],
            [
              78.6497283,
              17.1863165
            ],
            [
              78.6498917,
              17.1863667
            ]
          ]
        ]
      }
    },
    {
      "type": "Feature",
      "id": "osm-way-602825408",
      "properties": {
        "kind": "building",
        "name": null,
        "osm_id": "602825408",
        "tags": {
          "building": "yes"
        }
      },
      "geometry": {
        "type": "Polygon",
        "coordinates": [
          [
            [
              78.6496335,
              17.1869456
            ],
            [
              78.6496657,
              17.1868713
            ],
            [
              78.6495231,
              17.1868149
            ],
            [
              78.6494909,
              17.1868893
            ],
            [
              78.6496335,
              17.1869456
            ]
          ]
        ]
      }
    },
    {
      "type": "Feature",
      "id": "osm-way-602841678",
      "properties": {
        "kind": "building",
        "name": null,
        "osm_id": "602841678",
        "tags": {
          "building": "yes"
        }
      },
      "geometry": {
        "type": "Polygon",
        "coordinates": [
          [
            [
              78.6521612,
              17.1852265
            ],
            [
              78.6521572,
              17.185115
            ],
            [
              78.6520477,
              17.1851186
            ],
            [
              78.6520518,
              17.1852301
            ],
            [
              78.6521612,
              17.1852265
            ]
          ]
        ]
      }
    },
    {
      "type": "Feature",
      "id": "osm-way-602841680",
      "properties": {
        "kind": "building",
        "name": null,
        "osm_id": "602841680",
        "tags": {
          "building": "yes"
        }
      },
      "geometry": {
        "type": "Polygon",
        "coordinates": [
          [
            [
              78.6522853,
              17.1850743
            ],
            [
              78.6522866,
              17.1849962
            ],
            [
              78.6521671,
              17.1849943
            ],
            [
              78.6521658,
              17.1850725
            ],
            [
              78.6522853,
              17.1850743
            ]
          ]
        ]
      }
    },
    {
      "type": "Feature",
      "id": "osm-way-602841682",
      "properties": {
        "kind": "building",
        "name": null,
        "osm_id": "602841682",
        "tags": {
          "building": "yes"
        }
      },
      "geometry": {
        "type": "Polygon",
        "coordinates": [
          [
            [
              78.6521488,
              17.1850674
            ],
            [
              78.6521548,
              17.1849956
            ],
            [
              78.6520377,
              17.1849866
            ],
            [
              78.6520316,
              17.1850584
            ],
            [
              78.6521488,
              17.1850674
            ]
          ]
        ]
      }
    },
    {
      "type": "Feature",
      "id": "osm-way-602841683",
      "properties": {
        "kind": "building",
        "name": null,
        "osm_id": "602841683",
        "tags": {
          "building": "yes"
        }
      },
      "geometry": {
        "type": "Polygon",
        "coordinates": [
          [
            [
              78.6512243,
              17.1862331
            ],
            [
              78.6512202,
              17.1861671
            ],
            [
              78.6511257,
              17.1861724
            ],
            [
              78.6511298,
              17.1862384
            ],
            [
              78.6512243,
              17.1862331
            ]
          ]
        ]
      }
    },
    {
      "type": "Feature",
      "id": "osm-way-602841694",
      "properties": {
        "kind": "building",
        "name": null,
        "osm_id": "602841694",
        "tags": {
          "building": "yes"
        }
      },
      "geometry": {
        "type": "Polygon",
        "coordinates": [
          [
            [
              78.6496854,
              17.1867839
            ],
            [
              78.649699,
              17.1867506
            ],
            [
              78.6495742,
              17.1867042
            ],
            [
              78.6495607,
              17.1867374
            ],
            [
              78.6496854,
              17.1867839
            ]
          ]
        ]
      }
    },
    {
      "type": "Feature",
      "id": "osm-way-602841699",
      "properties": {
        "kind": "building",
        "name": null,
        "osm_id": "602841699",
        "tags": {
          "building": "yes"
        }
      },
      "geometry": {
        "type": "Polygon",
        "coordinates": [
          [
            [
              78.6497424,
              17.187009
            ],
            [
              78.6496445,
              17.1869655
            ],
            [
              78.64963752470523,
              17.186979808734264
            ],
            [
              78.64973821312329,
              17.1870175989644
            ],
            [
              78.6497424,
              17.187009
            ]
          ]
        ]
      }
    },
    {
      "type": "Feature",
      "id": "osm-way-602846195",
      "properties": {
        "kind": "building",
        "name": null,
        "osm_id": "602846195",
        "tags": {
          "building": "yes"
        }
      },
      "geometry": {
        "type": "Polygon",
        "coordinates": [
          [
            [
              78.6519662,
              17.1851348
            ],
            [
              78.6519673,
              17.1850584
            ],
            [
              78.6518463,
              17.1850569
            ],
            [
              78.6518452,
              17.1851333
            ],
            [
              78.6519662,
              17.1851348
            ]
          ]
        ]
      }
    },
    {
      "type": "Feature",
      "id": "osm-way-602846196",
      "properties": {
        "kind": "building",
        "name": null,
        "osm_id": "602846196",
        "tags": {
          "building": "yes"
        }
      },
      "geometry": {
        "type": "Polygon",
        "coordinates": [
          [
            [
              78.6508561,
              17.1830323
            ],
            [
              78.6508776,
              17.1829443
            ],
            [
              78.6507195,
              17.1829089
            ],
            [
              78.6506979,
              17.1829969
            ],
            [
              78.6508561,
              17.1830323
            ]
          ]
        ]
      }
    },
    {
      "type": "Feature",
      "id": "osm-way-602846197",
      "properties": {
        "kind": "building",
        "name": null,
        "osm_id": "602846197",
        "tags": {
          "building": "yes"
        }
      },
      "geometry": {
        "type": "Polygon",
        "coordinates": [
          [
            [
              78.6508882,
              17.1829122
            ],
            [
              78.6509152,
              17.1828021
            ],
            [
              78.6507839,
              17.1827727
            ],
            [
              78.6507569,
              17.1828828
            ],
            [
              78.6508882,
              17.1829122
            ]
          ]
        ]
      }
    },
    {
      "type": "Feature",
      "id": "osm-way-602846198",
      "properties": {
        "kind": "building",
        "name": null,
        "osm_id": "602846198",
        "tags": {
          "building": "yes"
        }
      },
      "geometry": {
        "type": "Polygon",
        "coordinates": [
          [
            [
              78.6508319,
              17.1832146
            ],
            [
              78.6508651,
              17.1830793
            ],
            [
              78.6504737,
              17.1829917
            ],
            [
              78.6504405,
              17.183127
            ],
            [
              78.6508319,
              17.1832146
            ]
          ]
        ]
      }
    },
    {
      "type": "Feature",
      "id": "osm-way-602846199",
      "properties": {
        "kind": "building",
        "name": null,
        "osm_id": "602846199",
        "tags": {
          "building": "yes"
        }
      },
      "geometry": {
        "type": "Polygon",
        "coordinates": [
          [
            [
              78.6499889,
              17.1869519
            ],
            [
              78.6500207,
              17.1868612
            ],
            [
              78.6498929,
              17.1868203
            ],
            [
              78.6498611,
              17.186911
            ],
            [
              78.6499889,
              17.1869519
            ]
          ]
        ]
      }
    },
    {
      "type": "Feature",
      "id": "osm-way-706563977",
      "properties": {
        "kind": "building",
        "name": null,
        "osm_id": "706563977",
        "tags": {
          "building": "yes"
        }
      },
      "geometry": {
        "type": "Polygon",
        "coordinates": [
          [
            [
              78.6333923,
              17.1663809
            ],
            [
              78.6333744,
              17.1663046
            ],
            [
              78.6332725,
              17.1663263
            ],
            [
              78.6332904,
              17.1664027
            ],
            [
              78.6333923,
              17.1663809
            ]
          ]
        ]
      }
    },
    {
      "type": "Feature",
      "id": "osm-way-740792966",
      "properties": {
        "kind": "building",
        "name": "Raja Mahendra college",
        "osm_id": "740792966",
        "tags": {
          "building": "college",
          "name": "Raja Mahendra college"
        }
      },
      "geometry": {
        "type": "Polygon",
        "coordinates": [
          [
            [
              78.6356159,
              17.1744795
            ],
            [
              78.6356082,
              17.1744462
            ],
            [
              78.6358677,
              17.1743944
            ],
            [
              78.6360536,
              17.1741206
            ],
            [
              78.636406,
              17.174054
            ],
            [
              78.6364757,
              17.1740651
            ],
            [
              78.636557,
              17.1740429
            ],
            [
              78.6365919,
              17.1740244
            ],
            [
              78.6369095,
              17.1739689
            ],
            [
              78.6369482,
              17.1739504
            ],
            [
              78.6372542,
              17.1741317
            ],
            [
              78.6374904,
              17.1740984
            ],
            [
              78.6374904,
              17.1741354
            ],
            [
              78.6376182,
              17.1741206
            ],
            [
              78.6376066,
              17.1739282
            ],
            [
              78.6372774,
              17.1739689
            ],
            [
              78.6369792,
              17.1737802
            ],
            [
              78.6365454,
              17.1738468
            ],
            [
              78.6365183,
              17.1738283
            ],
            [
              78.6363789,
              17.1738579
            ],
            [
              78.6363557,
              17.1738838
            ],
            [
              78.6359916,
              17.1739393
            ],
            [
              78.635767,
              17.1742427
            ],
            [
              78.6354571,
              17.1743093
            ],
            [
              78.6354959,
              17.1745054
            ],
            [
              78.6356159,
              17.1744795
            ]
          ]
        ]
      }
    },
    {
      "type": "Feature",
      "id": "osm-way-1133165094",
      "properties": {
        "kind": "road",
        "name": null,
        "osm_id": "1133165094",
        "tags": {
          "highway": "residential"
        }
      },
      "geometry": {
        "type": "LineString",
        "coordinates": [
          [
            78.6621739,
            17.1655485
          ],
          [
            78.6622247,
            17.1666141
          ]
        ]
      }
    },
    {
      "type": "Feature",
      "id": "osm-way-1133165095",
      "properties": {
        "kind": "road",
        "name": null,
        "osm_id": "1133165095",
        "tags": {
          "highway": "residential"
        }
      },
      "geometry": {
        "type": "LineString",
        "coordinates": [
          [
            78.6618145,
            17.1655636
          ],
          [
            78.6618599,
            17.1666475
          ]
        ]
      }
    },
    {
      "type": "Feature",
      "id": "osm-way-1133165096",
      "properties": {
        "kind": "road",
        "name": null,
        "osm_id": "1133165096",
        "tags": {
          "highway": "residential"
        }
      },
      "geometry": {
        "type": "LineString",
        "coordinates": [
          [
            78.6614253,
            17.1655801
          ],
          [
            78.6614764,
            17.166668
          ]
        ]
      }
    },
    {
      "type": "Feature",
      "id": "osm-way-1133165097",
      "properties": {
        "kind": "road",
        "name": null,
        "osm_id": "1133165097",
        "tags": {
          "highway": "residential"
        }
      },
      "geometry": {
        "type": "LineString",
        "coordinates": [
          [
            78.6610284,
            17.1655968
          ],
          [
            78.6610955,
            17.1666859
          ]
        ]
      }
    },
    {
      "type": "Feature",
      "id": "osm-way-1133165098",
      "properties": {
        "kind": "road",
        "name": null,
        "osm_id": "1133165098",
        "tags": {
          "highway": "residential"
        }
      },
      "geometry": {
        "type": "LineString",
        "coordinates": [
          [
            78.6599066,
            17.1656441
          ],
          [
            78.6610284,
            17.1655968
          ],
          [
            78.6614253,
            17.1655801
          ],
          [
            78.6618145,
            17.1655636
          ],
          [
            78.6621739,
            17.1655485
          ],
          [
            78.6624876,
            17.1655352
          ]
        ]
      }
    },
    {
      "type": "Feature",
      "id": "osm-way-1133165099",
      "properties": {
        "kind": "road",
        "name": null,
        "osm_id": "1133165099",
        "tags": {
          "highway": "residential"
        }
      },
      "geometry": {
        "type": "LineString",
        "coordinates": [
          [
            78.6593473,
            17.1650959
          ],
          [
            78.6598536,
            17.1652995
          ],
          [
            78.6598858,
            17.16532
          ],
          [
            78.6598992,
            17.1653507
          ],
          [
            78.6599033,
            17.1653853
          ],
          [
            78.6599066,
            17.1656441
          ],
          [
            78.6599086,
            17.1657979
          ]
        ]
      }
    },
    {
      "type": "Feature",
      "id": "osm-way-1183737152",
      "properties": {
        "kind": "road",
        "name": "TGSRTC Ibrahimpatnam Bus Depot Inner Road",
        "osm_id": "1183737152",
        "tags": {
          "highway": "residential",
          "name": "TGSRTC Ibrahimpatnam Bus Depot Inner Road"
        }
      },
      "geometry": {
        "type": "MultiLineString",
        "coordinates": [
          [
            [
              78.6495104,
              17.1864545
            ],
            [
              78.6494252,
              17.186429
            ],
            [
              78.6490735,
              17.1863277
            ]
          ],
          [
            [
              78.6490735,
              17.1863277
            ],
            [
              78.6483968,
              17.1861328
            ],
            [
              78.64824007431503,
              17.186416635619807
            ]
          ],
          [
            [
              78.64891077962726,
              17.18669742156879
            ],
            [
              78.6490735,
              17.1863277
            ]
          ]
        ]
      }
    },
    {
      "type": "Feature",
      "id": "osm-way-1199349987",
      "properties": {
        "kind": "road",
        "name": null,
        "osm_id": "1199349987",
        "tags": {
          "highway": "residential"
        }
      },
      "geometry": {
        "type": "LineString",
        "coordinates": [
          [
            78.6794416,
            17.1758265
          ],
          [
            78.6794441,
            17.1755094
          ],
          [
            78.679422,
            17.1753836
          ],
          [
            78.6794417,
            17.1752519
          ],
          [
            78.6794737,
            17.1752025
          ],
          [
            78.6794835,
            17.1751602
          ],
          [
            78.6795081,
            17.1751156
          ],
          [
            78.6794811,
            17.1749557
          ],
          [
            78.6794318,
            17.1749016
          ],
          [
            78.6793925,
            17.1748569
          ],
          [
            78.6793482,
            17.1746947
          ],
          [
            78.6793432,
            17.1746265
          ],
          [
            78.6793998,
            17.1745442
          ],
          [
            78.6795032,
            17.1744925
          ],
          [
            78.67968,
            17.1744995
          ]
        ]
      }
    },
    {
      "type": "Feature",
      "id": "osm-way-1199349988",
      "properties": {
        "kind": "road",
        "name": null,
        "osm_id": "1199349988",
        "tags": {
          "highway": "tertiary",
          "source": "Yahoo hires"
        }
      },
      "geometry": {
        "type": "LineString",
        "coordinates": [
          [
            78.67968,
            17.1744995
          ],
          [
            78.6792875,
            17.1743183
          ],
          [
            78.6791066,
            17.1742335
          ],
          [
            78.6787934,
            17.1740939
          ],
          [
            78.6784349,
            17.1739276
          ],
          [
            78.6782783,
            17.1738379
          ],
          [
            78.6781722,
            17.1736876
          ],
          [
            78.6776308,
            17.1728224
          ],
          [
            78.6771485,
            17.1720419
          ],
          [
            78.6768335,
            17.1714212
          ]
        ]
      }
    },
    {
      "type": "Feature",
      "id": "osm-way-1240428846",
      "properties": {
        "kind": "road",
        "name": null,
        "osm_id": "1240428846",
        "tags": {
          "highway": "primary_link"
        }
      },
      "geometry": {
        "type": "LineString",
        "coordinates": [
          [
            78.650607,
            17.1838655
          ],
          [
            78.6506949,
            17.1838969
          ]
        ]
      }
    },
    {
      "type": "Feature",
      "id": "osm-way-1283207822",
      "properties": {
        "kind": "road",
        "name": null,
        "osm_id": "1283207822",
        "tags": {
          "highway": "service"
        }
      },
      "geometry": {
        "type": "LineString",
        "coordinates": [
          [
            78.6589817,
            17.1658616
          ],
          [
            78.6596362,
            17.1661257
          ]
        ]
      }
    },
    {
      "type": "Feature",
      "id": "osm-way-1283207823",
      "properties": {
        "kind": "road",
        "name": null,
        "osm_id": "1283207823",
        "tags": {
          "highway": "residential"
        }
      },
      "geometry": {
        "type": "LineString",
        "coordinates": [
          [
            78.6582,
            17.1675139
          ],
          [
            78.6582954,
            17.1675398
          ],
          [
            78.6583456,
            17.1675488
          ],
          [
            78.6584038,
            17.1675531
          ],
          [
            78.6586629,
            17.1675493
          ],
          [
            78.6590976,
            17.167543
          ],
          [
            78.6600295,
            17.167531
          ],
          [
            78.6604769,
            17.1675232
          ],
          [
            78.6608089,
            17.1675174
          ],
          [
            78.6608387,
            17.1675175
          ],
          [
            78.6608575,
            17.1675201
          ],
          [
            78.6608931,
            17.1681756
          ]
        ]
      }
    },
    {
      "type": "Feature",
      "id": "osm-way-1283207824",
      "properties": {
        "kind": "road",
        "name": null,
        "osm_id": "1283207824",
        "tags": {
          "highway": "residential"
        }
      },
      "geometry": {
        "type": "LineString",
        "coordinates": [
          [
            78.6604769,
            17.1675232
          ],
          [
            78.6604796,
            17.1683672
          ]
        ]
      }
    },
    {
      "type": "Feature",
      "id": "osm-way-1283207825",
      "properties": {
        "kind": "road",
        "name": null,
        "osm_id": "1283207825",
        "tags": {
          "highway": "service"
        }
      },
      "geometry": {
        "type": "LineString",
        "coordinates": [
          [
            78.6563109,
            17.167839
          ],
          [
            78.6565551,
            17.1678228
          ],
          [
            78.6568077,
            17.1678033
          ],
          [
            78.6570032,
            17.1677974
          ],
          [
            78.6572639,
            17.1677877
          ],
          [
            78.6574978,
            17.1677758
          ],
          [
            78.6576545,
            17.1677715
          ],
          [
            78.6578626,
            17.1677709
          ],
          [
            78.657937,
            17.1677725
          ],
          [
            78.6580786,
            17.1677779
          ]
        ]
      }
    },
    {
      "type": "Feature",
      "id": "osm-way-1283207826",
      "properties": {
        "kind": "road",
        "name": null,
        "osm_id": "1283207826",
        "tags": {
          "highway": "service"
        }
      },
      "geometry": {
        "type": "LineString",
        "coordinates": [
          [
            78.6553885,
            17.1782128
          ],
          [
            78.6555401,
            17.1781414
          ],
          [
            78.6556353,
            17.178086
          ],
          [
            78.6557024,
            17.1780418
          ],
          [
            78.6558069,
            17.1779686
          ],
          [
            78.6560797,
            17.1777592
          ],
          [
            78.6561263,
            17.1777277
          ],
          [
            78.6561702,
            17.1776972
          ],
          [
            78.6561921,
            17.1776785
          ],
          [
            78.6562257,
            17.1776456
          ],
          [
            78.6562432,
            17.1776236
          ],
          [
            78.6562544,
            17.177602
          ],
          [
            78.6562619,
            17.1775745
          ],
          [
            78.6562714,
            17.1775214
          ],
          [
            78.6562732,
            17.1774886
          ],
          [
            78.6562715,
            17.1774558
          ],
          [
            78.6562674,
            17.1774216
          ],
          [
            78.6562529,
            17.1773991
          ],
          [
            78.6562402,
            17.1773882
          ],
          [
            78.6562085,
            17.177379
          ],
          [
            78.6561151,
            17.1773656
          ]
        ]
      }
    },
    {
      "type": "Feature",
      "id": "osm-way-1283207827",
      "properties": {
        "kind": "road",
        "name": null,
        "osm_id": "1283207827",
        "tags": {
          "highway": "residential"
        }
      },
      "geometry": {
        "type": "LineString",
        "coordinates": [
          [
            78.655531,
            17.1872092
          ],
          [
            78.6555889,
            17.1872783
          ],
          [
            78.6556327,
            17.1873447
          ],
          [
            78.6557146,
            17.1874802
          ],
          [
            78.6558839,
            17.1877959
          ],
          [
            78.656217,
            17.1884218
          ],
          [
            78.6562156,
            17.1884303
          ],
          [
            78.6562124,
            17.1884354
          ],
          [
            78.6562049,
            17.1884405
          ],
          [
            78.656127,
            17.1884789
          ],
          [
            78.6560327,
            17.188531
          ],
          [
            78.65596751557148,
            17.188563980216813
          ]
        ]
      }
    },
    {
      "type": "Feature",
      "id": "osm-way-1283521457",
      "properties": {
        "kind": "road",
        "name": null,
        "osm_id": "1283521457",
        "tags": {
          "highway": "residential"
        }
      },
      "geometry": {
        "type": "MultiLineString",
        "coordinates": [
          [
            [
              78.6708279,
              17.137929
            ],
            [
              78.6709442,
              17.1379425
            ],
            [
              78.6710637,
              17.1379331
            ],
            [
              78.6712566,
              17.1378992
            ],
            [
              78.6714625,
              17.1378465
            ],
            [
              78.6718612,
              17.137735
            ],
            [
              78.67233995779614,
              17.13762481122921
            ]
          ],
          [
            [
              78.67703882868248,
              17.140401264959003
            ],
            [
              78.6774769,
              17.1412102
            ],
            [
              78.6777628,
              17.1418273
            ],
            [
              78.678014,
              17.1424263
            ],
            [
              78.67806,
              17.1425106
            ],
            [
              78.6780965,
              17.142595
            ],
            [
              78.6781886,
              17.1427636
            ],
            [
              78.6783092,
              17.1429444
            ],
            [
              78.6783791,
              17.1430404
            ],
            [
              78.6786583,
              17.1433445
            ],
            [
              78.6788995,
              17.1436304
            ],
            [
              78.6790409,
              17.1438389
            ],
            [
              78.6792044,
              17.1440421
            ],
            [
              78.6795203,
              17.144496
            ],
            [
              78.6796603,
              17.1447051
            ],
            [
              78.6799927,
              17.1452713
            ],
            [
              78.6800851,
              17.1454009
            ],
            [
              78.6802199,
              17.1455704
            ],
            [
              78.680323,
              17.1457277
            ],
            [
              78.6805544,
              17.1460606
            ],
            [
              78.6813848,
              17.1471169
            ],
            [
              78.6817198,
              17.147587
            ],
            [
              78.6819,
              17.1479488
            ],
            [
              78.6820386,
              17.1482907
            ],
            [
              78.6823156,
              17.149134
            ],
            [
              78.6826166,
              17.150185
            ],
            [
              78.6828185,
              17.1513904
            ],
            [
              78.68307,
              17.1532185
            ],
            [
              78.6830595,
              17.1535035
            ],
            [
              78.6827846,
              17.1541717
            ],
            [
              78.6827341,
              17.1543323
            ],
            [
              78.6826715,
              17.154518
            ],
            [
              78.6826388,
              17.1547037
            ],
            [
              78.6825733,
              17.1552611
            ],
            [
              78.6825781,
              17.1567502
            ],
            [
              78.6826117,
              17.1575423
            ],
            [
              78.6826152,
              17.1576407
            ],
            [
              78.6826382,
              17.1577391
            ],
            [
              78.6826775,
              17.1578484
            ],
            [
              78.6827364,
              17.1579514
            ],
            [
              78.6834127,
              17.1590178
            ],
            [
              78.6835647,
              17.1593088
            ],
            [
              78.6836336,
              17.159452
            ],
            [
              78.6836746,
              17.1595819
            ],
            [
              78.6837074,
              17.159753
            ],
            [
              78.6837541,
              17.1599242
            ],
            [
              78.6838711,
              17.1602665
            ],
            [
              78.6841562,
              17.1609288
            ],
            [
              78.6842778,
              17.1610963
            ]
          ]
        ]
      }
    },
    {
      "type": "Feature",
      "id": "osm-way-1283834367",
      "properties": {
        "kind": "road",
        "name": null,
        "osm_id": "1283834367",
        "tags": {
          "highway": "residential"
        }
      },
      "geometry": {
        "type": "LineString",
        "coordinates": [
          [
            78.63231707490897,
            17.167579943376577
          ],
          [
            78.632293,
            17.1674005
          ]
        ]
      }
    },
    {
      "type": "Feature",
      "id": "osm-way-1283834368",
      "properties": {
        "kind": "road",
        "name": null,
        "osm_id": "1283834368",
        "tags": {
          "highway": "residential"
        }
      },
      "geometry": {
        "type": "LineString",
        "coordinates": [
          [
            78.6326923,
            17.1682107
          ],
          [
            78.6330999,
            17.1681603
          ],
          [
            78.6333599,
            17.1681281
          ]
        ]
      }
    },
    {
      "type": "Feature",
      "id": "osm-way-1283834369",
      "properties": {
        "kind": "road",
        "name": null,
        "osm_id": "1283834369",
        "tags": {
          "highway": "residential"
        }
      },
      "geometry": {
        "type": "LineString",
        "coordinates": [
          [
            78.6331429,
            17.1684722
          ],
          [
            78.6330999,
            17.1681603
          ]
        ]
      }
    },
    {
      "type": "Feature",
      "id": "osm-way-1283834370",
      "properties": {
        "kind": "road",
        "name": null,
        "osm_id": "1283834370",
        "tags": {
          "highway": "residential"
        }
      },
      "geometry": {
        "type": "LineString",
        "coordinates": [
          [
            78.6330999,
            17.1681603
          ],
          [
            78.6330763,
            17.1679514
          ]
        ]
      }
    },
    {
      "type": "Feature",
      "id": "osm-way-1283834371",
      "properties": {
        "kind": "road",
        "name": null,
        "osm_id": "1283834371",
        "tags": {
          "highway": "residential"
        }
      },
      "geometry": {
        "type": "LineString",
        "coordinates": [
          [
            78.6330763,
            17.1679514
          ],
          [
            78.633052,
            17.1677199
          ],
          [
            78.6330133,
            17.1673519
          ]
        ]
      }
    },
    {
      "type": "Feature",
      "id": "osm-way-1283834372",
      "properties": {
        "kind": "road",
        "name": null,
        "osm_id": "1283834372",
        "tags": {
          "highway": "residential"
        }
      },
      "geometry": {
        "type": "LineString",
        "coordinates": [
          [
            78.633052,
            17.1677199
          ],
          [
            78.6333029,
            17.1676945
          ]
        ]
      }
    },
    {
      "type": "Feature",
      "id": "osm-way-1283834373",
      "properties": {
        "kind": "road",
        "name": null,
        "osm_id": "1283834373",
        "tags": {
          "highway": "residential"
        }
      },
      "geometry": {
        "type": "LineString",
        "coordinates": [
          [
            78.6326461,
            17.1677755
          ],
          [
            78.633052,
            17.1677199
          ]
        ]
      }
    },
    {
      "type": "Feature",
      "id": "osm-way-1283834375",
      "properties": {
        "kind": "road",
        "name": null,
        "osm_id": "1283834375",
        "tags": {
          "highway": "residential"
        }
      },
      "geometry": {
        "type": "LineString",
        "coordinates": [
          [
            78.6332122,
            17.1690518
          ],
          [
            78.6331841,
            17.1688168
          ],
          [
            78.6331429,
            17.1684722
          ]
        ]
      }
    },
    {
      "type": "Feature",
      "id": "osm-way-1283834376",
      "properties": {
        "kind": "road",
        "name": null,
        "osm_id": "1283834376",
        "tags": {
          "highway": "residential"
        }
      },
      "geometry": {
        "type": "LineString",
        "coordinates": [
          [
            78.6327651,
            17.1688733
          ],
          [
            78.6331841,
            17.1688168
          ]
        ]
      }
    },
    {
      "type": "Feature",
      "id": "osm-way-1283834377",
      "properties": {
        "kind": "road",
        "name": null,
        "osm_id": "1283834377",
        "tags": {
          "highway": "residential"
        }
      },
      "geometry": {
        "type": "LineString",
        "coordinates": [
          [
            78.6328608,
            17.1695756
          ],
          [
            78.633291,
            17.169561
          ]
        ]
      }
    },
    {
      "type": "Feature",
      "id": "osm-way-1283834378",
      "properties": {
        "kind": "road",
        "name": null,
        "osm_id": "1283834378",
        "tags": {
          "highway": "residential"
        }
      },
      "geometry": {
        "type": "LineString",
        "coordinates": [
          [
            78.6333878,
            17.1662248
          ],
          [
            78.6340157,
            17.1660951
          ]
        ]
      }
    },
    {
      "type": "Feature",
      "id": "osm-way-1283834379",
      "properties": {
        "kind": "road",
        "name": null,
        "osm_id": "1283834379",
        "tags": {
          "highway": "residential"
        }
      },
      "geometry": {
        "type": "LineString",
        "coordinates": [
          [
            78.6334412,
            17.1663997
          ],
          [
            78.6340584,
            17.1662662
          ]
        ]
      }
    },
    {
      "type": "Feature",
      "id": "osm-way-1283834380",
      "properties": {
        "kind": "road",
        "name": null,
        "osm_id": "1283834380",
        "tags": {
          "highway": "residential"
        }
      },
      "geometry": {
        "type": "LineString",
        "coordinates": [
          [
            78.6334888,
            17.1665556
          ],
          [
            78.6340927,
            17.1664238
          ]
        ]
      }
    },
    {
      "type": "Feature",
      "id": "osm-way-1283834381",
      "properties": {
        "kind": "road",
        "name": null,
        "osm_id": "1283834381",
        "tags": {
          "highway": "residential"
        }
      },
      "geometry": {
        "type": "LineString",
        "coordinates": [
          [
            78.6335366,
            17.1667121
          ],
          [
            78.6341303,
            17.1665968
          ]
        ]
      }
    },
    {
      "type": "Feature",
      "id": "osm-way-1283834382",
      "properties": {
        "kind": "road",
        "name": null,
        "osm_id": "1283834382",
        "tags": {
          "highway": "residential"
        }
      },
      "geometry": {
        "type": "LineString",
        "coordinates": [
          [
            78.6341653,
            17.1667577
          ],
          [
            78.6336339,
            17.1668622
          ]
        ]
      }
    },
    {
      "type": "Feature",
      "id": "osm-way-1283834383",
      "properties": {
        "kind": "road",
        "name": null,
        "osm_id": "1283834383",
        "tags": {
          "highway": "residential"
        }
      },
      "geometry": {
        "type": "LineString",
        "coordinates": [
          [
            78.6341928,
            17.1677598
          ],
          [
            78.634142,
            17.1673256
          ]
        ]
      }
    },
    {
      "type": "Feature",
      "id": "osm-way-1283834384",
      "properties": {
        "kind": "road",
        "name": null,
        "osm_id": "1283834384",
        "tags": {
          "highway": "residential"
        }
      },
      "geometry": {
        "type": "LineString",
        "coordinates": [
          [
            78.6331118,
            17.165848
          ],
          [
            78.6340609,
            17.165542
          ]
        ]
      }
    },
    {
      "type": "Feature",
      "id": "osm-way-1283834385",
      "properties": {
        "kind": "road",
        "name": null,
        "osm_id": "1283834385",
        "tags": {
          "highway": "residential"
        }
      },
      "geometry": {
        "type": "LineString",
        "coordinates": [
          [
            78.6339962,
            17.1653453
          ],
          [
            78.6337813,
            17.1654105
          ],
          [
            78.6335138,
            17.1655023
          ],
          [
            78.6330565,
            17.1656593
          ]
        ]
      }
    },
    {
      "type": "Feature",
      "id": "osm-way-1283834386",
      "properties": {
        "kind": "road",
        "name": null,
        "osm_id": "1283834386",
        "tags": {
          "highway": "residential"
        }
      },
      "geometry": {
        "type": "LineString",
        "coordinates": [
          [
            78.6335138,
            17.1655023
          ],
          [
            78.6334487,
            17.1652979
          ],
          [
            78.6334174,
            17.1652559
          ],
          [
            78.6332714,
            17.1649153
          ]
        ]
      }
    },
    {
      "type": "Feature",
      "id": "osm-way-1283834387",
      "properties": {
        "kind": "road",
        "name": null,
        "osm_id": "1283834387",
        "tags": {
          "highway": "residential"
        }
      },
      "geometry": {
        "type": "LineString",
        "coordinates": [
          [
            78.6328547,
            17.1650294
          ],
          [
            78.6332714,
            17.1649153
          ]
        ]
      }
    },
    {
      "type": "Feature",
      "id": "osm-way-1283834388",
      "properties": {
        "kind": "road",
        "name": null,
        "osm_id": "1283834388",
        "tags": {
          "highway": "residential"
        }
      },
      "geometry": {
        "type": "LineString",
        "coordinates": [
          [
            78.6332714,
            17.1649153
          ],
          [
            78.6336405,
            17.1648329
          ],
          [
            78.6338167,
            17.1647991
          ]
        ]
      }
    },
    {
      "type": "Feature",
      "id": "osm-way-1283834389",
      "properties": {
        "kind": "road",
        "name": null,
        "osm_id": "1283834389",
        "tags": {
          "highway": "residential"
        }
      },
      "geometry": {
        "type": "LineString",
        "coordinates": [
          [
            78.633696,
            17.1644318
          ],
          [
            78.6327367,
            17.1646602
          ],
          [
            78.6328547,
            17.1650294
          ]
        ]
      }
    },
    {
      "type": "Feature",
      "id": "osm-way-1283834390",
      "properties": {
        "kind": "road",
        "name": null,
        "osm_id": "1283834390",
        "tags": {
          "highway": "residential"
        }
      },
      "geometry": {
        "type": "LineString",
        "coordinates": [
          [
            78.6327367,
            17.1646602
          ],
          [
            78.6325284,
            17.1647146
          ],
          [
            78.6325134,
            17.1647188
          ],
          [
            78.6325014,
            17.1647191
          ],
          [
            78.6324872,
            17.1647159
          ],
          [
            78.6324845,
            17.1647121
          ],
          [
            78.6324655,
            17.1646819
          ],
          [
            78.6323669,
            17.1645492
          ],
          [
            78.6322677,
            17.1644852
          ],
          [
            78.6320643,
            17.1643332
          ],
          [
            78.6320592,
            17.164328
          ],
          [
            78.6320548,
            17.1643207
          ],
          [
            78.6320543,
            17.1643112
          ],
          [
            78.6320573,
            17.1643071
          ],
          [
            78.632455,
            17.1642722
          ],
          [
            78.6328671,
            17.1641691
          ],
          [
            78.6331023,
            17.1640918
          ],
          [
            78.6332267,
            17.1640426
          ],
          [
            78.6332886,
            17.1640374
          ],
          [
            78.6333303,
            17.164042
          ],
          [
            78.633349,
            17.1640429
          ],
          [
            78.6335581,
            17.1640226
          ]
        ]
      }
    },
    {
      "type": "Feature",
      "id": "osm-way-1283834391",
      "properties": {
        "kind": "road",
        "name": null,
        "osm_id": "1283834391",
        "tags": {
          "highway": "residential"
        }
      },
      "geometry": {
        "type": "LineString",
        "coordinates": [
          [
            78.634044,
            17.1654908
          ],
          [
            78.6342187,
            17.1654364
          ],
          [
            78.6343817,
            17.1653798
          ],
          [
            78.6344957,
            17.16533
          ],
          [
            78.6346564,
            17.1652578
          ]
        ]
      }
    },
    {
      "type": "Feature",
      "id": "osm-way-1283834392",
      "properties": {
        "kind": "road",
        "name": null,
        "osm_id": "1283834392",
        "tags": {
          "highway": "residential"
        }
      },
      "geometry": {
        "type": "LineString",
        "coordinates": [
          [
            78.633986,
            17.1653144
          ],
          [
            78.6340258,
            17.1652997
          ],
          [
            78.6346074,
            17.1650938
          ]
        ]
      }
    },
    {
      "type": "Feature",
      "id": "osm-way-1283834393",
      "properties": {
        "kind": "road",
        "name": null,
        "osm_id": "1283834393",
        "tags": {
          "highway": "residential"
        }
      },
      "geometry": {
        "type": "LineString",
        "coordinates": [
          [
            78.6338624,
            17.1649381
          ],
          [
            78.6343729,
            17.1647366
          ]
        ]
      }
    },
    {
      "type": "Feature",
      "id": "osm-way-1283834394",
      "properties": {
        "kind": "road",
        "name": null,
        "osm_id": "1283834394",
        "tags": {
          "highway": "residential"
        }
      },
      "geometry": {
        "type": "LineString",
        "coordinates": [
          [
            78.6337332,
            17.1645452
          ],
          [
            78.6342457,
            17.164372
          ]
        ]
      }
    },
    {
      "type": "Feature",
      "id": "osm-way-1283834395",
      "properties": {
        "kind": "road",
        "name": null,
        "osm_id": "1283834395",
        "tags": {
          "highway": "residential"
        }
      },
      "geometry": {
        "type": "LineString",
        "coordinates": [
          [
            78.6345506,
            17.1659421
          ],
          [
            78.6346966,
            17.166623
          ]
        ]
      }
    },
    {
      "type": "Feature",
      "id": "osm-way-1283834396",
      "properties": {
        "kind": "road",
        "name": null,
        "osm_id": "1283834396",
        "tags": {
          "highway": "residential"
        }
      },
      "geometry": {
        "type": "LineString",
        "coordinates": [
          [
            78.6345901,
            17.1671446
          ],
          [
            78.6345241,
            17.1668988
          ],
          [
            78.6342505,
            17.1658283
          ],
          [
            78.6342537,
            17.1658149
          ],
          [
            78.634261,
            17.1658015
          ],
          [
            78.6343006,
            17.1657531
          ]
        ]
      }
    },
    {
      "type": "Feature",
      "id": "osm-way-1283834397",
      "properties": {
        "kind": "road",
        "name": null,
        "osm_id": "1283834397",
        "tags": {
          "highway": "residential"
        }
      },
      "geometry": {
        "type": "LineString",
        "coordinates": [
          [
            78.6342096,
            17.1669613
          ],
          [
            78.6345241,
            17.1668988
          ]
        ]
      }
    },
    {
      "type": "Feature",
      "id": "osm-way-1283834398",
      "properties": {
        "kind": "road",
        "name": null,
        "osm_id": "1283834398",
        "tags": {
          "highway": "residential"
        }
      },
      "geometry": {
        "type": "LineString",
        "coordinates": [
          [
            78.6345901,
            17.1671446
          ],
          [
            78.6342653,
            17.1672174
          ]
        ]
      }
    },
    {
      "type": "Feature",
      "id": "osm-way-1306367752",
      "properties": {
        "kind": "road",
        "name": null,
        "osm_id": "1306367752",
        "tags": {
          "access": "private",
          "highway": "service",
          "service": "driveway"
        }
      },
      "geometry": {
        "type": "LineString",
        "coordinates": [
          [
            78.6599516,
            17.1638298
          ],
          [
            78.6597155,
            17.1637328
          ],
          [
            78.6595245,
            17.1636517
          ],
          [
            78.659185,
            17.1635199
          ]
        ]
      }
    },
    {
      "type": "Feature",
      "id": "osm-way-1306367753",
      "properties": {
        "kind": "road",
        "name": null,
        "osm_id": "1306367753",
        "tags": {
          "highway": "primary",
          "oneway": "yes",
          "placement": "transition",
          "ref": "SH19",
          "source": "Yahoo hires"
        }
      },
      "geometry": {
        "type": "LineString",
        "coordinates": [
          [
            78.656259,
            17.1716787
          ],
          [
            78.6560441,
            17.1720667
          ]
        ]
      }
    },
    {
      "type": "Feature",
      "id": "osm-way-1306367754",
      "properties": {
        "kind": "road",
        "name": null,
        "osm_id": "1306367754",
        "tags": {
          "highway": "primary",
          "oneway": "yes",
          "placement": "transition",
          "ref": "SH19"
        }
      },
      "geometry": {
        "type": "LineString",
        "coordinates": [
          [
            78.6561134,
            17.1720882
          ],
          [
            78.656259,
            17.1716787
          ]
        ]
      }
    },
    {
      "type": "Feature",
      "id": "osm-way-1334140844",
      "properties": {
        "kind": "road",
        "name": null,
        "osm_id": "1334140844",
        "tags": {
          "highway": "residential"
        }
      },
      "geometry": {
        "type": "LineString",
        "coordinates": [
          [
            78.6320573,
            17.1643071
          ],
          [
            78.6319352,
            17.1642996
          ],
          [
            78.6318184,
            17.1642889
          ],
          [
            78.63178839652306,
            17.164289364655616
          ]
        ]
      }
    },
    {
      "type": "Feature",
      "id": "osm-way-1334317096",
      "properties": {
        "kind": "road",
        "name": null,
        "osm_id": "1334317096",
        "tags": {
          "highway": "unclassified"
        }
      },
      "geometry": {
        "type": "LineString",
        "coordinates": [
          [
            78.6626443,
            17.1582654
          ],
          [
            78.6623518,
            17.1581605
          ],
          [
            78.6622666,
            17.1581157
          ],
          [
            78.6622442,
            17.1580878
          ],
          [
            78.6622241,
            17.1580628
          ],
          [
            78.6622155,
            17.1579855
          ],
          [
            78.6621772,
            17.1579081
          ],
          [
            78.6621335,
            17.1578477
          ],
          [
            78.6620903,
            17.1578064
          ],
          [
            78.6619859,
            17.1577582
          ],
          [
            78.6613748,
            17.1574852
          ],
          [
            78.6608252,
            17.1572395
          ],
          [
            78.6603684,
            17.1570354
          ]
        ]
      }
    },
    {
      "type": "Feature",
      "id": "osm-way-1334317097",
      "properties": {
        "kind": "road",
        "name": null,
        "osm_id": "1334317097",
        "tags": {
          "highway": "unclassified"
        }
      },
      "geometry": {
        "type": "LineString",
        "coordinates": [
          [
            78.6603998,
            17.1569671
          ],
          [
            78.6604841,
            17.1570036
          ],
          [
            78.6605518,
            17.1570328
          ],
          [
            78.6622055,
            17.1577479
          ],
          [
            78.6622811,
            17.1577479
          ],
          [
            78.6623891,
            17.1577307
          ],
          [
            78.6624971,
            17.1577204
          ],
          [
            78.6625619,
            17.1577273
          ],
          [
            78.6628588,
            17.1578331
          ]
        ]
      }
    },
    {
      "type": "Feature",
      "id": "osm-way-1334317098",
      "properties": {
        "kind": "road",
        "name": null,
        "osm_id": "1334317098",
        "tags": {
          "highway": "unclassified"
        }
      },
      "geometry": {
        "type": "LineString",
        "coordinates": [
          [
            78.6602069,
            17.1570572
          ],
          [
            78.6602441,
            17.1570722
          ],
          [
            78.6603026,
            17.1570736
          ],
          [
            78.6603455,
            17.1570558
          ],
          [
            78.6603684,
            17.1570354
          ],
          [
            78.6603884,
            17.1570026
          ],
          [
            78.6603998,
            17.1569671
          ],
          [
            78.6604012,
            17.1569275
          ],
          [
            78.6603969,
            17.1569043
          ],
          [
            78.6603841,
            17.1568865
          ],
          [
            78.6603498,
            17.1568647
          ],
          [
            78.6602998,
            17.1568497
          ],
          [
            78.6602469,
            17.1568524
          ],
          [
            78.6602055,
            17.1568688
          ],
          [
            78.6601755,
            17.1568947
          ],
          [
            78.6601598,
            17.1569275
          ],
          [
            78.6601569,
            17.156963
          ],
          [
            78.6601612,
            17.1570012
          ],
          [
            78.6601812,
            17.1570381
          ],
          [
            78.6602069,
            17.1570572
          ]
        ]
      }
    },
    {
      "type": "Feature",
      "id": "osm-way-1334317099",
      "properties": {
        "kind": "road",
        "name": null,
        "osm_id": "1334317099",
        "tags": {
          "highway": "unclassified"
        }
      },
      "geometry": {
        "type": "LineString",
        "coordinates": [
          [
            78.6601569,
            17.156963
          ],
          [
            78.6596685,
            17.1567421
          ],
          [
            78.6594455,
            17.1566413
          ],
          [
            78.6592755,
            17.1565496
          ],
          [
            78.6591294,
            17.1564524
          ],
          [
            78.6590516,
            17.1564006
          ],
          [
            78.6589866,
            17.1563639
          ],
          [
            78.6586996,
            17.1562019
          ],
          [
            78.6585922,
            17.1561373
          ],
          [
            78.6583917,
            17.1560166
          ],
          [
            78.6579158,
            17.1557472
          ],
          [
            78.6576379,
            17.1555829
          ],
          [
            78.657408,
            17.1554472
          ],
          [
            78.657284,
            17.155388
          ],
          [
            78.657188,
            17.1553536
          ],
          [
            78.657056,
            17.1553307
          ],
          [
            78.6566541,
            17.155281
          ],
          [
            78.6563102,
            17.1552275
          ],
          [
            78.6562402,
            17.155218
          ],
          [
            78.6561662,
            17.1551931
          ],
          [
            78.6560703,
            17.155153
          ],
          [
            78.6558683,
            17.1550632
          ],
          [
            78.6554624,
            17.1548874
          ],
          [
            78.6547846,
            17.1546066
          ]
        ]
      }
    },
    {
      "type": "Feature",
      "id": "osm-way-1334317100",
      "properties": {
        "kind": "road",
        "name": null,
        "osm_id": "1334317100",
        "tags": {
          "highway": "unclassified"
        }
      },
      "geometry": {
        "type": "LineString",
        "coordinates": [
          [
            78.6548246,
            17.1544958
          ],
          [
            78.6556144,
            17.1548607
          ],
          [
            78.6561183,
            17.1550632
          ],
          [
            78.6563042,
            17.1551262
          ],
          [
            78.6564802,
            17.1551625
          ],
          [
            78.6565166,
            17.1551677
          ],
          [
            78.6569641,
            17.1552313
          ],
          [
            78.657196,
            17.15526
          ],
          [
            78.657332,
            17.1553001
          ],
          [
            78.6574579,
            17.155367
          ],
          [
            78.6576379,
            17.1554797
          ],
          [
            78.6582857,
            17.1558465
          ],
          [
            78.6590563,
            17.1562802
          ],
          [
            78.6590935,
            17.1563012
          ],
          [
            78.6594955,
            17.1565649
          ],
          [
            78.6596714,
            17.1566432
          ],
          [
            78.6602055,
            17.1568688
          ]
        ]
      }
    },
    {
      "type": "Feature",
      "id": "osm-way-1334317101",
      "properties": {
        "kind": "road",
        "name": null,
        "osm_id": "1334317101",
        "tags": {
          "highway": "unclassified"
        }
      },
      "geometry": {
        "type": "LineString",
        "coordinates": [
          [
            78.6589866,
            17.1563639
          ],
          [
            78.6590563,
            17.1562802
          ]
        ]
      }
    },
    {
      "type": "Feature",
      "id": "osm-way-1334317102",
      "properties": {
        "kind": "road",
        "name": null,
        "osm_id": "1334317102",
        "tags": {
          "highway": "unclassified"
        }
      },
      "geometry": {
        "type": "LineString",
        "coordinates": [
          [
            78.6591294,
            17.1564524
          ],
          [
            78.6593355,
            17.1571553
          ],
          [
            78.6594861,
            17.1576406
          ],
          [
            78.6597354,
            17.158441
          ],
          [
            78.6598454,
            17.1587735
          ]
        ]
      }
    },
    {
      "type": "Feature",
      "id": "osm-way-1334317103",
      "properties": {
        "kind": "road",
        "name": null,
        "osm_id": "1334317103",
        "tags": {
          "highway": "unclassified"
        }
      },
      "geometry": {
        "type": "LineString",
        "coordinates": [
          [
            78.6596685,
            17.1567421
          ],
          [
            78.6599074,
            17.1575201
          ],
          [
            78.6602673,
            17.1586531
          ]
        ]
      }
    },
    {
      "type": "Feature",
      "id": "osm-way-1334317104",
      "properties": {
        "kind": "road",
        "name": null,
        "osm_id": "1334317104",
        "tags": {
          "highway": "unclassified"
        }
      },
      "geometry": {
        "type": "LineString",
        "coordinates": [
          [
            78.6602441,
            17.1570722
          ],
          [
            78.6603273,
            17.1573922
          ],
          [
            78.6603296,
            17.1573993
          ],
          [
            78.6606072,
            17.1582729
          ],
          [
            78.6606812,
            17.1585041
          ]
        ]
      }
    },
    {
      "type": "Feature",
      "id": "osm-way-1334317105",
      "properties": {
        "kind": "road",
        "name": null,
        "osm_id": "1334317105",
        "tags": {
          "highway": "unclassified"
        }
      },
      "geometry": {
        "type": "LineString",
        "coordinates": [
          [
            78.6603026,
            17.1570736
          ],
          [
            78.6604035,
            17.1573781
          ],
          [
            78.6604872,
            17.157631
          ],
          [
            78.6607532,
            17.1584812
          ]
        ]
      }
    },
    {
      "type": "Feature",
      "id": "osm-way-1334317106",
      "properties": {
        "kind": "road",
        "name": null,
        "osm_id": "1334317106",
        "tags": {
          "highway": "unclassified"
        }
      },
      "geometry": {
        "type": "LineString",
        "coordinates": [
          [
            78.6608252,
            17.1572395
          ],
          [
            78.6611669,
            17.1584044
          ],
          [
            78.6612693,
            17.1586652
          ]
        ]
      }
    },
    {
      "type": "Feature",
      "id": "osm-way-1334317107",
      "properties": {
        "kind": "road",
        "name": null,
        "osm_id": "1334317107",
        "tags": {
          "highway": "unclassified"
        }
      },
      "geometry": {
        "type": "LineString",
        "coordinates": [
          [
            78.6613748,
            17.1574852
          ],
          [
            78.6614228,
            17.1577236
          ],
          [
            78.6615971,
            17.1582686
          ]
        ]
      }
    },
    {
      "type": "Feature",
      "id": "osm-way-1334317108",
      "properties": {
        "kind": "road",
        "name": null,
        "osm_id": "1334317108",
        "tags": {
          "highway": "unclassified"
        }
      },
      "geometry": {
        "type": "LineString",
        "coordinates": [
          [
            78.6622442,
            17.1580878
          ],
          [
            78.6615971,
            17.1582686
          ],
          [
            78.6611669,
            17.1584044
          ],
          [
            78.6608021,
            17.1585165
          ]
        ]
      }
    },
    {
      "type": "Feature",
      "id": "osm-way-1334317109",
      "properties": {
        "kind": "road",
        "name": null,
        "osm_id": "1334317109",
        "tags": {
          "highway": "unclassified"
        }
      },
      "geometry": {
        "type": "LineString",
        "coordinates": [
          [
            78.6615971,
            17.1582686
          ],
          [
            78.6617214,
            17.15864
          ]
        ]
      }
    },
    {
      "type": "Feature",
      "id": "osm-way-1334317110",
      "properties": {
        "kind": "road",
        "name": null,
        "osm_id": "1334317110",
        "tags": {
          "highway": "unclassified"
        }
      },
      "geometry": {
        "type": "LineString",
        "coordinates": [
          [
            78.6606812,
            17.1585041
          ],
          [
            78.6607076,
            17.1584906
          ],
          [
            78.6607282,
            17.1584841
          ],
          [
            78.6607532,
            17.1584812
          ],
          [
            78.6607786,
            17.1584917
          ],
          [
            78.6608021,
            17.1585165
          ],
          [
            78.6608175,
            17.1585464
          ],
          [
            78.6608186,
            17.1585737
          ],
          [
            78.6608095,
            17.1585978
          ],
          [
            78.6607866,
            17.1586186
          ],
          [
            78.6607534,
            17.1586372
          ],
          [
            78.6607236,
            17.1586426
          ],
          [
            78.6606961,
            17.1586339
          ],
          [
            78.6606744,
            17.1586208
          ],
          [
            78.6606606,
            17.1586022
          ],
          [
            78.6606503,
            17.1585759
          ],
          [
            78.6606492,
            17.1585519
          ],
          [
            78.6606584,
            17.1585278
          ],
          [
            78.6606812,
            17.1585041
          ]
        ]
      }
    },
    {
      "type": "Feature",
      "id": "osm-way-1334317111",
      "properties": {
        "kind": "road",
        "name": null,
        "osm_id": "1334317111",
        "tags": {
          "highway": "unclassified"
        }
      },
      "geometry": {
        "type": "LineString",
        "coordinates": [
          [
            78.6606606,
            17.1586022
          ],
          [
            78.6603676,
            17.1586492
          ],
          [
            78.6602673,
            17.1586531
          ],
          [
            78.6598454,
            17.1587735
          ],
          [
            78.6594228,
            17.1589008
          ],
          [
            78.6591942,
            17.1589697
          ],
          [
            78.6589988,
            17.1590267
          ],
          [
            78.6586646,
            17.1591243
          ],
          [
            78.6586405,
            17.1591311
          ],
          [
            78.6582732,
            17.1592349
          ],
          [
            78.6581983,
            17.1592561
          ],
          [
            78.6579117,
            17.159331
          ],
          [
            78.6577099,
            17.1593937
          ],
          [
            78.657524,
            17.1594519
          ],
          [
            78.6573702,
            17.1594917
          ],
          [
            78.6572437,
            17.1595085
          ],
          [
            78.6567375,
            17.1595682
          ],
          [
            78.6564347,
            17.1596157
          ],
          [
            78.6563738,
            17.1596295
          ],
          [
            78.6563097,
            17.1596631
          ],
          [
            78.6561732,
            17.1597132
          ],
          [
            78.6560769,
            17.1597485
          ],
          [
            78.6556581,
            17.1599022
          ]
        ]
      }
    },
    {
      "type": "Feature",
      "id": "osm-way-1334317547",
      "properties": {
        "kind": "road",
        "name": null,
        "osm_id": "1334317547",
        "tags": {
          "highway": "unclassified"
        }
      },
      "geometry": {
        "type": "LineString",
        "coordinates": [
          [
            78.6603676,
            17.1586492
          ],
          [
            78.6603261,
            17.1587052
          ],
          [
            78.6599483,
            17.1588165
          ],
          [
            78.6591101,
            17.1590533
          ],
          [
            78.6583206,
            17.159281
          ],
          [
            78.6577559,
            17.1594441
          ],
          [
            78.657462,
            17.1595204
          ],
          [
            78.6572779,
            17.1595592
          ],
          [
            78.6570815,
            17.1595838
          ],
          [
            78.6564356,
            17.1596757
          ],
          [
            78.6563611,
            17.1596873
          ],
          [
            78.6563097,
            17.1596631
          ]
        ]
      }
    },
    {
      "type": "Feature",
      "id": "osm-way-1334317548",
      "properties": {
        "kind": "road",
        "name": null,
        "osm_id": "1334317548",
        "tags": {
          "highway": "unclassified"
        }
      },
      "geometry": {
        "type": "LineString",
        "coordinates": [
          [
            78.6561732,
            17.1597132
          ],
          [
            78.656134,
            17.1615689
          ],
          [
            78.6561302,
            17.1623894
          ],
          [
            78.6561051,
            17.1633217
          ],
          [
            78.6561062,
            17.1634334
          ],
          [
            78.6561134,
            17.16364
          ]
        ]
      }
    },
    {
      "type": "Feature",
      "id": "osm-way-1334317549",
      "properties": {
        "kind": "road",
        "name": null,
        "osm_id": "1334317549",
        "tags": {
          "highway": "unclassified"
        }
      },
      "geometry": {
        "type": "LineString",
        "coordinates": [
          [
            78.6560769,
            17.1597485
          ],
          [
            78.6560737,
            17.1605669
          ],
          [
            78.6560486,
            17.1613073
          ],
          [
            78.6560459,
            17.1616844
          ],
          [
            78.6560392,
            17.1626293
          ],
          [
            78.6560329,
            17.1632378
          ],
          [
            78.6560405,
            17.1634306
          ],
          [
            78.6560486,
            17.1636365
          ]
        ]
      }
    },
    {
      "type": "Feature",
      "id": "osm-way-1334317550",
      "properties": {
        "kind": "road",
        "name": null,
        "osm_id": "1334317550",
        "tags": {
          "highway": "unclassified"
        }
      },
      "geometry": {
        "type": "LineString",
        "coordinates": [
          [
            78.6604035,
            17.1573781
          ],
          [
            78.6603296,
            17.1573993
          ],
          [
            78.6599074,
            17.1575201
          ],
          [
            78.6594861,
            17.1576406
          ],
          [
            78.659068,
            17.1577603
          ],
          [
            78.6586583,
            17.1578775
          ],
          [
            78.6586452,
            17.1578812
          ],
          [
            78.6582732,
            17.1579869
          ],
          [
            78.6579115,
            17.1580897
          ],
          [
            78.6575506,
            17.1581922
          ],
          [
            78.6573141,
            17.1582594
          ]
        ]
      }
    },
    {
      "type": "Feature",
      "id": "osm-way-1334317551",
      "properties": {
        "kind": "road",
        "name": null,
        "osm_id": "1334317551",
        "tags": {
          "highway": "unclassified"
        }
      },
      "geometry": {
        "type": "LineString",
        "coordinates": [
          [
            78.6585922,
            17.1561373
          ],
          [
            78.659068,
            17.1577603
          ],
          [
            78.6594228,
            17.1589008
          ]
        ]
      }
    },
    {
      "type": "Feature",
      "id": "osm-way-1334317552",
      "properties": {
        "kind": "road",
        "name": null,
        "osm_id": "1334317552",
        "tags": {
          "highway": "unclassified"
        }
      },
      "geometry": {
        "type": "LineString",
        "coordinates": [
          [
            78.6589988,
            17.1590267
          ],
          [
            78.6586452,
            17.1578812
          ],
          [
            78.658381,
            17.1569954
          ]
        ]
      }
    },
    {
      "type": "Feature",
      "id": "osm-way-1334317553",
      "properties": {
        "kind": "road",
        "name": null,
        "osm_id": "1334317553",
        "tags": {
          "highway": "unclassified"
        }
      },
      "geometry": {
        "type": "LineString",
        "coordinates": [
          [
            78.6579949,
            17.1570673
          ],
          [
            78.6582732,
            17.1579869
          ],
          [
            78.6585588,
            17.1588551
          ],
          [
            78.6586405,
            17.1591311
          ]
        ]
      }
    },
    {
      "type": "Feature",
      "id": "osm-way-1334317554",
      "properties": {
        "kind": "road",
        "name": null,
        "osm_id": "1334317554",
        "tags": {
          "highway": "unclassified"
        }
      },
      "geometry": {
        "type": "LineString",
        "coordinates": [
          [
            78.6582732,
            17.1592349
          ],
          [
            78.6579115,
            17.1580897
          ]
        ]
      }
    },
    {
      "type": "Feature",
      "id": "osm-way-1334317555",
      "properties": {
        "kind": "road",
        "name": null,
        "osm_id": "1334317555",
        "tags": {
          "highway": "unclassified"
        }
      },
      "geometry": {
        "type": "LineString",
        "coordinates": [
          [
            78.6579115,
            17.1580897
          ],
          [
            78.6576206,
            17.1571459
          ]
        ]
      }
    },
    {
      "type": "Feature",
      "id": "osm-way-1334317556",
      "properties": {
        "kind": "road",
        "name": null,
        "osm_id": "1334317556",
        "tags": {
          "highway": "unclassified"
        }
      },
      "geometry": {
        "type": "LineString",
        "coordinates": [
          [
            78.6572579,
            17.1572301
          ],
          [
            78.6575506,
            17.1581922
          ],
          [
            78.6579117,
            17.159331
          ]
        ]
      }
    },
    {
      "type": "Feature",
      "id": "osm-way-1334317557",
      "properties": {
        "kind": "road",
        "name": null,
        "osm_id": "1334317557",
        "tags": {
          "highway": "unclassified"
        }
      },
      "geometry": {
        "type": "LineString",
        "coordinates": [
          [
            78.6604841,
            17.1570036
          ],
          [
            78.6601006,
            17.1556365
          ],
          [
            78.6599722,
            17.1551787
          ],
          [
            78.6599165,
            17.1550089
          ],
          [
            78.6598979,
            17.1549278
          ],
          [
            78.6598793,
            17.1547808
          ],
          [
            78.6597892,
            17.1536734
          ],
          [
            78.6596831,
            17.1525001
          ],
          [
            78.6596539,
            17.1521428
          ],
          [
            78.6596566,
            17.152044
          ],
          [
            78.6596592,
            17.1519857
          ],
          [
            78.6596725,
            17.1519198
          ],
          [
            78.6597176,
            17.1517956
          ],
          [
            78.6598873,
            17.1513142
          ],
          [
            78.6599032,
            17.1512331
          ],
          [
            78.6599112,
            17.1511469
          ],
          [
            78.6599244,
            17.1508428
          ],
          [
            78.6599085,
            17.1507642
          ],
          [
            78.6598395,
            17.1505336
          ],
          [
            78.6597043,
            17.1500876
          ],
          [
            78.6597118,
            17.1500364
          ]
        ]
      }
    },
    {
      "type": "Feature",
      "id": "osm-way-1334317558",
      "properties": {
        "kind": "road",
        "name": null,
        "osm_id": "1334317558",
        "tags": {
          "highway": "unclassified"
        }
      },
      "geometry": {
        "type": "LineString",
        "coordinates": [
          [
            78.6597118,
            17.1500364
          ],
          [
            78.6597574,
            17.1500716
          ],
          [
            78.659859,
            17.1503756
          ],
          [
            78.6599706,
            17.1508093
          ],
          [
            78.6599748,
            17.1508665
          ],
          [
            78.6599748,
            17.1511363
          ],
          [
            78.6599624,
            17.1512466
          ],
          [
            78.6599459,
            17.1513135
          ],
          [
            78.6599129,
            17.1514061
          ],
          [
            78.6597336,
            17.1519438
          ],
          [
            78.659715,
            17.1520403
          ],
          [
            78.6597109,
            17.1521427
          ],
          [
            78.6597274,
            17.1522766
          ],
          [
            78.6597439,
            17.1524775
          ],
          [
            78.6597913,
            17.1530369
          ],
          [
            78.6598284,
            17.1535805
          ],
          [
            78.6598758,
            17.1539862
          ],
          [
            78.6599356,
            17.1547189
          ],
          [
            78.6599645,
            17.1549079
          ],
          [
            78.6599809,
            17.1549907
          ],
          [
            78.6600077,
            17.1550734
          ],
          [
            78.6600634,
            17.155294
          ],
          [
            78.6602242,
            17.1558612
          ],
          [
            78.6603705,
            17.1564107
          ],
          [
            78.6605518,
            17.1570328
          ]
        ]
      }
    },
    {
      "type": "Feature",
      "id": "osm-way-1334466224",
      "properties": {
        "kind": "road",
        "name": null,
        "osm_id": "1334466224",
        "tags": {
          "highway": "unclassified"
        }
      },
      "geometry": {
        "type": "LineString",
        "coordinates": [
          [
            78.6547846,
            17.1546066
          ],
          [
            78.6548128,
            17.1545628
          ],
          [
            78.6548217,
            17.154535
          ],
          [
            78.6548246,
            17.1544958
          ],
          [
            78.6548217,
            17.1544343
          ],
          [
            78.6548038,
            17.1543808
          ],
          [
            78.6547612,
            17.1543443
          ],
          [
            78.6547097,
            17.1543165
          ],
          [
            78.6546536,
            17.1543036
          ],
          [
            78.6545886,
            17.1543186
          ],
          [
            78.6545505,
            17.1543401
          ],
          [
            78.6545101,
            17.1543701
          ],
          [
            78.6544765,
            17.1544043
          ],
          [
            78.6544496,
            17.1544557
          ],
          [
            78.6544474,
            17.1545221
          ],
          [
            78.654472,
            17.1545907
          ],
          [
            78.6545258,
            17.15464
          ],
          [
            78.6545931,
            17.15467
          ],
          [
            78.6546827,
            17.1546678
          ],
          [
            78.6547433,
            17.1546357
          ],
          [
            78.6547846,
            17.1546066
          ]
        ]
      }
    },
    {
      "type": "Feature",
      "id": "osm-way-1334466225",
      "properties": {
        "kind": "road",
        "name": null,
        "osm_id": "1334466225",
        "tags": {
          "highway": "unclassified"
        }
      },
      "geometry": {
        "type": "LineString",
        "coordinates": [
          [
            78.6544496,
            17.1544557
          ],
          [
            78.6531943,
            17.1538972
          ],
          [
            78.6522874,
            17.1534864
          ],
          [
            78.6521963,
            17.1534452
          ],
          [
            78.651452,
            17.1531089
          ],
          [
            78.6512357,
            17.1530152
          ]
        ]
      }
    },
    {
      "type": "Feature",
      "id": "osm-way-1334466226",
      "properties": {
        "kind": "road",
        "name": null,
        "osm_id": "1334466226",
        "tags": {
          "highway": "unclassified"
        }
      },
      "geometry": {
        "type": "LineString",
        "coordinates": [
          [
            78.6512559,
            17.1529215
          ],
          [
            78.6515696,
            17.1530639
          ],
          [
            78.6521035,
            17.1533063
          ],
          [
            78.6521847,
            17.1533432
          ],
          [
            78.6523233,
            17.1534087
          ],
          [
            78.652581,
            17.1535304
          ],
          [
            78.6526924,
            17.153583
          ],
          [
            78.6530818,
            17.1537566
          ],
          [
            78.6534944,
            17.15394
          ],
          [
            78.6536212,
            17.1539964
          ],
          [
            78.6539177,
            17.1541258
          ],
          [
            78.6539876,
            17.1541563
          ],
          [
            78.6545101,
            17.1543701
          ]
        ]
      }
    },
    {
      "type": "Feature",
      "id": "osm-way-1334466227",
      "properties": {
        "kind": "road",
        "name": null,
        "osm_id": "1334466227",
        "tags": {
          "highway": "unclassified"
        }
      },
      "geometry": {
        "type": "LineString",
        "coordinates": [
          [
            78.6512357,
            17.1530152
          ],
          [
            78.6512524,
            17.1529758
          ],
          [
            78.6512559,
            17.1529215
          ],
          [
            78.6512524,
            17.15286
          ],
          [
            78.6512392,
            17.1528147
          ],
          [
            78.6512126,
            17.1527767
          ],
          [
            78.651171,
            17.1527477
          ],
          [
            78.6511179,
            17.1527314
          ],
          [
            78.6510478,
            17.1527332
          ],
          [
            78.6509909,
            17.1527567
          ],
          [
            78.6509416,
            17.152793
          ],
          [
            78.6509056,
            17.15284
          ],
          [
            78.6508905,
            17.1528925
          ],
          [
            78.6508924,
            17.1529523
          ],
          [
            78.6509132,
            17.1529958
          ],
          [
            78.6509606,
            17.1530392
          ],
          [
            78.6510193,
            17.1530664
          ],
          [
            78.6510838,
            17.1530754
          ],
          [
            78.6511501,
            17.153061
          ],
          [
            78.6511937,
            17.1530392
          ],
          [
            78.6512357,
            17.1530152
          ]
        ]
      }
    },
    {
      "type": "Feature",
      "id": "osm-way-1334466228",
      "properties": {
        "kind": "road",
        "name": null,
        "osm_id": "1334466228",
        "tags": {
          "highway": "unclassified"
        }
      },
      "geometry": {
        "type": "LineString",
        "coordinates": [
          [
            78.6508905,
            17.1528925
          ],
          [
            78.6505674,
            17.1527434
          ],
          [
            78.6501344,
            17.1525365
          ],
          [
            78.6496858,
            17.1523357
          ],
          [
            78.6492622,
            17.1521588
          ],
          [
            78.6488042,
            17.151949
          ],
          [
            78.6483775,
            17.1517631
          ],
          [
            78.6479634,
            17.1515772
          ],
          [
            78.6475304,
            17.1514004
          ]
        ]
      }
    },
    {
      "type": "Feature",
      "id": "osm-way-1334466229",
      "properties": {
        "kind": "road",
        "name": null,
        "osm_id": "1334466229",
        "tags": {
          "highway": "unclassified"
        }
      },
      "geometry": {
        "type": "LineString",
        "coordinates": [
          [
            78.6475626,
            17.1513132
          ],
          [
            78.6479329,
            17.1514697
          ],
          [
            78.6480438,
            17.1515166
          ],
          [
            78.6483755,
            17.1516616
          ],
          [
            78.6485412,
            17.1517341
          ],
          [
            78.6488143,
            17.1518521
          ],
          [
            78.6490517,
            17.1519547
          ],
          [
            78.6492469,
            17.1520445
          ],
          [
            78.6495377,
            17.1521783
          ],
          [
            78.6496839,
            17.1522445
          ],
          [
            78.6497606,
            17.1522792
          ],
          [
            78.6499977,
            17.1523865
          ],
          [
            78.6502098,
            17.1524777
          ],
          [
            78.6505862,
            17.1526395
          ],
          [
            78.6506984,
            17.1526878
          ],
          [
            78.6509416,
            17.152793
          ]
        ]
      }
    },
    {
      "type": "Feature",
      "id": "osm-way-1334466230",
      "properties": {
        "kind": "road",
        "name": null,
        "osm_id": "1334466230",
        "tags": {
          "highway": "unclassified"
        }
      },
      "geometry": {
        "type": "LineString",
        "coordinates": [
          [
            78.6473714,
            17.1514448
          ],
          [
            78.6474137,
            17.1514448
          ],
          [
            78.6474706,
            17.1514324
          ],
          [
            78.6475304,
            17.1514004
          ],
          [
            78.6475519,
            17.1513703
          ],
          [
            78.6475626,
            17.1513132
          ],
          [
            78.6475535,
            17.1512507
          ],
          [
            78.6475161,
            17.1511979
          ],
          [
            78.6474625,
            17.151159
          ],
          [
            78.6473909,
            17.151142
          ],
          [
            78.647334,
            17.1511544
          ],
          [
            78.6472771,
            17.1511886
          ],
          [
            78.6472365,
            17.1512289
          ],
          [
            78.6472186,
            17.1512755
          ],
          [
            78.6472235,
            17.1513346
          ],
          [
            78.6472658,
            17.1513936
          ],
          [
            78.6473178,
            17.1514262
          ],
          [
            78.6473714,
            17.1514448
          ]
        ]
      }
    },
    {
      "type": "Feature",
      "id": "osm-way-1334466231",
      "properties": {
        "kind": "road",
        "name": null,
        "osm_id": "1334466231",
        "tags": {
          "highway": "unclassified"
        }
      },
      "geometry": {
        "type": "LineString",
        "coordinates": [
          [
            78.6510838,
            17.1530754
          ],
          [
            78.6510938,
            17.1534341
          ],
          [
            78.6511186,
            17.1540373
          ],
          [
            78.6511256,
            17.15461
          ],
          [
            78.6511186,
            17.1551827
          ],
          [
            78.6511115,
            17.1555425
          ],
          [
            78.651108,
            17.1561575
          ],
          [
            78.6510973,
            17.1566271
          ],
          [
            78.6510973,
            17.1570832
          ],
          [
            78.6510938,
            17.157536
          ],
          [
            78.6510779,
            17.1579093
          ],
          [
            78.6510814,
            17.1583384
          ],
          [
            78.6510814,
            17.1587388
          ],
          [
            78.6510787,
            17.1591229
          ],
          [
            78.6510776,
            17.1595058
          ],
          [
            78.6510694,
            17.1599853
          ]
        ]
      }
    },
    {
      "type": "Feature",
      "id": "osm-way-1334466232",
      "properties": {
        "kind": "road",
        "name": null,
        "osm_id": "1334466232",
        "tags": {
          "highway": "unclassified"
        }
      },
      "geometry": {
        "type": "LineString",
        "coordinates": [
          [
            78.651016,
            17.1600197
          ],
          [
            78.6510253,
            17.1593948
          ],
          [
            78.651023,
            17.1589975
          ],
          [
            78.6510241,
            17.1586734
          ],
          [
            78.651023,
            17.1582061
          ],
          [
            78.6510334,
            17.1578809
          ],
          [
            78.6510264,
            17.1576001
          ],
          [
            78.6510288,
            17.1573449
          ],
          [
            78.6510323,
            17.1568276
          ],
          [
            78.6510427,
            17.1564125
          ],
          [
            78.6510427,
            17.1560452
          ],
          [
            78.6510462,
            17.1557244
          ],
          [
            78.6510543,
            17.1554525
          ],
          [
            78.6510543,
            17.1551162
          ],
          [
            78.6510613,
            17.1548442
          ],
          [
            78.6510625,
            17.1545645
          ],
          [
            78.6510625,
            17.1542493
          ],
          [
            78.651059,
            17.1540073
          ],
          [
            78.6510467,
            17.1538281
          ],
          [
            78.6510381,
            17.1537032
          ],
          [
            78.6510369,
            17.1535367
          ],
          [
            78.6510415,
            17.1532826
          ],
          [
            78.6510374,
            17.1531689
          ],
          [
            78.6510193,
            17.1530664
          ]
        ]
      }
    },
    {
      "type": "Feature",
      "id": "osm-way-1334466233",
      "properties": {
        "kind": "road",
        "name": null,
        "osm_id": "1334466233",
        "tags": {
          "highway": "unclassified"
        }
      },
      "geometry": {
        "type": "LineString",
        "coordinates": [
          [
            78.6505674,
            17.1527434
          ],
          [
            78.6505556,
            17.1536866
          ],
          [
            78.6505694,
            17.1537654
          ],
          [
            78.65059,
            17.1538376
          ],
          [
            78.65059,
            17.1538757
          ],
          [
            78.6505831,
            17.1539177
          ],
          [
            78.6505817,
            17.1539544
          ],
          [
            78.6505927,
            17.1539951
          ],
          [
            78.6506559,
            17.1540976
          ]
        ]
      }
    },
    {
      "type": "Feature",
      "id": "osm-way-1334466234",
      "properties": {
        "kind": "road",
        "name": null,
        "osm_id": "1334466234",
        "tags": {
          "highway": "unclassified"
        }
      },
      "geometry": {
        "type": "LineString",
        "coordinates": [
          [
            78.6458336,
            17.1585055
          ],
          [
            78.6458479,
            17.158284
          ],
          [
            78.6458557,
            17.1580545
          ],
          [
            78.645883,
            17.1578436
          ],
          [
            78.6459285,
            17.157561
          ],
          [
            78.6459581,
            17.1573828
          ],
          [
            78.6459808,
            17.1572611
          ],
          [
            78.6460036,
            17.1571807
          ],
          [
            78.6460445,
            17.1571089
          ],
          [
            78.6460787,
            17.1570568
          ],
          [
            78.6461287,
            17.1570111
          ],
          [
            78.6462311,
            17.1569568
          ],
          [
            78.6464267,
            17.1568546
          ],
          [
            78.6465473,
            17.1567959
          ],
          [
            78.6466883,
            17.156759
          ],
          [
            78.6469317,
            17.1567177
          ],
          [
            78.6471137,
            17.1566698
          ],
          [
            78.6472343,
            17.1566177
          ],
          [
            78.6473913,
            17.1565438
          ],
          [
            78.6475824,
            17.1564177
          ],
          [
            78.6478212,
            17.1562416
          ],
          [
            78.6481488,
            17.155996
          ],
          [
            78.6483786,
            17.1558286
          ],
          [
            78.6486447,
            17.1556373
          ],
          [
            78.6488245,
            17.1555178
          ],
          [
            78.6489177,
            17.1554461
          ],
          [
            78.6489655,
            17.1553874
          ],
          [
            78.649036,
            17.1553048
          ],
          [
            78.6491725,
            17.1551917
          ],
          [
            78.6494114,
            17.1550113
          ],
          [
            78.6497617,
            17.1547744
          ],
          [
            78.6501826,
            17.1544853
          ],
          [
            78.6504123,
            17.1543136
          ],
          [
            78.6504851,
            17.1542484
          ],
          [
            78.6506559,
            17.1540976
          ],
          [
            78.6507445,
            17.1540375
          ],
          [
            78.650881,
            17.1539527
          ],
          [
            78.6509674,
            17.1538832
          ],
          [
            78.6510467,
            17.1538281
          ]
        ]
      }
    },
    {
      "type": "Feature",
      "id": "osm-way-1334466235",
      "properties": {
        "kind": "road",
        "name": null,
        "osm_id": "1334466235",
        "tags": {
          "highway": "unclassified"
        }
      },
      "geometry": {
        "type": "LineString",
        "coordinates": [
          [
            78.6501344,
            17.1525365
          ],
          [
            78.65012,
            17.1533713
          ]
        ]
      }
    },
    {
      "type": "Feature",
      "id": "osm-way-1334466236",
      "properties": {
        "kind": "road",
        "name": null,
        "osm_id": "1334466236",
        "tags": {
          "highway": "unclassified"
        }
      },
      "geometry": {
        "type": "LineString",
        "coordinates": [
          [
            78.6496748,
            17.153521
          ],
          [
            78.6496858,
            17.1523357
          ]
        ]
      }
    },
    {
      "type": "Feature",
      "id": "osm-way-1334466237",
      "properties": {
        "kind": "road",
        "name": null,
        "osm_id": "1334466237",
        "tags": {
          "highway": "unclassified"
        }
      },
      "geometry": {
        "type": "LineString",
        "coordinates": [
          [
            78.6492469,
            17.1520445
          ],
          [
            78.6492622,
            17.1521588
          ],
          [
            78.6492447,
            17.1529367
          ],
          [
            78.6492337,
            17.1536563
          ]
        ]
      }
    },
    {
      "type": "Feature",
      "id": "osm-way-1334466238",
      "properties": {
        "kind": "road",
        "name": null,
        "osm_id": "1334466238",
        "tags": {
          "highway": "unclassified"
        }
      },
      "geometry": {
        "type": "LineString",
        "coordinates": [
          [
            78.6487994,
            17.1537849
          ],
          [
            78.6488104,
            17.1526544
          ],
          [
            78.6488042,
            17.151949
          ]
        ]
      }
    },
    {
      "type": "Feature",
      "id": "osm-way-1334466239",
      "properties": {
        "kind": "road",
        "name": null,
        "osm_id": "1334466239",
        "tags": {
          "highway": "unclassified"
        }
      },
      "geometry": {
        "type": "LineString",
        "coordinates": [
          [
            78.6483775,
            17.1517631
          ],
          [
            78.648379,
            17.1522395
          ],
          [
            78.6483647,
            17.1528547
          ],
          [
            78.6483647,
            17.1530442
          ],
          [
            78.648368,
            17.1534978
          ],
          [
            78.6483712,
            17.1539374
          ]
        ]
      }
    },
    {
      "type": "Feature",
      "id": "osm-way-1334466240",
      "properties": {
        "kind": "road",
        "name": null,
        "osm_id": "1334466240",
        "tags": {
          "highway": "unclassified"
        }
      },
      "geometry": {
        "type": "LineString",
        "coordinates": [
          [
            78.6479634,
            17.1515772
          ],
          [
            78.6479421,
            17.1518653
          ],
          [
            78.6479339,
            17.1521092
          ],
          [
            78.6479372,
            17.1525565
          ],
          [
            78.6479307,
            17.1531949
          ],
          [
            78.6479209,
            17.1535475
          ]
        ]
      }
    },
    {
      "type": "Feature",
      "id": "osm-way-1334466241",
      "properties": {
        "kind": "road",
        "name": null,
        "osm_id": "1334466241",
        "tags": {
          "highway": "unclassified"
        }
      },
      "geometry": {
        "type": "LineString",
        "coordinates": [
          [
            78.6474137,
            17.1514448
          ],
          [
            78.6474126,
            17.1520817
          ],
          [
            78.6479339,
            17.1521092
          ]
        ]
      }
    },
    {
      "type": "Feature",
      "id": "osm-way-1334466242",
      "properties": {
        "kind": "road",
        "name": null,
        "osm_id": "1334466242",
        "tags": {
          "highway": "unclassified"
        }
      },
      "geometry": {
        "type": "LineString",
        "coordinates": [
          [
            78.6474126,
            17.1520817
          ],
          [
            78.6473374,
            17.1520808
          ],
          [
            78.646834,
            17.1520745
          ],
          [
            78.6465472,
            17.1520672
          ],
          [
            78.6463644,
            17.1520689
          ],
          [
            78.6461467,
            17.1520708
          ],
          [
            78.6459276,
            17.1520703
          ],
          [
            78.6456123,
            17.1520696
          ],
          [
            78.6451784,
            17.1520613
          ],
          [
            78.6449818,
            17.1520576
          ],
          [
            78.6447324,
            17.152058
          ],
          [
            78.644311,
            17.1520588
          ],
          [
            78.6441886,
            17.152058
          ],
          [
            78.6439003,
            17.1520564
          ],
          [
            78.6437434,
            17.152056
          ],
          [
            78.6435666,
            17.1520555
          ]
        ]
      }
    },
    {
      "type": "Feature",
      "id": "osm-way-1334466243",
      "properties": {
        "kind": "road",
        "name": null,
        "osm_id": "1334466243",
        "tags": {
          "highway": "unclassified"
        }
      },
      "geometry": {
        "type": "LineString",
        "coordinates": [
          [
            78.6473178,
            17.1514262
          ],
          [
            78.6473374,
            17.151529
          ],
          [
            78.6473432,
            17.1517789
          ],
          [
            78.6473374,
            17.1520808
          ]
        ]
      }
    },
    {
      "type": "Feature",
      "id": "osm-way-1334466244",
      "properties": {
        "kind": "road",
        "name": null,
        "osm_id": "1334466244",
        "tags": {
          "highway": "unclassified"
        }
      },
      "geometry": {
        "type": "LineString",
        "coordinates": [
          [
            78.6472186,
            17.1512755
          ],
          [
            78.6468306,
            17.1512776
          ],
          [
            78.6465547,
            17.1512791
          ],
          [
            78.646387,
            17.1512777
          ],
          [
            78.6461297,
            17.1512754
          ],
          [
            78.6459441,
            17.1512702
          ],
          [
            78.6457374,
            17.1512644
          ],
          [
            78.6455942,
            17.1512644
          ],
          [
            78.6453509,
            17.1512644
          ],
          [
            78.6451917,
            17.1512618
          ],
          [
            78.6448971,
            17.1512571
          ],
          [
            78.6447415,
            17.1512571
          ],
          [
            78.6444028,
            17.1512571
          ],
          [
            78.6441932,
            17.1512547
          ],
          [
            78.6439259,
            17.1512516
          ],
          [
            78.6437547,
            17.1512494
          ],
          [
            78.6434894,
            17.151246
          ],
          [
            78.6434125,
            17.1512442
          ],
          [
            78.6433702,
            17.1512185
          ],
          [
            78.6433433,
            17.1511836
          ],
          [
            78.6433221,
            17.1511413
          ],
          [
            78.6433106,
            17.1510862
          ],
          [
            78.6433144,
            17.1506048
          ],
          [
            78.6433144,
            17.1502428
          ],
          [
            78.6433279,
            17.1499451
          ]
        ]
      }
    },
    {
      "type": "Feature",
      "id": "osm-way-1334466245",
      "properties": {
        "kind": "road",
        "name": null,
        "osm_id": "1334466245",
        "tags": {
          "highway": "unclassified"
        }
      },
      "geometry": {
        "type": "LineString",
        "coordinates": [
          [
            78.6427548,
            17.1499451
          ],
          [
            78.6428881,
            17.1499451
          ],
          [
            78.6433279,
            17.1499451
          ],
          [
            78.6437569,
            17.1499512
          ],
          [
            78.6441932,
            17.1499575
          ],
          [
            78.6444817,
            17.1499616
          ],
          [
            78.6447575,
            17.1499643
          ],
          [
            78.6452122,
            17.1499688
          ],
          [
            78.6454201,
            17.1499708
          ]
        ]
      }
    },
    {
      "type": "Feature",
      "id": "osm-way-1334466246",
      "properties": {
        "kind": "road",
        "name": null,
        "osm_id": "1334466246",
        "tags": {
          "highway": "unclassified"
        }
      },
      "geometry": {
        "type": "LineString",
        "coordinates": [
          [
            78.6428881,
            17.1499451
          ],
          [
            78.6428972,
            17.1489567
          ],
          [
            78.6429017,
            17.1483545
          ],
          [
            78.6429017,
            17.1477589
          ]
        ]
      }
    },
    {
      "type": "Feature",
      "id": "osm-way-1334466247",
      "properties": {
        "kind": "road",
        "name": null,
        "osm_id": "1334466247",
        "tags": {
          "highway": "unclassified"
        }
      },
      "geometry": {
        "type": "LineString",
        "coordinates": [
          [
            78.6433453,
            17.1477676
          ],
          [
            78.6433385,
            17.1483437
          ],
          [
            78.6433453,
            17.148761
          ],
          [
            78.643334,
            17.1491284
          ],
          [
            78.6433271,
            17.1495827
          ],
          [
            78.6433279,
            17.1499451
          ]
        ]
      }
    },
    {
      "type": "Feature",
      "id": "osm-way-1334466248",
      "properties": {
        "kind": "road",
        "name": null,
        "osm_id": "1334466248",
        "tags": {
          "highway": "unclassified"
        }
      },
      "geometry": {
        "type": "LineString",
        "coordinates": [
          [
            78.6437753,
            17.1477589
          ],
          [
            78.6437753,
            17.1482328
          ],
          [
            78.6437707,
            17.1487741
          ],
          [
            78.6437685,
            17.1491762
          ],
          [
            78.6437639,
            17.1496436
          ],
          [
            78.6437569,
            17.1499512
          ],
          [
            78.6437548,
            17.1503609
          ],
          [
            78.6437548,
            17.1507131
          ],
          [
            78.6437547,
            17.1512494
          ]
        ]
      }
    },
    {
      "type": "Feature",
      "id": "osm-way-1334466249",
      "properties": {
        "kind": "road",
        "name": null,
        "osm_id": "1334466249",
        "tags": {
          "highway": "unclassified"
        }
      },
      "geometry": {
        "type": "LineString",
        "coordinates": [
          [
            78.6437547,
            17.1512494
          ],
          [
            78.6437457,
            17.1515826
          ],
          [
            78.6437434,
            17.152056
          ],
          [
            78.6437321,
            17.1531063
          ],
          [
            78.6437275,
            17.1532824
          ],
          [
            78.6436979,
            17.1534824
          ],
          [
            78.6436752,
            17.1535585
          ],
          [
            78.6436365,
            17.1536215
          ],
          [
            78.6435865,
            17.1536954
          ],
          [
            78.6435273,
            17.1537802
          ],
          [
            78.6435023,
            17.153828
          ],
          [
            78.6434659,
            17.1539258
          ],
          [
            78.64345,
            17.1540063
          ],
          [
            78.6434159,
            17.1540997
          ],
          [
            78.6433453,
            17.1542628
          ],
          [
            78.6433203,
            17.1543323
          ],
          [
            78.6433135,
            17.1543888
          ],
          [
            78.6433249,
            17.1544606
          ],
          [
            78.6433226,
            17.1548192
          ],
          [
            78.6433317,
            17.1549931
          ],
          [
            78.6433453,
            17.1551627
          ],
          [
            78.6434159,
            17.1555409
          ],
          [
            78.6434727,
            17.1557496
          ],
          [
            78.6434909,
            17.1558256
          ],
          [
            78.6434977,
            17.155893
          ],
          [
            78.6434841,
            17.1560104
          ],
          [
            78.6434295,
            17.1562778
          ],
          [
            78.643384,
            17.1564625
          ],
          [
            78.6433089,
            17.156656
          ],
          [
            78.6432475,
            17.1567886
          ],
          [
            78.6431588,
            17.1569255
          ],
          [
            78.6430974,
            17.1569972
          ],
          [
            78.6430655,
            17.1570494
          ],
          [
            78.6430291,
            17.1571298
          ],
          [
            78.6429973,
            17.1572755
          ],
          [
            78.6429313,
            17.1575733
          ],
          [
            78.6428994,
            17.1577276
          ],
          [
            78.642879,
            17.1578232
          ],
          [
            78.6428802,
            17.1578645
          ],
          [
            78.6429011,
            17.1579487
          ],
          [
            78.642919,
            17.158043
          ],
          [
            78.642919,
            17.1581001
          ],
          [
            78.6428996,
            17.1581744
          ],
          [
            78.6428607,
            17.1582315
          ],
          [
            78.6428249,
            17.1582586
          ],
          [
            78.6427143,
            17.1583343
          ],
          [
            78.642647,
            17.15838
          ],
          [
            78.6425723,
            17.1584529
          ],
          [
            78.6425244,
            17.1585043
          ],
          [
            78.6425035,
            17.1585471
          ],
          [
            78.642499,
            17.1585885
          ],
          [
            78.6425234,
            17.1587333
          ]
        ]
      }
    },
    {
      "type": "Feature",
      "id": "osm-way-1334466250",
      "properties": {
        "kind": "road",
        "name": null,
        "osm_id": "1334466250",
        "tags": {
          "highway": "unclassified"
        }
      },
      "geometry": {
        "type": "LineString",
        "coordinates": [
          [
            78.6441636,
            17.152903
          ],
          [
            78.6441886,
            17.152058
          ],
          [
            78.6441841,
            17.1516792
          ],
          [
            78.6441909,
            17.1514184
          ],
          [
            78.6441932,
            17.1512547
          ]
        ]
      }
    },
    {
      "type": "Feature",
      "id": "osm-way-1334466251",
      "properties": {
        "kind": "road",
        "name": null,
        "osm_id": "1334466251",
        "tags": {
          "highway": "unclassified"
        }
      },
      "geometry": {
        "type": "LineString",
        "coordinates": [
          [
            78.6441932,
            17.1512547
          ],
          [
            78.6441864,
            17.1509988
          ],
          [
            78.6441887,
            17.1507054
          ],
          [
            78.6441887,
            17.1503924
          ],
          [
            78.6441932,
            17.1499575
          ]
        ]
      }
    },
    {
      "type": "Feature",
      "id": "osm-way-1334466252",
      "properties": {
        "kind": "road",
        "name": null,
        "osm_id": "1334466252",
        "tags": {
          "highway": "unclassified"
        }
      },
      "geometry": {
        "type": "LineString",
        "coordinates": [
          [
            78.6441932,
            17.1499575
          ],
          [
            78.6442,
            17.1496272
          ],
          [
            78.6441955,
            17.1493229
          ],
          [
            78.6442069,
            17.1490816
          ],
          [
            78.6442137,
            17.1487925
          ],
          [
            78.6442114,
            17.148549
          ],
          [
            78.6442137,
            17.1481642
          ],
          [
            78.6442182,
            17.1479251
          ],
          [
            78.6442205,
            17.1477664
          ]
        ]
      }
    },
    {
      "type": "Feature",
      "id": "osm-way-1334466253",
      "properties": {
        "kind": "road",
        "name": null,
        "osm_id": "1334466253",
        "tags": {
          "highway": "unclassified"
        }
      },
      "geometry": {
        "type": "LineString",
        "coordinates": [
          [
            78.6447324,
            17.152058
          ],
          [
            78.644746,
            17.1517531
          ],
          [
            78.644746,
            17.1516031
          ],
          [
            78.644746,
            17.1514814
          ],
          [
            78.6447415,
            17.1513314
          ],
          [
            78.6447415,
            17.1512571
          ],
          [
            78.644746,
            17.1509684
          ],
          [
            78.6447506,
            17.1507206
          ],
          [
            78.6447528,
            17.1503902
          ],
          [
            78.6447574,
            17.1502315
          ],
          [
            78.6447597,
            17.1500663
          ],
          [
            78.6447575,
            17.1499643
          ]
        ]
      }
    },
    {
      "type": "Feature",
      "id": "osm-way-1334466254",
      "properties": {
        "kind": "road",
        "name": null,
        "osm_id": "1334466254",
        "tags": {
          "highway": "unclassified"
        }
      },
      "geometry": {
        "type": "LineString",
        "coordinates": [
          [
            78.6447575,
            17.1499643
          ],
          [
            78.6447574,
            17.1496315
          ],
          [
            78.6447551,
            17.1493555
          ],
          [
            78.6447619,
            17.1491468
          ],
          [
            78.6447642,
            17.1488946
          ],
          [
            78.644771,
            17.1485707
          ],
          [
            78.6447756,
            17.1482403
          ],
          [
            78.6447847,
            17.1481056
          ],
          [
            78.6447857,
            17.1479048
          ]
        ]
      }
    },
    {
      "type": "Feature",
      "id": "osm-way-1334466255",
      "properties": {
        "kind": "road",
        "name": null,
        "osm_id": "1334466255",
        "tags": {
          "highway": "unclassified"
        }
      },
      "geometry": {
        "type": "LineString",
        "coordinates": [
          [
            78.6451784,
            17.1520613
          ],
          [
            78.6451896,
            17.1517335
          ],
          [
            78.6451896,
            17.1514205
          ],
          [
            78.6451917,
            17.1512618
          ],
          [
            78.6451965,
            17.151014
          ],
          [
            78.645201,
            17.1505206
          ],
          [
            78.6451965,
            17.150225
          ],
          [
            78.6452122,
            17.1499688
          ],
          [
            78.6452192,
            17.1497424
          ],
          [
            78.6452237,
            17.149425
          ],
          [
            78.6452237,
            17.1491185
          ],
          [
            78.6452328,
            17.1488381
          ],
          [
            78.6452328,
            17.1484925
          ],
          [
            78.6452351,
            17.1481251
          ],
          [
            78.6452442,
            17.1477643
          ]
        ]
      }
    },
    {
      "type": "Feature",
      "id": "osm-way-1334466256",
      "properties": {
        "kind": "road",
        "name": null,
        "osm_id": "1334466256",
        "tags": {
          "highway": "unclassified"
        }
      },
      "geometry": {
        "type": "LineString",
        "coordinates": [
          [
            78.6459441,
            17.1512702
          ],
          [
            78.6459344,
            17.1515668
          ],
          [
            78.6459253,
            17.1517951
          ],
          [
            78.6459276,
            17.1520703
          ]
        ]
      }
    },
    {
      "type": "Feature",
      "id": "osm-way-1334466257",
      "properties": {
        "kind": "road",
        "name": null,
        "osm_id": "1334466257",
        "tags": {
          "highway": "unclassified"
        }
      },
      "geometry": {
        "type": "LineString",
        "coordinates": [
          [
            78.6463644,
            17.1520689
          ],
          [
            78.6463848,
            17.1518798
          ],
          [
            78.6463893,
            17.1516081
          ],
          [
            78.646387,
            17.1512777
          ]
        ]
      }
    },
    {
      "type": "Feature",
      "id": "osm-way-1334466258",
      "properties": {
        "kind": "road",
        "name": null,
        "osm_id": "1334466258",
        "tags": {
          "highway": "unclassified"
        }
      },
      "geometry": {
        "type": "LineString",
        "coordinates": [
          [
            78.646834,
            17.1520745
          ],
          [
            78.6468307,
            17.1517451
          ],
          [
            78.6468239,
            17.1514712
          ],
          [
            78.6468306,
            17.1512776
          ]
        ]
      }
    },
    {
      "type": "Feature",
      "id": "osm-way-1334466259",
      "properties": {
        "kind": "road",
        "name": null,
        "osm_id": "1334466259",
        "tags": {
          "highway": "unclassified"
        }
      },
      "geometry": {
        "type": "LineString",
        "coordinates": [
          [
            78.6468306,
            17.1512776
          ],
          [
            78.6468261,
            17.1509321
          ],
          [
            78.6468329,
            17.1507082
          ],
          [
            78.6468284,
            17.1504278
          ],
          [
            78.6468329,
            17.15018
          ],
          [
            78.6468284,
            17.1499909
          ]
        ]
      }
    },
    {
      "type": "Feature",
      "id": "osm-way-1334466260",
      "properties": {
        "kind": "road",
        "name": null,
        "osm_id": "1334466260",
        "tags": {
          "highway": "unclassified"
        }
      },
      "geometry": {
        "type": "LineString",
        "coordinates": [
          [
            78.6455942,
            17.1512644
          ],
          [
            78.6456032,
            17.1506993
          ],
          [
            78.6456088,
            17.1503498
          ]
        ]
      }
    },
    {
      "type": "Feature",
      "id": "osm-way-1334466261",
      "properties": {
        "kind": "road",
        "name": null,
        "osm_id": "1334466261",
        "tags": {
          "highway": "unclassified"
        }
      },
      "geometry": {
        "type": "LineString",
        "coordinates": [
          [
            78.6459441,
            17.1512702
          ],
          [
            78.6459571,
            17.1506938
          ]
        ]
      }
    },
    {
      "type": "Feature",
      "id": "osm-way-1334466262",
      "properties": {
        "kind": "road",
        "name": null,
        "osm_id": "1334466262",
        "tags": {
          "highway": "unclassified"
        }
      },
      "geometry": {
        "type": "LineString",
        "coordinates": [
          [
            78.646387,
            17.1512777
          ],
          [
            78.6463925,
            17.1506994
          ],
          [
            78.6463962,
            17.1503134
          ]
        ]
      }
    },
    {
      "type": "Feature",
      "id": "osm-way-1334466263",
      "properties": {
        "kind": "road",
        "name": null,
        "osm_id": "1334466263",
        "tags": {
          "highway": "unclassified"
        }
      },
      "geometry": {
        "type": "LineString",
        "coordinates": [
          [
            78.6456032,
            17.1506993
          ],
          [
            78.6459571,
            17.1506938
          ],
          [
            78.6463925,
            17.1506994
          ]
        ]
      }
    },
    {
      "type": "Feature",
      "id": "osm-way-1334466264",
      "properties": {
        "kind": "road",
        "name": null,
        "osm_id": "1334466264",
        "tags": {
          "highway": "unclassified"
        }
      },
      "geometry": {
        "type": "LineString",
        "coordinates": [
          [
            78.6446049,
            17.1477705
          ],
          [
            78.6442205,
            17.1477664
          ],
          [
            78.6437753,
            17.1477589
          ],
          [
            78.6435623,
            17.1477632
          ],
          [
            78.6433453,
            17.1477676
          ],
          [
            78.6429017,
            17.1477589
          ],
          [
            78.6424751,
            17.1477648
          ],
          [
            78.642372,
            17.1477591
          ],
          [
            78.6423002,
            17.147722
          ],
          [
            78.6420895,
            17.1477162
          ]
        ]
      }
    },
    {
      "type": "Feature",
      "id": "osm-way-1334466265",
      "properties": {
        "kind": "road",
        "name": null,
        "osm_id": "1334466265",
        "tags": {
          "highway": "unclassified"
        }
      },
      "geometry": {
        "type": "LineString",
        "coordinates": [
          [
            78.6423002,
            17.147722
          ],
          [
            78.6423645,
            17.1476934
          ],
          [
            78.6424645,
            17.1476955
          ],
          [
            78.6427053,
            17.1477005
          ],
          [
            78.6428912,
            17.1477005
          ],
          [
            78.6431581,
            17.1477005
          ],
          [
            78.6433452,
            17.1477019
          ],
          [
            78.6435482,
            17.1477034
          ],
          [
            78.6435608,
            17.1477032
          ],
          [
            78.6437802,
            17.1477005
          ],
          [
            78.6440011,
            17.1476977
          ],
          [
            78.6442211,
            17.1477024
          ],
          [
            78.6444001,
            17.1477063
          ],
          [
            78.6446093,
            17.1477063
          ]
        ]
      }
    },
    {
      "type": "Feature",
      "id": "osm-way-1334466266",
      "properties": {
        "kind": "road",
        "name": null,
        "osm_id": "1334466266",
        "tags": {
          "highway": "unclassified"
        }
      },
      "geometry": {
        "type": "LineString",
        "coordinates": [
          [
            78.6446049,
            17.1477705
          ],
          [
            78.6446363,
            17.1478319
          ],
          [
            78.6446826,
            17.1478762
          ],
          [
            78.6447304,
            17.1479005
          ],
          [
            78.6447857,
            17.1479048
          ],
          [
            78.6448455,
            17.1478905
          ],
          [
            78.6448933,
            17.1478548
          ],
          [
            78.6449247,
            17.1478062
          ],
          [
            78.6449322,
            17.1477534
          ],
          [
            78.6449292,
            17.1476834
          ],
          [
            78.6449023,
            17.1476391
          ],
          [
            78.6448455,
            17.1476091
          ],
          [
            78.6447573,
            17.1476006
          ],
          [
            78.644693,
            17.1476191
          ],
          [
            78.6446437,
            17.1476506
          ],
          [
            78.6446093,
            17.1477063
          ],
          [
            78.6446049,
            17.1477705
          ]
        ]
      }
    },
    {
      "type": "Feature",
      "id": "osm-way-1334466267",
      "properties": {
        "kind": "road",
        "name": null,
        "osm_id": "1334466267",
        "tags": {
          "highway": "unclassified"
        }
      },
      "geometry": {
        "type": "LineString",
        "coordinates": [
          [
            78.6449322,
            17.1477534
          ],
          [
            78.6452442,
            17.1477643
          ],
          [
            78.6455341,
            17.1477729
          ],
          [
            78.645975,
            17.1477859
          ],
          [
            78.6461293,
            17.1477905
          ],
          [
            78.6464097,
            17.147792
          ],
          [
            78.6466764,
            17.1477934
          ],
          [
            78.6468478,
            17.1477916
          ],
          [
            78.6472279,
            17.1477877
          ]
        ]
      }
    },
    {
      "type": "Feature",
      "id": "osm-way-1334466268",
      "properties": {
        "kind": "road",
        "name": null,
        "osm_id": "1334466268",
        "tags": {
          "highway": "unclassified"
        }
      },
      "geometry": {
        "type": "MultiLineString",
        "coordinates": [
          [
            [
              78.6449292,
              17.1476834
            ],
            [
              78.6452969,
              17.1477191
            ],
            [
              78.645814,
              17.1477348
            ],
            [
              78.646503,
              17.1477334
            ],
            [
              78.6469708,
              17.147732
            ],
            [
              78.6472443,
              17.1477234
            ]
          ],
          [
            [
              78.6472443,
              17.1477234
            ],
            [
              78.6472279,
              17.1477877
            ],
            [
              78.6472473,
              17.1478676
            ],
            [
              78.6472802,
              17.1479133
            ],
            [
              78.6473504,
              17.1479448
            ],
            [
              78.6473554,
              17.1479459
            ],
            [
              78.6474237,
              17.1479605
            ],
            [
              78.6474894,
              17.1479348
            ],
            [
              78.6475477,
              17.1478948
            ],
            [
              78.6475716,
              17.1478476
            ],
            [
              78.6475776,
              17.1477991
            ],
            [
              78.6475701,
              17.1477605
            ],
            [
              78.6475582,
              17.147732
            ],
            [
              78.6475208,
              17.1476877
            ],
            [
              78.647473,
              17.1476591
            ],
            [
              78.6474237,
              17.1476434
            ],
            [
              78.6473788,
              17.1476463
            ],
            [
              78.6473086,
              17.1476677
            ],
            [
              78.6472652,
              17.1476934
            ],
            [
              78.6472443,
              17.1477234
            ]
          ]
        ]
      }
    },
    {
      "type": "Feature",
      "id": "osm-way-1334482620",
      "properties": {
        "kind": "road",
        "name": null,
        "osm_id": "1334482620",
        "tags": {
          "highway": "unclassified"
        }
      },
      "geometry": {
        "type": "MultiLineString",
        "coordinates": [
          [
            [
              78.6475776,
              17.1477991
            ],
            [
              78.6479692,
              17.1478092
            ],
            [
              78.6482975,
              17.1478176
            ],
            [
              78.6484112,
              17.1478176
            ],
            [
              78.6488295,
              17.1478176
            ],
            [
              78.6488504,
              17.1478177
            ],
            [
              78.6495248,
              17.1478223
            ],
            [
              78.64968,
              17.147826
            ]
          ],
          [
            [
              78.64968,
              17.147826
            ],
            [
              78.6497054,
              17.1478492
            ],
            [
              78.6497443,
              17.147865
            ],
            [
              78.6497906,
              17.1478707
            ],
            [
              78.6498429,
              17.1478635
            ],
            [
              78.6498683,
              17.1478478
            ],
            [
              78.6498833,
              17.1478221
            ],
            [
              78.6498878,
              17.1477978
            ],
            [
              78.6498833,
              17.1477707
            ],
            [
              78.6498788,
              17.1477493
            ],
            [
              78.6498638,
              17.1477264
            ],
            [
              78.649828,
              17.1477079
            ],
            [
              78.6497861,
              17.1477036
            ],
            [
              78.6497473,
              17.1477121
            ],
            [
              78.6497189,
              17.1477321
            ],
            [
              78.6497009,
              17.1477593
            ],
            [
              78.649689,
              17.1477964
            ],
            [
              78.64968,
              17.147826
            ]
          ]
        ]
      }
    },
    {
      "type": "Feature",
      "id": "osm-way-1334482621",
      "properties": {
        "kind": "road",
        "name": null,
        "osm_id": "1334482621",
        "tags": {
          "highway": "unclassified"
        }
      },
      "geometry": {
        "type": "LineString",
        "coordinates": [
          [
            78.6497009,
            17.1477593
          ],
          [
            78.6488968,
            17.1477521
          ],
          [
            78.648589,
            17.1477436
          ],
          [
            78.6483259,
            17.1477436
          ],
          [
            78.648154,
            17.1477421
          ],
          [
            78.6479732,
            17.1477393
          ],
          [
            78.6477565,
            17.1477393
          ],
          [
            78.6475582,
            17.147732
          ]
        ]
      }
    },
    {
      "type": "Feature",
      "id": "osm-way-1334482622",
      "properties": {
        "kind": "road",
        "name": null,
        "osm_id": "1334482622",
        "tags": {
          "highway": "unclassified"
        }
      },
      "geometry": {
        "type": "LineString",
        "coordinates": [
          [
            78.6498833,
            17.1478221
          ],
          [
            78.6511361,
            17.1478494
          ]
        ]
      }
    },
    {
      "type": "Feature",
      "id": "osm-way-1334482623",
      "properties": {
        "kind": "road",
        "name": null,
        "osm_id": "1334482623",
        "tags": {
          "highway": "unclassified"
        }
      },
      "geometry": {
        "type": "LineString",
        "coordinates": [
          [
            78.6498788,
            17.1477493
          ],
          [
            78.6511202,
            17.1477581
          ]
        ]
      }
    },
    {
      "type": "Feature",
      "id": "osm-way-1334482624",
      "properties": {
        "kind": "road",
        "name": null,
        "osm_id": "1334482624",
        "tags": {
          "highway": "unclassified"
        }
      },
      "geometry": {
        "type": "LineString",
        "coordinates": [
          [
            78.6455341,
            17.1477729
          ],
          [
            78.645521,
            17.1480844
          ],
          [
            78.6455271,
            17.1483156
          ],
          [
            78.645531,
            17.1485621
          ],
          [
            78.6455264,
            17.1487327
          ],
          [
            78.6455218,
            17.1488202
          ]
        ]
      }
    },
    {
      "type": "Feature",
      "id": "osm-way-1334482625",
      "properties": {
        "kind": "road",
        "name": null,
        "osm_id": "1334482625",
        "tags": {
          "highway": "unclassified"
        }
      },
      "geometry": {
        "type": "LineString",
        "coordinates": [
          [
            78.6459599,
            17.1489258
          ],
          [
            78.6459662,
            17.1485914
          ],
          [
            78.64597,
            17.1484333
          ],
          [
            78.6459713,
            17.1482256
          ],
          [
            78.6459738,
            17.1480772
          ],
          [
            78.6459751,
            17.1478526
          ],
          [
            78.645975,
            17.1477859
          ]
        ]
      }
    },
    {
      "type": "Feature",
      "id": "osm-way-1334482626",
      "properties": {
        "kind": "road",
        "name": null,
        "osm_id": "1334482626",
        "tags": {
          "highway": "unclassified"
        }
      },
      "geometry": {
        "type": "LineString",
        "coordinates": [
          [
            78.6464097,
            17.147792
          ],
          [
            78.6464135,
            17.1481001
          ],
          [
            78.6464122,
            17.1483005
          ],
          [
            78.6463996,
            17.14856
          ],
          [
            78.6463996,
            17.1487146
          ],
          [
            78.6464003,
            17.1488349
          ]
        ]
      }
    },
    {
      "type": "Feature",
      "id": "osm-way-1334482627",
      "properties": {
        "kind": "road",
        "name": null,
        "osm_id": "1334482627",
        "tags": {
          "highway": "unclassified"
        }
      },
      "geometry": {
        "type": "LineString",
        "coordinates": [
          [
            78.6468478,
            17.1477916
          ],
          [
            78.6468443,
            17.1480078
          ],
          [
            78.6468432,
            17.1482897
          ],
          [
            78.6468443,
            17.1485372
          ],
          [
            78.646842,
            17.1489057
          ]
        ]
      }
    },
    {
      "type": "Feature",
      "id": "osm-way-1334482628",
      "properties": {
        "kind": "road",
        "name": null,
        "osm_id": "1334482628",
        "tags": {
          "highway": "unclassified"
        }
      },
      "geometry": {
        "type": "LineString",
        "coordinates": [
          [
            78.6424751,
            17.1477648
          ],
          [
            78.6424771,
            17.1481098
          ],
          [
            78.6424708,
            17.1484635
          ],
          [
            78.6424583,
            17.1490072
          ]
        ]
      }
    },
    {
      "type": "Feature",
      "id": "osm-way-1334482629",
      "properties": {
        "kind": "road",
        "name": null,
        "osm_id": "1334482629",
        "tags": {
          "highway": "unclassified"
        }
      },
      "geometry": {
        "type": "LineString",
        "coordinates": [
          [
            78.6421801,
            17.1484695
          ],
          [
            78.6424708,
            17.1484635
          ]
        ]
      }
    },
    {
      "type": "Feature",
      "id": "osm-way-1334482630",
      "properties": {
        "kind": "road",
        "name": null,
        "osm_id": "1334482630",
        "tags": {
          "highway": "unclassified"
        }
      },
      "geometry": {
        "type": "LineString",
        "coordinates": [
          [
            78.6424645,
            17.1476955
          ],
          [
            78.6424604,
            17.1471005
          ],
          [
            78.6424687,
            17.1467407
          ],
          [
            78.6424813,
            17.146423
          ],
          [
            78.6424813,
            17.1460752
          ],
          [
            78.6424792,
            17.1456835
          ]
        ]
      }
    },
    {
      "type": "Feature",
      "id": "osm-way-1334482631",
      "properties": {
        "kind": "road",
        "name": null,
        "osm_id": "1334482631",
        "tags": {
          "highway": "unclassified"
        }
      },
      "geometry": {
        "type": "LineString",
        "coordinates": [
          [
            78.6429205,
            17.1457434
          ],
          [
            78.6429226,
            17.1461272
          ],
          [
            78.6429184,
            17.146349
          ],
          [
            78.6429205,
            17.1467208
          ],
          [
            78.6429121,
            17.1471245
          ],
          [
            78.6429038,
            17.1473963
          ],
          [
            78.6428912,
            17.1477005
          ]
        ]
      }
    },
    {
      "type": "Feature",
      "id": "osm-way-1334482632",
      "properties": {
        "kind": "road",
        "name": null,
        "osm_id": "1334482632",
        "tags": {
          "highway": "unclassified"
        }
      },
      "geometry": {
        "type": "LineString",
        "coordinates": [
          [
            78.6433452,
            17.1477019
          ],
          [
            78.6433493,
            17.1470765
          ],
          [
            78.6433556,
            17.1466148
          ],
          [
            78.6433597,
            17.1462751
          ],
          [
            78.6433556,
            17.1459413
          ],
          [
            78.6433618,
            17.1457494
          ]
        ]
      }
    },
    {
      "type": "Feature",
      "id": "osm-way-1334482633",
      "properties": {
        "kind": "road",
        "name": null,
        "osm_id": "1334482633",
        "tags": {
          "highway": "unclassified"
        }
      },
      "geometry": {
        "type": "LineString",
        "coordinates": [
          [
            78.6437969,
            17.1457694
          ],
          [
            78.6437906,
            17.1462011
          ],
          [
            78.6437927,
            17.1466088
          ],
          [
            78.6437822,
            17.1468926
          ],
          [
            78.6437843,
            17.1472204
          ],
          [
            78.6437781,
            17.1475102
          ],
          [
            78.6437802,
            17.1477005
          ]
        ]
      }
    },
    {
      "type": "Feature",
      "id": "osm-way-1334482634",
      "properties": {
        "kind": "road",
        "name": null,
        "osm_id": "1334482634",
        "tags": {
          "highway": "unclassified"
        }
      },
      "geometry": {
        "type": "LineString",
        "coordinates": [
          [
            78.6435623,
            17.1477632
          ],
          [
            78.6435608,
            17.1477032
          ]
        ]
      }
    },
    {
      "type": "Feature",
      "id": "osm-way-1334482635",
      "properties": {
        "kind": "road",
        "name": null,
        "osm_id": "1334482635",
        "tags": {
          "highway": "unclassified"
        }
      },
      "geometry": {
        "type": "LineString",
        "coordinates": [
          [
            78.6442211,
            17.1477024
          ],
          [
            78.6442244,
            17.1475465
          ],
          [
            78.6442265,
            17.147421
          ],
          [
            78.6442286,
            17.1473087
          ],
          [
            78.644235,
            17.147174
          ],
          [
            78.6442393,
            17.1469607
          ],
          [
            78.6442425,
            17.1468434
          ],
          [
            78.6442372,
            17.1466188
          ],
          [
            78.644235,
            17.1464739
          ],
          [
            78.644235,
            17.1462637
          ],
          [
            78.6442372,
            17.1460708
          ],
          [
            78.644234,
            17.1459065
          ],
          [
            78.6442361,
            17.1457392
          ],
          [
            78.6442372,
            17.1456402
          ]
        ]
      }
    },
    {
      "type": "Feature",
      "id": "osm-way-1334482636",
      "properties": {
        "kind": "road",
        "name": null,
        "osm_id": "1334482636",
        "tags": {
          "highway": "unclassified"
        }
      },
      "geometry": {
        "type": "LineString",
        "coordinates": [
          [
            78.6447573,
            17.1476006
          ],
          [
            78.6447563,
            17.147157
          ],
          [
            78.6447582,
            17.1467472
          ],
          [
            78.6447563,
            17.1464146
          ],
          [
            78.6447635,
            17.1461366
          ],
          [
            78.644764,
            17.1461169
          ],
          [
            78.6447736,
            17.1458303
          ],
          [
            78.6447755,
            17.1455234
          ],
          [
            78.6447717,
            17.1453323
          ],
          [
            78.6447755,
            17.144996
          ],
          [
            78.6447762,
            17.1447052
          ],
          [
            78.6447961,
            17.1446755
          ],
          [
            78.6448304,
            17.144665
          ],
          [
            78.6448621,
            17.1446661
          ],
          [
            78.6453343,
            17.1446825
          ],
          [
            78.6453952,
            17.1446847
          ],
          [
            78.6456681,
            17.1446885
          ],
          [
            78.6460273,
            17.1446935
          ],
          [
            78.6462444,
            17.1446965
          ],
          [
            78.6463807,
            17.1446969
          ],
          [
            78.6470139,
            17.1446991
          ],
          [
            78.6470469,
            17.1446991
          ],
          [
            78.6470634,
            17.1446847
          ],
          [
            78.647073,
            17.1446518
          ],
          [
            78.647084,
            17.1445126
          ],
          [
            78.6470977,
            17.1439887
          ],
          [
            78.6471032,
            17.143713
          ],
          [
            78.6471005,
            17.1433781
          ],
          [
            78.6471046,
            17.1433282
          ],
          [
            78.6471101,
            17.1432967
          ],
          [
            78.6471252,
            17.143281
          ]
        ]
      }
    },
    {
      "type": "Feature",
      "id": "osm-way-1334482637",
      "properties": {
        "kind": "road",
        "name": null,
        "osm_id": "1334482637",
        "tags": {
          "highway": "unclassified"
        }
      },
      "geometry": {
        "type": "LineString",
        "coordinates": [
          [
            78.6448621,
            17.1446661
          ],
          [
            78.6448502,
            17.1448424
          ],
          [
            78.6448421,
            17.1450451
          ],
          [
            78.6448374,
            17.1452437
          ],
          [
            78.644833,
            17.1454308
          ],
          [
            78.6448267,
            17.1459001
          ],
          [
            78.6448231,
            17.1461373
          ],
          [
            78.6448186,
            17.1464461
          ],
          [
            78.644815,
            17.1469146
          ],
          [
            78.6448123,
            17.147276
          ],
          [
            78.6448455,
            17.1476091
          ]
        ]
      }
    },
    {
      "type": "Feature",
      "id": "osm-way-1334482638",
      "properties": {
        "kind": "road",
        "name": null,
        "osm_id": "1334482638",
        "tags": {
          "highway": "unclassified"
        }
      },
      "geometry": {
        "type": "LineString",
        "coordinates": [
          [
            78.6447635,
            17.1461366
          ],
          [
            78.6448231,
            17.1461373
          ]
        ]
      }
    },
    {
      "type": "Feature",
      "id": "osm-way-1334482639",
      "properties": {
        "kind": "road",
        "name": null,
        "osm_id": "1334482639",
        "tags": {
          "highway": "unclassified"
        }
      },
      "geometry": {
        "type": "LineString",
        "coordinates": [
          [
            78.6448374,
            17.1452437
          ],
          [
            78.6452633,
            17.1452437
          ],
          [
            78.6453021,
            17.1452437
          ]
        ]
      }
    },
    {
      "type": "Feature",
      "id": "osm-way-1334482640",
      "properties": {
        "kind": "road",
        "name": null,
        "osm_id": "1334482640",
        "tags": {
          "highway": "unclassified"
        }
      },
      "geometry": {
        "type": "LineString",
        "coordinates": [
          [
            78.6453021,
            17.1452437
          ],
          [
            78.6453272,
            17.1452313
          ],
          [
            78.6453342,
            17.1452102
          ],
          [
            78.6453435,
            17.1451247
          ],
          [
            78.6453343,
            17.1446825
          ]
        ]
      }
    },
    {
      "type": "Feature",
      "id": "osm-way-1334482641",
      "properties": {
        "kind": "road",
        "name": null,
        "osm_id": "1334482641",
        "tags": {
          "highway": "unclassified"
        }
      },
      "geometry": {
        "type": "LineString",
        "coordinates": [
          [
            78.6453343,
            17.1446825
          ],
          [
            78.6453301,
            17.1442281
          ],
          [
            78.6453267,
            17.1438584
          ]
        ]
      }
    },
    {
      "type": "Feature",
      "id": "osm-way-1334482642",
      "properties": {
        "kind": "road",
        "name": null,
        "osm_id": "1334482642",
        "tags": {
          "highway": "unclassified"
        }
      },
      "geometry": {
        "type": "LineString",
        "coordinates": [
          [
            78.6450487,
            17.144225
          ],
          [
            78.6453301,
            17.1442281
          ]
        ]
      }
    },
    {
      "type": "Feature",
      "id": "osm-way-1334482643",
      "properties": {
        "kind": "road",
        "name": null,
        "osm_id": "1334482643",
        "tags": {
          "highway": "unclassified"
        }
      },
      "geometry": {
        "type": "LineString",
        "coordinates": [
          [
            78.6456681,
            17.1446885
          ],
          [
            78.645681,
            17.1440992
          ],
          [
            78.6456924,
            17.1437792
          ],
          [
            78.6456875,
            17.1434064
          ],
          [
            78.6456957,
            17.1430367
          ],
          [
            78.6456973,
            17.1428549
          ],
          [
            78.6457054,
            17.1428208
          ],
          [
            78.6457249,
            17.1428021
          ],
          [
            78.6457688,
            17.1427975
          ],
          [
            78.6460257,
            17.1428037
          ],
          [
            78.6460484,
            17.1428192
          ],
          [
            78.6460614,
            17.1428534
          ],
          [
            78.6460582,
            17.1429466
          ],
          [
            78.646053,
            17.1431152
          ],
          [
            78.6460452,
            17.1433722
          ],
          [
            78.6460435,
            17.1439252
          ],
          [
            78.6460273,
            17.1446935
          ]
        ]
      }
    },
    {
      "type": "Feature",
      "id": "osm-way-1334482644",
      "properties": {
        "kind": "road",
        "name": null,
        "osm_id": "1334482644",
        "tags": {
          "highway": "unclassified"
        }
      },
      "geometry": {
        "type": "LineString",
        "coordinates": [
          [
            78.6463807,
            17.1446969
          ],
          [
            78.6463825,
            17.1445609
          ],
          [
            78.6463855,
            17.1443938
          ],
          [
            78.646387,
            17.144221
          ],
          [
            78.64639,
            17.1440553
          ],
          [
            78.6463974,
            17.1437997
          ],
          [
            78.6464019,
            17.1435697
          ],
          [
            78.6464064,
            17.1432712
          ],
          [
            78.6464034,
            17.143167
          ],
          [
            78.64639,
            17.1431327
          ],
          [
            78.6463616,
            17.1431184
          ],
          [
            78.646053,
            17.1431152
          ]
        ]
      }
    },
    {
      "type": "Feature",
      "id": "osm-way-1334482645",
      "properties": {
        "kind": "road",
        "name": null,
        "osm_id": "1334482645",
        "tags": {
          "highway": "unclassified"
        }
      },
      "geometry": {
        "type": "LineString",
        "coordinates": [
          [
            78.6471252,
            17.143281
          ],
          [
            78.6471701,
            17.1432727
          ],
          [
            78.6475541,
            17.1432919
          ],
          [
            78.6478776,
            17.143315
          ],
          [
            78.6479563,
            17.1433184
          ],
          [
            78.6480385,
            17.1433159
          ],
          [
            78.6480803,
            17.1432999
          ],
          [
            78.6481138,
            17.1432539
          ],
          [
            78.6481431,
            17.143114
          ],
          [
            78.6482143,
            17.1425022
          ]
        ]
      }
    },
    {
      "type": "Feature",
      "id": "osm-way-1334482646",
      "properties": {
        "kind": "road",
        "name": null,
        "osm_id": "1334482646",
        "tags": {
          "highway": "unclassified"
        }
      },
      "geometry": {
        "type": "LineString",
        "coordinates": [
          [
            78.6475541,
            17.1432919
          ],
          [
            78.647654,
            17.1444218
          ]
        ]
      }
    },
    {
      "type": "Feature",
      "id": "osm-way-1334482647",
      "properties": {
        "kind": "road",
        "name": null,
        "osm_id": "1334482647",
        "tags": {
          "highway": "unclassified"
        }
      },
      "geometry": {
        "type": "LineString",
        "coordinates": [
          [
            78.6478776,
            17.143315
          ],
          [
            78.6479502,
            17.1438754
          ],
          [
            78.6480234,
            17.1445386
          ]
        ]
      }
    },
    {
      "type": "Feature",
      "id": "osm-way-1334482648",
      "properties": {
        "kind": "road",
        "name": null,
        "osm_id": "1334482648",
        "tags": {
          "highway": "unclassified"
        }
      },
      "geometry": {
        "type": "LineString",
        "coordinates": [
          [
            78.6484848,
            17.1436483
          ],
          [
            78.6486544,
            17.1425601
          ]
        ]
      }
    },
    {
      "type": "Feature",
      "id": "osm-way-1334482649",
      "properties": {
        "kind": "road",
        "name": null,
        "osm_id": "1334482649",
        "tags": {
          "highway": "unclassified"
        }
      },
      "geometry": {
        "type": "LineString",
        "coordinates": [
          [
            78.6478307,
            17.1424999
          ],
          [
            78.6480293,
            17.142486
          ],
          [
            78.6482143,
            17.1425022
          ],
          [
            78.6486544,
            17.1425601
          ],
          [
            78.6490494,
            17.1426179
          ],
          [
            78.6494188,
            17.1426718
          ],
          [
            78.6494782,
            17.1426805
          ],
          [
            78.6498044,
            17.1427295
          ],
          [
            78.6501701,
            17.1427845
          ],
          [
            78.6505432,
            17.1428405
          ],
          [
            78.65091,
            17.1428956
          ],
          [
            78.6510191,
            17.142912
          ]
        ]
      }
    },
    {
      "type": "Feature",
      "id": "osm-way-1334482650",
      "properties": {
        "kind": "road",
        "name": null,
        "osm_id": "1334482650",
        "tags": {
          "highway": "unclassified"
        }
      },
      "geometry": {
        "type": "LineString",
        "coordinates": [
          [
            78.6488966,
            17.1436663
          ],
          [
            78.6490494,
            17.1426179
          ]
        ]
      }
    },
    {
      "type": "Feature",
      "id": "osm-way-1334482651",
      "properties": {
        "kind": "road",
        "name": null,
        "osm_id": "1334482651",
        "tags": {
          "highway": "unclassified"
        }
      },
      "geometry": {
        "type": "LineString",
        "coordinates": [
          [
            78.6493108,
            17.1432056
          ],
          [
            78.6494188,
            17.1426718
          ]
        ]
      }
    },
    {
      "type": "Feature",
      "id": "osm-way-1334482652",
      "properties": {
        "kind": "road",
        "name": null,
        "osm_id": "1334482652",
        "tags": {
          "highway": "unclassified"
        }
      },
      "geometry": {
        "type": "LineString",
        "coordinates": [
          [
            78.6497327,
            17.1431696
          ],
          [
            78.6498044,
            17.1427295
          ]
        ]
      }
    },
    {
      "type": "Feature",
      "id": "osm-way-1334482653",
      "properties": {
        "kind": "road",
        "name": null,
        "osm_id": "1334482653",
        "tags": {
          "highway": "unclassified"
        }
      },
      "geometry": {
        "type": "LineString",
        "coordinates": [
          [
            78.6500791,
            17.1433136
          ],
          [
            78.6501701,
            17.1427845
          ]
        ]
      }
    },
    {
      "type": "Feature",
      "id": "osm-way-1334482654",
      "properties": {
        "kind": "road",
        "name": null,
        "osm_id": "1334482654",
        "tags": {
          "highway": "unclassified"
        }
      },
      "geometry": {
        "type": "LineString",
        "coordinates": [
          [
            78.6494188,
            17.1426718
          ],
          [
            78.6494766,
            17.1424211
          ]
        ]
      }
    },
    {
      "type": "Feature",
      "id": "osm-way-1334482655",
      "properties": {
        "kind": "road",
        "name": null,
        "osm_id": "1334482655",
        "tags": {
          "highway": "unclassified"
        }
      },
      "geometry": {
        "type": "LineString",
        "coordinates": [
          [
            78.6498044,
            17.1427295
          ],
          [
            78.6498607,
            17.1423059
          ]
        ]
      }
    },
    {
      "type": "Feature",
      "id": "osm-way-1334482656",
      "properties": {
        "kind": "road",
        "name": null,
        "osm_id": "1334482656",
        "tags": {
          "highway": "unclassified"
        }
      },
      "geometry": {
        "type": "LineString",
        "coordinates": [
          [
            78.6501701,
            17.1427845
          ],
          [
            78.6502486,
            17.1422304
          ]
        ]
      }
    },
    {
      "type": "Feature",
      "id": "osm-way-1334482657",
      "properties": {
        "kind": "road",
        "name": null,
        "osm_id": "1334482657",
        "tags": {
          "highway": "unclassified"
        }
      },
      "geometry": {
        "type": "LineString",
        "coordinates": [
          [
            78.6506328,
            17.1421836
          ],
          [
            78.6505432,
            17.1428405
          ],
          [
            78.650388,
            17.1438282
          ]
        ]
      }
    },
    {
      "type": "Feature",
      "id": "osm-way-1334482658",
      "properties": {
        "kind": "road",
        "name": null,
        "osm_id": "1334482658",
        "tags": {
          "highway": "unclassified"
        }
      },
      "geometry": {
        "type": "LineString",
        "coordinates": [
          [
            78.65091,
            17.1428956
          ],
          [
            78.6510568,
            17.1420798
          ]
        ]
      }
    },
    {
      "type": "Feature",
      "id": "osm-way-1334482659",
      "properties": {
        "kind": "road",
        "name": null,
        "osm_id": "1334482659",
        "tags": {
          "highway": "unclassified"
        }
      },
      "geometry": {
        "type": "LineString",
        "coordinates": [
          [
            78.6497861,
            17.1477036
          ],
          [
            78.6498058,
            17.1462957
          ],
          [
            78.6498249,
            17.1456751
          ],
          [
            78.6498217,
            17.14524
          ],
          [
            78.6498472,
            17.1451366
          ],
          [
            78.6499172,
            17.145094
          ],
          [
            78.6500551,
            17.1450993
          ],
          [
            78.6503916,
            17.1451123
          ]
        ]
      }
    },
    {
      "type": "Feature",
      "id": "osm-way-1334482660",
      "properties": {
        "kind": "road",
        "name": null,
        "osm_id": "1334482660",
        "tags": {
          "highway": "unclassified"
        }
      },
      "geometry": {
        "type": "LineString",
        "coordinates": [
          [
            78.6500551,
            17.1450993
          ],
          [
            78.6500923,
            17.1440536
          ],
          [
            78.6501138,
            17.1440152
          ],
          [
            78.6501435,
            17.1439916
          ],
          [
            78.6502054,
            17.1439845
          ],
          [
            78.6503019,
            17.1439963
          ]
        ]
      }
    },
    {
      "type": "Feature",
      "id": "osm-way-1334482661",
      "properties": {
        "kind": "road",
        "name": null,
        "osm_id": "1334482661",
        "tags": {
          "highway": "unclassified"
        }
      },
      "geometry": {
        "type": "LineString",
        "coordinates": [
          [
            78.6503019,
            17.1439963
          ],
          [
            78.6503447,
            17.1439852
          ],
          [
            78.6503691,
            17.1439557
          ],
          [
            78.650388,
            17.1438282
          ]
        ]
      }
    },
    {
      "type": "Feature",
      "id": "osm-way-1334482662",
      "properties": {
        "kind": "road",
        "name": null,
        "osm_id": "1334482662",
        "tags": {
          "highway": "unclassified"
        }
      },
      "geometry": {
        "type": "LineString",
        "coordinates": [
          [
            78.6473554,
            17.1479459
          ],
          [
            78.6473673,
            17.1482658
          ],
          [
            78.6473655,
            17.1490885
          ],
          [
            78.6473584,
            17.1499265
          ],
          [
            78.6473584,
            17.149989
          ],
          [
            78.6473584,
            17.1505634
          ],
          [
            78.647334,
            17.1511544
          ]
        ]
      }
    },
    {
      "type": "Feature",
      "id": "osm-way-1334482663",
      "properties": {
        "kind": "road",
        "name": null,
        "osm_id": "1334482663",
        "tags": {
          "highway": "unclassified"
        }
      },
      "geometry": {
        "type": "LineString",
        "coordinates": [
          [
            78.646126,
            17.1499865
          ],
          [
            78.6468284,
            17.1499909
          ],
          [
            78.6473584,
            17.149989
          ],
          [
            78.6479507,
            17.149989
          ],
          [
            78.6483909,
            17.149989
          ]
        ]
      }
    },
    {
      "type": "Feature",
      "id": "osm-way-1334482664",
      "properties": {
        "kind": "road",
        "name": null,
        "osm_id": "1334482664",
        "tags": {
          "highway": "unclassified"
        }
      },
      "geometry": {
        "type": "LineString",
        "coordinates": [
          [
            78.6479329,
            17.1514697
          ],
          [
            78.6479507,
            17.149989
          ]
        ]
      }
    },
    {
      "type": "Feature",
      "id": "osm-way-1334482665",
      "properties": {
        "kind": "road",
        "name": null,
        "osm_id": "1334482665",
        "tags": {
          "highway": "unclassified"
        }
      },
      "geometry": {
        "type": "LineString",
        "coordinates": [
          [
            78.6479507,
            17.149989
          ],
          [
            78.6479613,
            17.1486636
          ],
          [
            78.6479692,
            17.1478092
          ]
        ]
      }
    },
    {
      "type": "Feature",
      "id": "osm-way-1334482666",
      "properties": {
        "kind": "road",
        "name": null,
        "osm_id": "1334482666",
        "tags": {
          "highway": "unclassified"
        }
      },
      "geometry": {
        "type": "LineString",
        "coordinates": [
          [
            78.6484112,
            17.1478176
          ],
          [
            78.6484032,
            17.1486745
          ],
          [
            78.6483909,
            17.149989
          ],
          [
            78.6483853,
            17.1505983
          ],
          [
            78.6483755,
            17.1516616
          ]
        ]
      }
    },
    {
      "type": "Feature",
      "id": "osm-way-1334482667",
      "properties": {
        "kind": "road",
        "name": null,
        "osm_id": "1334482667",
        "tags": {
          "highway": "unclassified"
        }
      },
      "geometry": {
        "type": "LineString",
        "coordinates": [
          [
            78.6488504,
            17.1478177
          ],
          [
            78.6488503,
            17.1485847
          ],
          [
            78.6488397,
            17.1486405
          ],
          [
            78.6488158,
            17.1486709
          ],
          [
            78.6487734,
            17.1486836
          ],
          [
            78.6484032,
            17.1486745
          ],
          [
            78.6479613,
            17.1486636
          ]
        ]
      }
    },
    {
      "type": "Feature",
      "id": "osm-way-1334482668",
      "properties": {
        "kind": "road",
        "name": null,
        "osm_id": "1334482668",
        "tags": {
          "highway": "unclassified"
        }
      },
      "geometry": {
        "type": "LineString",
        "coordinates": [
          [
            78.6483853,
            17.1505983
          ],
          [
            78.6488323,
            17.1505983
          ],
          [
            78.6492621,
            17.1505983
          ],
          [
            78.6493311,
            17.1505983
          ],
          [
            78.6494697,
            17.150606
          ]
        ]
      }
    },
    {
      "type": "Feature",
      "id": "osm-way-1334482669",
      "properties": {
        "kind": "road",
        "name": null,
        "osm_id": "1334482669",
        "tags": {
          "highway": "unclassified"
        }
      },
      "geometry": {
        "type": "LineString",
        "coordinates": [
          [
            78.6488361,
            17.1503282
          ],
          [
            78.6488323,
            17.1505983
          ],
          [
            78.6488143,
            17.1518521
          ]
        ]
      }
    },
    {
      "type": "Feature",
      "id": "osm-way-1334482670",
      "properties": {
        "kind": "road",
        "name": null,
        "osm_id": "1334482670",
        "tags": {
          "highway": "unclassified"
        }
      },
      "geometry": {
        "type": "LineString",
        "coordinates": [
          [
            78.6492621,
            17.1505983
          ],
          [
            78.6492469,
            17.1520445
          ]
        ]
      }
    },
    {
      "type": "Feature",
      "id": "osm-way-1334482671",
      "properties": {
        "kind": "road",
        "name": null,
        "osm_id": "1334482671",
        "tags": {
          "highway": "unclassified"
        }
      },
      "geometry": {
        "type": "LineString",
        "coordinates": [
          [
            78.6496839,
            17.1522445
          ],
          [
            78.6497152,
            17.1512696
          ]
        ]
      }
    },
    {
      "type": "Feature",
      "id": "osm-way-1334482672",
      "properties": {
        "kind": "road",
        "name": null,
        "osm_id": "1334482672",
        "tags": {
          "highway": "unclassified"
        }
      },
      "geometry": {
        "type": "LineString",
        "coordinates": [
          [
            78.6497606,
            17.1522792
          ],
          [
            78.6497712,
            17.151577
          ],
          [
            78.6497759,
            17.1512702
          ]
        ]
      }
    },
    {
      "type": "Feature",
      "id": "osm-way-1334482673",
      "properties": {
        "kind": "road",
        "name": null,
        "osm_id": "1334482673",
        "tags": {
          "highway": "unclassified"
        }
      },
      "geometry": {
        "type": "LineString",
        "coordinates": [
          [
            78.6497712,
            17.151577
          ],
          [
            78.6502156,
            17.1515935
          ],
          [
            78.6504882,
            17.1516036
          ]
        ]
      }
    },
    {
      "type": "Feature",
      "id": "osm-way-1334482674",
      "properties": {
        "kind": "road",
        "name": null,
        "osm_id": "1334482674",
        "tags": {
          "highway": "unclassified"
        }
      },
      "geometry": {
        "type": "LineString",
        "coordinates": [
          [
            78.6502156,
            17.1515935
          ],
          [
            78.6502098,
            17.1524777
          ]
        ]
      }
    },
    {
      "type": "Feature",
      "id": "osm-way-1334482675",
      "properties": {
        "kind": "road",
        "name": null,
        "osm_id": "1334482675",
        "tags": {
          "highway": "unclassified"
        }
      },
      "geometry": {
        "type": "LineString",
        "coordinates": [
          [
            78.6505862,
            17.1526395
          ],
          [
            78.6505972,
            17.1519611
          ]
        ]
      }
    },
    {
      "type": "Feature",
      "id": "osm-way-1334482676",
      "properties": {
        "kind": "road",
        "name": null,
        "osm_id": "1334482676",
        "tags": {
          "highway": "unclassified"
        }
      },
      "geometry": {
        "type": "LineString",
        "coordinates": [
          [
            78.6510478,
            17.1527332
          ],
          [
            78.651042,
            17.1522243
          ],
          [
            78.6510346,
            17.151826
          ]
        ]
      }
    },
    {
      "type": "Feature",
      "id": "osm-way-1334482677",
      "properties": {
        "kind": "road",
        "name": null,
        "osm_id": "1334482677",
        "tags": {
          "highway": "unclassified"
        }
      },
      "geometry": {
        "type": "LineString",
        "coordinates": [
          [
            78.6515696,
            17.1530639
          ],
          [
            78.6515781,
            17.15251
          ],
          [
            78.6515826,
            17.1518119
          ],
          [
            78.6515752,
            17.1516515
          ]
        ]
      }
    },
    {
      "type": "Feature",
      "id": "osm-way-1334482678",
      "properties": {
        "kind": "road",
        "name": null,
        "osm_id": "1334482678",
        "tags": {
          "highway": "unclassified"
        }
      },
      "geometry": {
        "type": "LineString",
        "coordinates": [
          [
            78.6521319,
            17.1515108
          ],
          [
            78.6521216,
            17.1527014
          ],
          [
            78.6521035,
            17.1533063
          ]
        ]
      }
    },
    {
      "type": "Feature",
      "id": "osm-way-1334482679",
      "properties": {
        "kind": "road",
        "name": null,
        "osm_id": "1334482679",
        "tags": {
          "highway": "unclassified"
        }
      },
      "geometry": {
        "type": "LineString",
        "coordinates": [
          [
            78.652581,
            17.1535304
          ],
          [
            78.6526051,
            17.1530083
          ],
          [
            78.6526096,
            17.1526654
          ],
          [
            78.6526105,
            17.1526009
          ],
          [
            78.6526147,
            17.1522751
          ],
          [
            78.6526179,
            17.1515311
          ],
          [
            78.6526147,
            17.1512281
          ],
          [
            78.6526259,
            17.1506479
          ],
          [
            78.6526308,
            17.1502285
          ],
          [
            78.6526308,
            17.1499086
          ],
          [
            78.6526306,
            17.1498341
          ],
          [
            78.6526305,
            17.1497659
          ],
          [
            78.6526293,
            17.1492147
          ]
        ]
      }
    },
    {
      "type": "Feature",
      "id": "osm-way-1334482680",
      "properties": {
        "kind": "road",
        "name": null,
        "osm_id": "1334482680",
        "tags": {
          "highway": "unclassified"
        }
      },
      "geometry": {
        "type": "LineString",
        "coordinates": [
          [
            78.6522874,
            17.1534864
          ],
          [
            78.6523233,
            17.1534087
          ]
        ]
      }
    },
    {
      "type": "Feature",
      "id": "osm-way-1334482681",
      "properties": {
        "kind": "road",
        "name": null,
        "osm_id": "1334482681",
        "tags": {
          "highway": "unclassified"
        }
      },
      "geometry": {
        "type": "LineString",
        "coordinates": [
          [
            78.6524074,
            17.1526607
          ],
          [
            78.6526096,
            17.1526654
          ],
          [
            78.6530361,
            17.1526751
          ],
          [
            78.6534853,
            17.1526853
          ],
          [
            78.6539281,
            17.152686
          ],
          [
            78.6543385,
            17.1526866
          ],
          [
            78.6547921,
            17.1526848
          ],
          [
            78.6549763,
            17.152684
          ],
          [
            78.655219,
            17.1526837
          ],
          [
            78.6556681,
            17.1526831
          ],
          [
            78.6559459,
            17.1526827
          ],
          [
            78.6560961,
            17.1526839
          ],
          [
            78.6562871,
            17.1526853
          ]
        ]
      }
    },
    {
      "type": "Feature",
      "id": "osm-way-1334482682",
      "properties": {
        "kind": "road",
        "name": null,
        "osm_id": "1334482682",
        "tags": {
          "highway": "unclassified"
        }
      },
      "geometry": {
        "type": "LineString",
        "coordinates": [
          [
            78.6523943,
            17.1525977
          ],
          [
            78.6526105,
            17.1526009
          ],
          [
            78.6530451,
            17.1526075
          ],
          [
            78.6534862,
            17.1526141
          ],
          [
            78.653722,
            17.1526177
          ],
          [
            78.6539216,
            17.1526177
          ],
          [
            78.6543692,
            17.1526177
          ],
          [
            78.6545775,
            17.1526177
          ],
          [
            78.6547873,
            17.1526185
          ],
          [
            78.6552166,
            17.1526201
          ],
          [
            78.6554418,
            17.152621
          ],
          [
            78.6556647,
            17.1526254
          ],
          [
            78.656096,
            17.1526338
          ],
          [
            78.6562921,
            17.1526376
          ],
          [
            78.6562871,
            17.1526853
          ]
        ]
      }
    },
    {
      "type": "Feature",
      "id": "osm-way-1334482683",
      "properties": {
        "kind": "road",
        "name": null,
        "osm_id": "1334482683",
        "tags": {
          "highway": "unclassified"
        }
      },
      "geometry": {
        "type": "LineString",
        "coordinates": [
          [
            78.656096,
            17.1526338
          ],
          [
            78.6561116,
            17.151448
          ],
          [
            78.6561093,
            17.1506597
          ],
          [
            78.6561317,
            17.1498521
          ]
        ]
      }
    },
    {
      "type": "Feature",
      "id": "osm-way-1334482684",
      "properties": {
        "kind": "road",
        "name": null,
        "osm_id": "1334482684",
        "tags": {
          "highway": "unclassified"
        }
      },
      "geometry": {
        "type": "LineString",
        "coordinates": [
          [
            78.6556844,
            17.1498413
          ],
          [
            78.6556869,
            17.1504766
          ],
          [
            78.6556794,
            17.1509858
          ],
          [
            78.6556819,
            17.1515759
          ],
          [
            78.6556732,
            17.152204
          ],
          [
            78.6556647,
            17.1526254
          ]
        ]
      }
    },
    {
      "type": "Feature",
      "id": "osm-way-1334482685",
      "properties": {
        "kind": "road",
        "name": null,
        "osm_id": "1334482685",
        "tags": {
          "highway": "unclassified"
        }
      },
      "geometry": {
        "type": "LineString",
        "coordinates": [
          [
            78.6552166,
            17.1526201
          ],
          [
            78.6552409,
            17.1513419
          ],
          [
            78.655244,
            17.1503565
          ],
          [
            78.6552515,
            17.1498513
          ]
        ]
      }
    },
    {
      "type": "Feature",
      "id": "osm-way-1334482686",
      "properties": {
        "kind": "road",
        "name": null,
        "osm_id": "1334482686",
        "tags": {
          "highway": "unclassified"
        }
      },
      "geometry": {
        "type": "LineString",
        "coordinates": [
          [
            78.6547977,
            17.1498409
          ],
          [
            78.654796,
            17.1503553
          ],
          [
            78.6548081,
            17.1511723
          ],
          [
            78.6548017,
            17.1518213
          ],
          [
            78.6547873,
            17.1526185
          ],
          [
            78.6547921,
            17.1526848
          ]
        ]
      }
    },
    {
      "type": "Feature",
      "id": "osm-way-1334482687",
      "properties": {
        "kind": "road",
        "name": null,
        "osm_id": "1334482687",
        "tags": {
          "highway": "unclassified"
        }
      },
      "geometry": {
        "type": "LineString",
        "coordinates": [
          [
            78.65439,
            17.1498436
          ],
          [
            78.6543852,
            17.1505462
          ],
          [
            78.6543756,
            17.1514555
          ],
          [
            78.6543692,
            17.1521994
          ],
          [
            78.6543692,
            17.1526177
          ]
        ]
      }
    },
    {
      "type": "Feature",
      "id": "osm-way-1334482688",
      "properties": {
        "kind": "road",
        "name": null,
        "osm_id": "1334482688",
        "tags": {
          "highway": "unclassified"
        }
      },
      "geometry": {
        "type": "LineString",
        "coordinates": [
          [
            78.6539216,
            17.1526177
          ],
          [
            78.6539328,
            17.1514406
          ],
          [
            78.6539395,
            17.1507122
          ],
          [
            78.6539462,
            17.1498468
          ]
        ]
      }
    },
    {
      "type": "Feature",
      "id": "osm-way-1334482689",
      "properties": {
        "kind": "road",
        "name": null,
        "osm_id": "1334482689",
        "tags": {
          "highway": "unclassified"
        }
      },
      "geometry": {
        "type": "LineString",
        "coordinates": [
          [
            78.6534853,
            17.1526853
          ],
          [
            78.6534862,
            17.1526141
          ],
          [
            78.6534943,
            17.1519896
          ],
          [
            78.6534975,
            17.1513299
          ],
          [
            78.6535006,
            17.1508693
          ],
          [
            78.6535048,
            17.1504318
          ],
          [
            78.6535112,
            17.1498335
          ]
        ]
      }
    },
    {
      "type": "Feature",
      "id": "osm-way-1334482690",
      "properties": {
        "kind": "road",
        "name": null,
        "osm_id": "1334482690",
        "tags": {
          "highway": "unclassified"
        }
      },
      "geometry": {
        "type": "LineString",
        "coordinates": [
          [
            78.6530451,
            17.1526075
          ],
          [
            78.653058,
            17.1517593
          ],
          [
            78.6530644,
            17.1510062
          ],
          [
            78.6530768,
            17.1501988
          ],
          [
            78.6530733,
            17.1498341
          ]
        ]
      }
    },
    {
      "type": "Feature",
      "id": "osm-way-1334482691",
      "properties": {
        "kind": "road",
        "name": null,
        "osm_id": "1334482691",
        "tags": {
          "highway": "unclassified"
        }
      },
      "geometry": {
        "type": "LineString",
        "coordinates": [
          [
            78.6526306,
            17.1498341
          ],
          [
            78.6530733,
            17.1498341
          ],
          [
            78.6535112,
            17.1498335
          ],
          [
            78.6539462,
            17.1498468
          ],
          [
            78.65439,
            17.1498436
          ],
          [
            78.6547977,
            17.1498409
          ],
          [
            78.6552515,
            17.1498513
          ],
          [
            78.6556844,
            17.1498413
          ],
          [
            78.6561317,
            17.1498521
          ],
          [
            78.6565789,
            17.1498574
          ],
          [
            78.6569847,
            17.1498623
          ],
          [
            78.6570006,
            17.1498624
          ],
          [
            78.657428,
            17.1498663
          ],
          [
            78.6578697,
            17.1498703
          ],
          [
            78.6581053,
            17.1498724
          ],
          [
            78.6583185,
            17.1498768
          ],
          [
            78.6587443,
            17.1498855
          ],
          [
            78.6589992,
            17.1498908
          ],
          [
            78.6590549,
            17.1498608
          ],
          [
            78.6591923,
            17.1498597
          ],
          [
            78.6592588,
            17.1498591
          ],
          [
            78.6594173,
            17.1498674
          ],
          [
            78.6595689,
            17.1499007
          ],
          [
            78.6596473,
            17.149944
          ],
          [
            78.6597118,
            17.1500364
          ]
        ]
      }
    },
    {
      "type": "Feature",
      "id": "osm-way-1334482692",
      "properties": {
        "kind": "road",
        "name": null,
        "osm_id": "1334482692",
        "tags": {
          "highway": "unclassified"
        }
      },
      "geometry": {
        "type": "LineString",
        "coordinates": [
          [
            78.6590549,
            17.1498608
          ],
          [
            78.6589852,
            17.1498158
          ],
          [
            78.6587328,
            17.1498101
          ],
          [
            78.6585444,
            17.1498058
          ],
          [
            78.658313,
            17.1498052
          ],
          [
            78.6581117,
            17.1498046
          ],
          [
            78.6579398,
            17.1498042
          ],
          [
            78.6578741,
            17.1498038
          ],
          [
            78.6574213,
            17.1498014
          ],
          [
            78.6573265,
            17.1498008
          ],
          [
            78.6569843,
            17.1497993
          ],
          [
            78.656579,
            17.1497975
          ],
          [
            78.6561207,
            17.1497925
          ],
          [
            78.6556973,
            17.1497892
          ],
          [
            78.6552478,
            17.1497842
          ],
          [
            78.6547979,
            17.1497871
          ],
          [
            78.6547338,
            17.1497875
          ],
          [
            78.6543936,
            17.1497842
          ],
          [
            78.6542233,
            17.1497825
          ],
          [
            78.6539492,
            17.1497762
          ],
          [
            78.6537162,
            17.1497709
          ],
          [
            78.6535154,
            17.1497694
          ],
          [
            78.653258,
            17.1497675
          ],
          [
            78.6530711,
            17.1497662
          ],
          [
            78.6527875,
            17.1497642
          ],
          [
            78.6526305,
            17.1497659
          ]
        ]
      }
    },
    {
      "type": "Feature",
      "id": "osm-way-1334482693",
      "properties": {
        "kind": "road",
        "name": null,
        "osm_id": "1334482693",
        "tags": {
          "highway": "unclassified"
        }
      },
      "geometry": {
        "type": "LineString",
        "coordinates": [
          [
            78.6530711,
            17.1497662
          ],
          [
            78.6530745,
            17.1489836
          ]
        ]
      }
    },
    {
      "type": "Feature",
      "id": "osm-way-1334482694",
      "properties": {
        "kind": "road",
        "name": null,
        "osm_id": "1334482694",
        "tags": {
          "highway": "unclassified"
        }
      },
      "geometry": {
        "type": "LineString",
        "coordinates": [
          [
            78.6535154,
            17.1497694
          ],
          [
            78.6535171,
            17.1487871
          ]
        ]
      }
    },
    {
      "type": "Feature",
      "id": "osm-way-1334482695",
      "properties": {
        "kind": "road",
        "name": null,
        "osm_id": "1334482695",
        "tags": {
          "highway": "unclassified"
        }
      },
      "geometry": {
        "type": "LineString",
        "coordinates": [
          [
            78.6539492,
            17.1497762
          ],
          [
            78.6539475,
            17.1485923
          ]
        ]
      }
    },
    {
      "type": "Feature",
      "id": "osm-way-1334482696",
      "properties": {
        "kind": "road",
        "name": null,
        "osm_id": "1334482696",
        "tags": {
          "highway": "unclassified"
        }
      },
      "geometry": {
        "type": "LineString",
        "coordinates": [
          [
            78.6543936,
            17.1497842
          ],
          [
            78.6543974,
            17.1484644
          ]
        ]
      }
    },
    {
      "type": "Feature",
      "id": "osm-way-1334482697",
      "properties": {
        "kind": "road",
        "name": null,
        "osm_id": "1334482697",
        "tags": {
          "highway": "unclassified"
        }
      },
      "geometry": {
        "type": "LineString",
        "coordinates": [
          [
            78.6547979,
            17.1497871
          ],
          [
            78.6548205,
            17.1482767
          ],
          [
            78.6548317,
            17.1482425
          ],
          [
            78.6548519,
            17.148221
          ],
          [
            78.6552601,
            17.1480601
          ],
          [
            78.6554169,
            17.1479983
          ],
          [
            78.6554752,
            17.1479833
          ],
          [
            78.6555402,
            17.1479768
          ],
          [
            78.6556747,
            17.1479768
          ],
          [
            78.6561264,
            17.1479849
          ],
          [
            78.6565793,
            17.1479929
          ],
          [
            78.6570016,
            17.1480004
          ],
          [
            78.6574481,
            17.1480083
          ],
          [
            78.657726,
            17.1480132
          ],
          [
            78.6579056,
            17.1480167
          ],
          [
            78.6583336,
            17.1480249
          ],
          [
            78.6585062,
            17.1480282
          ],
          [
            78.6587617,
            17.1480261
          ]
        ]
      }
    },
    {
      "type": "Feature",
      "id": "osm-way-1334482698",
      "properties": {
        "kind": "road",
        "name": null,
        "osm_id": "1334482698",
        "tags": {
          "highway": "unclassified"
        }
      },
      "geometry": {
        "type": "LineString",
        "coordinates": [
          [
            78.6552478,
            17.1497842
          ],
          [
            78.6552601,
            17.1480601
          ]
        ]
      }
    },
    {
      "type": "Feature",
      "id": "osm-way-1334482699",
      "properties": {
        "kind": "road",
        "name": null,
        "osm_id": "1334482699",
        "tags": {
          "highway": "unclassified"
        }
      },
      "geometry": {
        "type": "LineString",
        "coordinates": [
          [
            78.6556973,
            17.1497892
          ],
          [
            78.6556747,
            17.1479768
          ]
        ]
      }
    },
    {
      "type": "Feature",
      "id": "osm-way-1334482700",
      "properties": {
        "kind": "road",
        "name": null,
        "osm_id": "1334482700",
        "tags": {
          "highway": "unclassified"
        }
      },
      "geometry": {
        "type": "LineString",
        "coordinates": [
          [
            78.6561207,
            17.1497925
          ],
          [
            78.6561264,
            17.1479849
          ]
        ]
      }
    },
    {
      "type": "Feature",
      "id": "osm-way-1334482701",
      "properties": {
        "kind": "road",
        "name": null,
        "osm_id": "1334482701",
        "tags": {
          "highway": "unclassified"
        }
      },
      "geometry": {
        "type": "LineString",
        "coordinates": [
          [
            78.6565793,
            17.1479929
          ],
          [
            78.656579,
            17.1497975
          ],
          [
            78.6565789,
            17.1498574
          ],
          [
            78.6565782,
            17.1503569
          ],
          [
            78.6565703,
            17.1516537
          ]
        ]
      }
    },
    {
      "type": "Feature",
      "id": "osm-way-1334482702",
      "properties": {
        "kind": "road",
        "name": null,
        "osm_id": "1334482702",
        "tags": {
          "highway": "unclassified"
        }
      },
      "geometry": {
        "type": "LineString",
        "coordinates": [
          [
            78.6570016,
            17.1480004
          ],
          [
            78.6569843,
            17.1497993
          ],
          [
            78.6569847,
            17.1498623
          ],
          [
            78.6569886,
            17.1505382
          ],
          [
            78.6569893,
            17.1516349
          ]
        ]
      }
    },
    {
      "type": "Feature",
      "id": "osm-way-1334482703",
      "properties": {
        "kind": "road",
        "name": null,
        "osm_id": "1334482703",
        "tags": {
          "highway": "unclassified"
        }
      },
      "geometry": {
        "type": "LineString",
        "coordinates": [
          [
            78.6574167,
            17.1516463
          ],
          [
            78.657428,
            17.1498663
          ]
        ]
      }
    },
    {
      "type": "Feature",
      "id": "osm-way-1334482704",
      "properties": {
        "kind": "road",
        "name": null,
        "osm_id": "1334482704",
        "tags": {
          "highway": "unclassified"
        }
      },
      "geometry": {
        "type": "LineString",
        "coordinates": [
          [
            78.6574213,
            17.1498014
          ],
          [
            78.6574527,
            17.1485353
          ],
          [
            78.6574481,
            17.1480083
          ]
        ]
      }
    },
    {
      "type": "Feature",
      "id": "osm-way-1334482705",
      "properties": {
        "kind": "road",
        "name": null,
        "osm_id": "1334482705",
        "tags": {
          "highway": "unclassified"
        }
      },
      "geometry": {
        "type": "LineString",
        "coordinates": [
          [
            78.6579056,
            17.1480167
          ],
          [
            78.6578831,
            17.1493279
          ],
          [
            78.6578741,
            17.1498038
          ]
        ]
      }
    },
    {
      "type": "Feature",
      "id": "osm-way-1334482706",
      "properties": {
        "kind": "road",
        "name": null,
        "osm_id": "1334482706",
        "tags": {
          "highway": "unclassified"
        }
      },
      "geometry": {
        "type": "LineString",
        "coordinates": [
          [
            78.6578697,
            17.1498703
          ],
          [
            78.6578685,
            17.1508782
          ],
          [
            78.6578703,
            17.1516508
          ]
        ]
      }
    },
    {
      "type": "Feature",
      "id": "osm-way-1334482707",
      "properties": {
        "kind": "road",
        "name": null,
        "osm_id": "1334482707",
        "tags": {
          "highway": "unclassified"
        }
      },
      "geometry": {
        "type": "LineString",
        "coordinates": [
          [
            78.6583336,
            17.1480249
          ],
          [
            78.658313,
            17.1498052
          ]
        ]
      }
    },
    {
      "type": "Feature",
      "id": "osm-way-1334482708",
      "properties": {
        "kind": "road",
        "name": null,
        "osm_id": "1334482708",
        "tags": {
          "highway": "unclassified"
        }
      },
      "geometry": {
        "type": "LineString",
        "coordinates": [
          [
            78.6581053,
            17.1498724
          ],
          [
            78.6581117,
            17.1498046
          ]
        ]
      }
    },
    {
      "type": "Feature",
      "id": "osm-way-1334482709",
      "properties": {
        "kind": "road",
        "name": null,
        "osm_id": "1334482709",
        "tags": {
          "highway": "unclassified"
        }
      },
      "geometry": {
        "type": "LineString",
        "coordinates": [
          [
            78.6583185,
            17.1498768
          ],
          [
            78.6583034,
            17.1508045
          ],
          [
            78.6582997,
            17.1514528
          ],
          [
            78.6583001,
            17.1516691
          ]
        ]
      }
    },
    {
      "type": "Feature",
      "id": "osm-way-1334482710",
      "properties": {
        "kind": "road",
        "name": null,
        "osm_id": "1334482710",
        "tags": {
          "highway": "unclassified"
        }
      },
      "geometry": {
        "type": "LineString",
        "coordinates": [
          [
            78.6587365,
            17.1516672
          ],
          [
            78.6587392,
            17.150645
          ],
          [
            78.6587429,
            17.1500906
          ],
          [
            78.6587443,
            17.1498855
          ]
        ]
      }
    },
    {
      "type": "Feature",
      "id": "osm-way-1334482711",
      "properties": {
        "kind": "road",
        "name": null,
        "osm_id": "1334482711",
        "tags": {
          "highway": "unclassified"
        }
      },
      "geometry": {
        "type": "LineString",
        "coordinates": [
          [
            78.6591923,
            17.1498597
          ],
          [
            78.6591843,
            17.1506012
          ],
          [
            78.6591731,
            17.1514018
          ],
          [
            78.6591764,
            17.1516645
          ]
        ]
      }
    },
    {
      "type": "Feature",
      "id": "osm-way-1334482712",
      "properties": {
        "kind": "road",
        "name": null,
        "osm_id": "1334482712",
        "tags": {
          "highway": "unclassified"
        }
      },
      "geometry": {
        "type": "LineString",
        "coordinates": [
          [
            78.6587328,
            17.1498101
          ],
          [
            78.6587551,
            17.1483551
          ],
          [
            78.6587617,
            17.1480261
          ],
          [
            78.6587573,
            17.1474361
          ]
        ]
      }
    },
    {
      "type": "Feature",
      "id": "osm-way-1334482713",
      "properties": {
        "kind": "road",
        "name": null,
        "osm_id": "1334482713",
        "tags": {
          "highway": "unclassified"
        }
      },
      "geometry": {
        "type": "LineString",
        "coordinates": [
          [
            78.6583336,
            17.1480249
          ],
          [
            78.6583314,
            17.147194
          ],
          [
            78.6583291,
            17.1466884
          ]
        ]
      }
    },
    {
      "type": "Feature",
      "id": "osm-way-1334482714",
      "properties": {
        "kind": "road",
        "name": null,
        "osm_id": "1334482714",
        "tags": {
          "highway": "unclassified"
        }
      },
      "geometry": {
        "type": "LineString",
        "coordinates": [
          [
            78.6579056,
            17.1480167
          ],
          [
            78.6578965,
            17.1468769
          ]
        ]
      }
    },
    {
      "type": "Feature",
      "id": "osm-way-1334482715",
      "properties": {
        "kind": "road",
        "name": null,
        "osm_id": "1334482715",
        "tags": {
          "highway": "unclassified"
        }
      },
      "geometry": {
        "type": "LineString",
        "coordinates": [
          [
            78.6574481,
            17.1480083
          ],
          [
            78.6574436,
            17.1470697
          ]
        ]
      }
    },
    {
      "type": "Feature",
      "id": "osm-way-1334482716",
      "properties": {
        "kind": "road",
        "name": null,
        "osm_id": "1334482716",
        "tags": {
          "highway": "unclassified"
        }
      },
      "geometry": {
        "type": "LineString",
        "coordinates": [
          [
            78.6570016,
            17.1480004
          ],
          [
            78.6570154,
            17.147284
          ]
        ]
      }
    },
    {
      "type": "Feature",
      "id": "osm-way-1334482717",
      "properties": {
        "kind": "road",
        "name": null,
        "osm_id": "1334482717",
        "tags": {
          "highway": "unclassified"
        }
      },
      "geometry": {
        "type": "LineString",
        "coordinates": [
          [
            78.6591923,
            17.1498597
          ],
          [
            78.6592058,
            17.1486548
          ]
        ]
      }
    },
    {
      "type": "Feature",
      "id": "osm-way-1334482718",
      "properties": {
        "kind": "road",
        "name": null,
        "osm_id": "1334482718",
        "tags": {
          "highway": "unclassified"
        }
      },
      "geometry": {
        "type": "LineString",
        "coordinates": [
          [
            78.6530361,
            17.1526751
          ],
          [
            78.6530818,
            17.1537566
          ]
        ]
      }
    },
    {
      "type": "Feature",
      "id": "osm-way-1334482719",
      "properties": {
        "kind": "road",
        "name": null,
        "osm_id": "1334482719",
        "tags": {
          "highway": "unclassified"
        }
      },
      "geometry": {
        "type": "LineString",
        "coordinates": [
          [
            78.6534853,
            17.1526853
          ],
          [
            78.6534944,
            17.15394
          ]
        ]
      }
    },
    {
      "type": "Feature",
      "id": "osm-way-1334482720",
      "properties": {
        "kind": "road",
        "name": null,
        "osm_id": "1334482720",
        "tags": {
          "highway": "unclassified"
        }
      },
      "geometry": {
        "type": "LineString",
        "coordinates": [
          [
            78.6539281,
            17.152686
          ],
          [
            78.6539177,
            17.1541258
          ]
        ]
      }
    },
    {
      "type": "Feature",
      "id": "osm-way-1334482721",
      "properties": {
        "kind": "road",
        "name": null,
        "osm_id": "1334482721",
        "tags": {
          "highway": "unclassified"
        }
      },
      "geometry": {
        "type": "LineString",
        "coordinates": [
          [
            78.6543385,
            17.1526866
          ],
          [
            78.6543438,
            17.1534467
          ],
          [
            78.65436,
            17.1535046
          ],
          [
            78.6544246,
            17.153574
          ],
          [
            78.654543,
            17.1537231
          ],
          [
            78.6545901,
            17.1537823
          ],
          [
            78.6546425,
            17.1538633
          ],
          [
            78.6547596,
            17.1540909
          ],
          [
            78.6547879,
            17.1541796
          ],
          [
            78.6547798,
            17.1542644
          ],
          [
            78.6547612,
            17.1543443
          ]
        ]
      }
    },
    {
      "type": "Feature",
      "id": "osm-way-1334482722",
      "properties": {
        "kind": "road",
        "name": null,
        "osm_id": "1334482722",
        "tags": {
          "highway": "unclassified"
        }
      },
      "geometry": {
        "type": "LineString",
        "coordinates": [
          [
            78.6546425,
            17.1538633
          ],
          [
            78.6550536,
            17.1538315
          ],
          [
            78.6552031,
            17.1538332
          ],
          [
            78.6556515,
            17.1538384
          ],
          [
            78.6557168,
            17.1538391
          ],
          [
            78.6560821,
            17.1538449
          ],
          [
            78.6562967,
            17.1538483
          ]
        ]
      }
    },
    {
      "type": "Feature",
      "id": "osm-way-1334482723",
      "properties": {
        "kind": "road",
        "name": null,
        "osm_id": "1334482723",
        "tags": {
          "highway": "unclassified"
        }
      },
      "geometry": {
        "type": "LineString",
        "coordinates": [
          [
            78.654543,
            17.1537231
          ],
          [
            78.6547073,
            17.1535823
          ],
          [
            78.6547452,
            17.1535243
          ],
          [
            78.654785,
            17.1534302
          ],
          [
            78.6547964,
            17.1533161
          ],
          [
            78.6547921,
            17.1526848
          ]
        ]
      }
    },
    {
      "type": "Feature",
      "id": "osm-way-1334482724",
      "properties": {
        "kind": "road",
        "name": null,
        "osm_id": "1334482724",
        "tags": {
          "highway": "unclassified"
        }
      },
      "geometry": {
        "type": "LineString",
        "coordinates": [
          [
            78.655219,
            17.1526837
          ],
          [
            78.6552076,
            17.1536855
          ]
        ]
      }
    },
    {
      "type": "Feature",
      "id": "osm-way-1334482725",
      "properties": {
        "kind": "road",
        "name": null,
        "osm_id": "1334482725",
        "tags": {
          "highway": "unclassified"
        }
      },
      "geometry": {
        "type": "LineString",
        "coordinates": [
          [
            78.6556681,
            17.1526831
          ],
          [
            78.6556738,
            17.1537
          ]
        ]
      }
    },
    {
      "type": "Feature",
      "id": "osm-way-1334482726",
      "properties": {
        "kind": "road",
        "name": null,
        "osm_id": "1334482726",
        "tags": {
          "highway": "unclassified"
        }
      },
      "geometry": {
        "type": "LineString",
        "coordinates": [
          [
            78.6552031,
            17.1538332
          ],
          [
            78.6552054,
            17.1545543
          ]
        ]
      }
    },
    {
      "type": "Feature",
      "id": "osm-way-1334482727",
      "properties": {
        "kind": "road",
        "name": null,
        "osm_id": "1334482727",
        "tags": {
          "highway": "unclassified"
        }
      },
      "geometry": {
        "type": "LineString",
        "coordinates": [
          [
            78.6556515,
            17.1538384
          ],
          [
            78.6556144,
            17.1548607
          ]
        ]
      }
    },
    {
      "type": "Feature",
      "id": "osm-way-1334482728",
      "properties": {
        "kind": "road",
        "name": null,
        "osm_id": "1334482728",
        "tags": {
          "highway": "unclassified"
        }
      },
      "geometry": {
        "type": "LineString",
        "coordinates": [
          [
            78.6560821,
            17.1538449
          ],
          [
            78.6560842,
            17.1549313
          ]
        ]
      }
    },
    {
      "type": "Feature",
      "id": "osm-way-1334482729",
      "properties": {
        "kind": "road",
        "name": null,
        "osm_id": "1334482729",
        "tags": {
          "highway": "unclassified"
        }
      },
      "geometry": {
        "type": "LineString",
        "coordinates": [
          [
            78.6560961,
            17.1526839
          ],
          [
            78.6560827,
            17.1536674
          ]
        ]
      }
    },
    {
      "type": "Feature",
      "id": "osm-way-1334482730",
      "properties": {
        "kind": "road",
        "name": null,
        "osm_id": "1334482730",
        "tags": {
          "highway": "unclassified"
        }
      },
      "geometry": {
        "type": "LineString",
        "coordinates": [
          [
            78.6565703,
            17.1516537
          ],
          [
            78.656546,
            17.1528629
          ],
          [
            78.6565428,
            17.1533327
          ],
          [
            78.6565411,
            17.1535828
          ],
          [
            78.6565394,
            17.1537702
          ],
          [
            78.6565362,
            17.1541234
          ],
          [
            78.6565184,
            17.1550743
          ],
          [
            78.6565166,
            17.1551677
          ]
        ]
      }
    },
    {
      "type": "Feature",
      "id": "osm-way-1334482731",
      "properties": {
        "kind": "road",
        "name": null,
        "osm_id": "1334482731",
        "tags": {
          "highway": "unclassified"
        }
      },
      "geometry": {
        "type": "LineString",
        "coordinates": [
          [
            78.6565394,
            17.1537702
          ],
          [
            78.6569709,
            17.153775
          ],
          [
            78.6574116,
            17.15378
          ],
          [
            78.6578524,
            17.1537849
          ],
          [
            78.6582863,
            17.1537898
          ],
          [
            78.6584119,
            17.1537912
          ],
          [
            78.6587293,
            17.1537886
          ],
          [
            78.6589827,
            17.1537866
          ],
          [
            78.6591791,
            17.153785
          ],
          [
            78.6595277,
            17.1537822
          ],
          [
            78.6595621,
            17.1537916
          ]
        ]
      }
    },
    {
      "type": "Feature",
      "id": "osm-way-1334482732",
      "properties": {
        "kind": "road",
        "name": null,
        "osm_id": "1334482732",
        "tags": {
          "highway": "unclassified"
        }
      },
      "geometry": {
        "type": "LineString",
        "coordinates": [
          [
            78.6595621,
            17.1537916
          ],
          [
            78.6595916,
            17.1538117
          ],
          [
            78.6596019,
            17.1538511
          ],
          [
            78.6595833,
            17.1542765
          ],
          [
            78.6595792,
            17.155281
          ]
        ]
      }
    },
    {
      "type": "Feature",
      "id": "osm-way-1334482733",
      "properties": {
        "kind": "road",
        "name": null,
        "osm_id": "1334482733",
        "tags": {
          "highway": "unclassified"
        }
      },
      "geometry": {
        "type": "LineString",
        "coordinates": [
          [
            78.659869,
            17.1552706
          ],
          [
            78.6595792,
            17.155281
          ],
          [
            78.6591509,
            17.1552794
          ],
          [
            78.6587094,
            17.1552777
          ],
          [
            78.6582754,
            17.1552761
          ],
          [
            78.6578289,
            17.1552745
          ],
          [
            78.6575077,
            17.1552733
          ],
          [
            78.6574547,
            17.1552649
          ],
          [
            78.6574267,
            17.1552531
          ],
          [
            78.6573953,
            17.1552402
          ],
          [
            78.6573516,
            17.1552221
          ],
          [
            78.6572227,
            17.155175
          ],
          [
            78.6571476,
            17.1551546
          ],
          [
            78.6570545,
            17.1551428
          ],
          [
            78.6569586,
            17.1551306
          ],
          [
            78.6565184,
            17.1550743
          ]
        ]
      }
    },
    {
      "type": "Feature",
      "id": "osm-way-1334482734",
      "properties": {
        "kind": "road",
        "name": null,
        "osm_id": "1334482734",
        "tags": {
          "highway": "unclassified"
        }
      },
      "geometry": {
        "type": "LineString",
        "coordinates": [
          [
            78.6569586,
            17.1551306
          ],
          [
            78.6569709,
            17.153775
          ]
        ]
      }
    },
    {
      "type": "Feature",
      "id": "osm-way-1334482735",
      "properties": {
        "kind": "road",
        "name": null,
        "osm_id": "1334482735",
        "tags": {
          "highway": "unclassified"
        }
      },
      "geometry": {
        "type": "LineString",
        "coordinates": [
          [
            78.6574116,
            17.15378
          ],
          [
            78.6574038,
            17.1548166
          ],
          [
            78.6573953,
            17.1552402
          ]
        ]
      }
    },
    {
      "type": "Feature",
      "id": "osm-way-1334482736",
      "properties": {
        "kind": "road",
        "name": null,
        "osm_id": "1334482736",
        "tags": {
          "highway": "unclassified"
        }
      },
      "geometry": {
        "type": "LineString",
        "coordinates": [
          [
            78.6578289,
            17.1552745
          ],
          [
            78.6578493,
            17.154211
          ],
          [
            78.6578524,
            17.1537849
          ]
        ]
      }
    },
    {
      "type": "Feature",
      "id": "osm-way-1334482737",
      "properties": {
        "kind": "road",
        "name": null,
        "osm_id": "1334482737",
        "tags": {
          "highway": "unclassified"
        }
      },
      "geometry": {
        "type": "LineString",
        "coordinates": [
          [
            78.6582863,
            17.1537898
          ],
          [
            78.6582827,
            17.1547275
          ],
          [
            78.6582754,
            17.1552761
          ]
        ]
      }
    },
    {
      "type": "Feature",
      "id": "osm-way-1334482738",
      "properties": {
        "kind": "road",
        "name": null,
        "osm_id": "1334482738",
        "tags": {
          "highway": "unclassified"
        }
      },
      "geometry": {
        "type": "LineString",
        "coordinates": [
          [
            78.6587293,
            17.1537886
          ],
          [
            78.6587227,
            17.1546438
          ],
          [
            78.6587094,
            17.1552777
          ],
          [
            78.6586988,
            17.155665
          ]
        ]
      }
    },
    {
      "type": "Feature",
      "id": "osm-way-1334482739",
      "properties": {
        "kind": "road",
        "name": null,
        "osm_id": "1334482739",
        "tags": {
          "highway": "unclassified"
        }
      },
      "geometry": {
        "type": "LineString",
        "coordinates": [
          [
            78.658183,
            17.15566
          ],
          [
            78.6586988,
            17.155665
          ],
          [
            78.6591447,
            17.1556563
          ],
          [
            78.660058,
            17.1556384
          ],
          [
            78.6601006,
            17.1556365
          ]
        ]
      }
    },
    {
      "type": "Feature",
      "id": "osm-way-1334482740",
      "properties": {
        "kind": "road",
        "name": null,
        "osm_id": "1334482740",
        "tags": {
          "highway": "unclassified"
        }
      },
      "geometry": {
        "type": "LineString",
        "coordinates": [
          [
            78.6591509,
            17.1552794
          ],
          [
            78.6591791,
            17.153785
          ]
        ]
      }
    },
    {
      "type": "Feature",
      "id": "osm-way-1334482741",
      "properties": {
        "kind": "road",
        "name": null,
        "osm_id": "1334482741",
        "tags": {
          "highway": "unclassified"
        }
      },
      "geometry": {
        "type": "LineString",
        "coordinates": [
          [
            78.6591447,
            17.1556563
          ],
          [
            78.659139,
            17.1562303
          ]
        ]
      }
    },
    {
      "type": "Feature",
      "id": "osm-way-1334482742",
      "properties": {
        "kind": "road",
        "name": null,
        "osm_id": "1334482742",
        "tags": {
          "highway": "unclassified"
        }
      },
      "geometry": {
        "type": "LineString",
        "coordinates": [
          [
            78.6565428,
            17.1533327
          ],
          [
            78.6569654,
            17.153332
          ],
          [
            78.6574143,
            17.1533314
          ],
          [
            78.6578608,
            17.1533307
          ],
          [
            78.6580872,
            17.1533303
          ],
          [
            78.6582834,
            17.1533331
          ],
          [
            78.6585719,
            17.1533372
          ],
          [
            78.658718,
            17.153342
          ],
          [
            78.6588489,
            17.1533463
          ],
          [
            78.658942,
            17.1533646
          ],
          [
            78.659016,
            17.1533942
          ],
          [
            78.6590805,
            17.1534353
          ],
          [
            78.6591227,
            17.1535078
          ],
          [
            78.6591171,
            17.1535935
          ],
          [
            78.6590972,
            17.1536475
          ],
          [
            78.659059,
            17.1537022
          ],
          [
            78.6589827,
            17.1537866
          ]
        ]
      }
    },
    {
      "type": "Feature",
      "id": "osm-way-1334482743",
      "properties": {
        "kind": "road",
        "name": null,
        "osm_id": "1334482743",
        "tags": {
          "highway": "unclassified"
        }
      },
      "geometry": {
        "type": "LineString",
        "coordinates": [
          [
            78.6591171,
            17.1535935
          ],
          [
            78.6595979,
            17.1535924
          ]
        ]
      }
    },
    {
      "type": "Feature",
      "id": "osm-way-1334482744",
      "properties": {
        "kind": "road",
        "name": null,
        "osm_id": "1334482744",
        "tags": {
          "highway": "unclassified"
        }
      },
      "geometry": {
        "type": "LineString",
        "coordinates": [
          [
            78.6591227,
            17.1535078
          ],
          [
            78.6596072,
            17.1535229
          ],
          [
            78.6595979,
            17.1535924
          ]
        ]
      }
    },
    {
      "type": "Feature",
      "id": "osm-way-1334482745",
      "properties": {
        "kind": "road",
        "name": null,
        "osm_id": "1334482745",
        "tags": {
          "highway": "unclassified"
        }
      },
      "geometry": {
        "type": "LineString",
        "coordinates": [
          [
            78.659016,
            17.1533942
          ],
          [
            78.6591565,
            17.1533722
          ],
          [
            78.659496,
            17.1533543
          ],
          [
            78.6595745,
            17.1533462
          ],
          [
            78.6596001,
            17.1533282
          ],
          [
            78.6596137,
            17.1533038
          ],
          [
            78.6596154,
            17.1532011
          ],
          [
            78.6596052,
            17.152769
          ]
        ]
      }
    },
    {
      "type": "Feature",
      "id": "osm-way-1334482746",
      "properties": {
        "kind": "road",
        "name": null,
        "osm_id": "1334482746",
        "tags": {
          "highway": "unclassified"
        }
      },
      "geometry": {
        "type": "LineString",
        "coordinates": [
          [
            78.658718,
            17.153342
          ],
          [
            78.6587371,
            17.1520957
          ],
          [
            78.6587365,
            17.1516672
          ]
        ]
      }
    },
    {
      "type": "Feature",
      "id": "osm-way-1334482747",
      "properties": {
        "kind": "road",
        "name": null,
        "osm_id": "1334482747",
        "tags": {
          "highway": "unclassified"
        }
      },
      "geometry": {
        "type": "LineString",
        "coordinates": [
          [
            78.6591764,
            17.1516645
          ],
          [
            78.6591788,
            17.1524539
          ],
          [
            78.6591565,
            17.1533722
          ]
        ]
      }
    },
    {
      "type": "Feature",
      "id": "osm-way-1334482748",
      "properties": {
        "kind": "road",
        "name": null,
        "osm_id": "1334482748",
        "tags": {
          "highway": "unclassified"
        }
      },
      "geometry": {
        "type": "LineString",
        "coordinates": [
          [
            78.6582834,
            17.1533331
          ],
          [
            78.6583001,
            17.1523444
          ],
          [
            78.6583001,
            17.1516691
          ]
        ]
      }
    },
    {
      "type": "Feature",
      "id": "osm-way-1334482749",
      "properties": {
        "kind": "road",
        "name": null,
        "osm_id": "1334482749",
        "tags": {
          "highway": "unclassified"
        }
      },
      "geometry": {
        "type": "LineString",
        "coordinates": [
          [
            78.6578608,
            17.1533307
          ],
          [
            78.6578632,
            17.1522965
          ],
          [
            78.6578703,
            17.1516508
          ]
        ]
      }
    },
    {
      "type": "Feature",
      "id": "osm-way-1334482750",
      "properties": {
        "kind": "road",
        "name": null,
        "osm_id": "1334482750",
        "tags": {
          "highway": "unclassified"
        }
      },
      "geometry": {
        "type": "LineString",
        "coordinates": [
          [
            78.6574167,
            17.1516463
          ],
          [
            78.6574214,
            17.1522372
          ],
          [
            78.6574143,
            17.1533314
          ]
        ]
      }
    },
    {
      "type": "Feature",
      "id": "osm-way-1334482751",
      "properties": {
        "kind": "road",
        "name": null,
        "osm_id": "1334482751",
        "tags": {
          "highway": "unclassified"
        }
      },
      "geometry": {
        "type": "LineString",
        "coordinates": [
          [
            78.6569654,
            17.153332
          ],
          [
            78.6569869,
            17.152333
          ],
          [
            78.6569893,
            17.1516349
          ]
        ]
      }
    },
    {
      "type": "Feature",
      "id": "osm-way-1334482752",
      "properties": {
        "kind": "road",
        "name": null,
        "osm_id": "1334482752",
        "tags": {
          "highway": "unclassified"
        }
      },
      "geometry": {
        "type": "LineString",
        "coordinates": [
          [
            78.6565703,
            17.1516537
          ],
          [
            78.656586,
            17.1516366
          ],
          [
            78.6566237,
            17.1516306
          ],
          [
            78.6569893,
            17.1516349
          ],
          [
            78.6574167,
            17.1516463
          ],
          [
            78.6578703,
            17.1516508
          ],
          [
            78.6583001,
            17.1516691
          ],
          [
            78.6587365,
            17.1516672
          ],
          [
            78.6591764,
            17.1516645
          ],
          [
            78.659452,
            17.1516621
          ]
        ]
      }
    },
    {
      "type": "Feature",
      "id": "osm-way-1334482753",
      "properties": {
        "kind": "road",
        "name": null,
        "osm_id": "1334482753",
        "tags": {
          "highway": "unclassified"
        }
      },
      "geometry": {
        "type": "LineString",
        "coordinates": [
          [
            78.6614252,
            17.1607422
          ],
          [
            78.6608392,
            17.1605336
          ],
          [
            78.6606386,
            17.1604622
          ]
        ]
      }
    },
    {
      "type": "Feature",
      "id": "osm-way-1334482754",
      "properties": {
        "kind": "road",
        "name": null,
        "osm_id": "1334482754",
        "tags": {
          "highway": "unclassified"
        }
      },
      "geometry": {
        "type": "LineString",
        "coordinates": [
          [
            78.6606291,
            17.1611832
          ],
          [
            78.6608392,
            17.1605336
          ],
          [
            78.6609634,
            17.160152
          ],
          [
            78.6610541,
            17.1598965
          ],
          [
            78.6610971,
            17.1597596
          ],
          [
            78.661109,
            17.1596934
          ],
          [
            78.661109,
            17.1596318
          ],
          [
            78.6610875,
            17.1595451
          ],
          [
            78.6609799,
            17.1590255
          ],
          [
            78.6611802,
            17.1590027
          ]
        ]
      }
    },
    {
      "type": "Feature",
      "id": "osm-way-1334482755",
      "properties": {
        "kind": "road",
        "name": null,
        "osm_id": "1334482755",
        "tags": {
          "highway": "unclassified"
        }
      },
      "geometry": {
        "type": "LineString",
        "coordinates": [
          [
            78.6609799,
            17.1590255
          ],
          [
            78.660626,
            17.1590876
          ],
          [
            78.6605048,
            17.1591061
          ]
        ]
      }
    },
    {
      "type": "Feature",
      "id": "osm-way-1334482756",
      "properties": {
        "kind": "road",
        "name": null,
        "osm_id": "1334482756",
        "tags": {
          "highway": "unclassified"
        }
      },
      "geometry": {
        "type": "LineString",
        "coordinates": [
          [
            78.660626,
            17.1590876
          ],
          [
            78.6607399,
            17.1597325
          ]
        ]
      }
    },
    {
      "type": "Feature",
      "id": "osm-way-1334482757",
      "properties": {
        "kind": "road",
        "name": null,
        "osm_id": "1334482757",
        "tags": {
          "highway": "unclassified"
        }
      },
      "geometry": {
        "type": "LineString",
        "coordinates": [
          [
            78.6622027,
            17.1591564
          ],
          [
            78.66286,
            17.1594642
          ],
          [
            78.6629191,
            17.1594918
          ],
          [
            78.663208,
            17.1596264
          ],
          [
            78.6635494,
            17.159834
          ],
          [
            78.6638979,
            17.1600483
          ],
          [
            78.6639983,
            17.1601101
          ],
          [
            78.6641869,
            17.1602351
          ],
          [
            78.6644999,
            17.1604427
          ],
          [
            78.6646692,
            17.1605549
          ],
          [
            78.6652351,
            17.1609405
          ]
        ]
      }
    },
    {
      "type": "Feature",
      "id": "osm-way-1334482758",
      "properties": {
        "kind": "road",
        "name": null,
        "osm_id": "1334482758",
        "tags": {
          "highway": "unclassified"
        }
      },
      "geometry": {
        "type": "LineString",
        "coordinates": [
          [
            78.6620619,
            17.1594404
          ],
          [
            78.6627181,
            17.1597503
          ],
          [
            78.6628856,
            17.1598294
          ],
          [
            78.6630888,
            17.1599259
          ],
          [
            78.6632462,
            17.1600006
          ],
          [
            78.6634328,
            17.160116
          ],
          [
            78.6635781,
            17.1602059
          ],
          [
            78.663778,
            17.1603431
          ],
          [
            78.6639505,
            17.1604614
          ],
          [
            78.6640619,
            17.1605332
          ],
          [
            78.6642371,
            17.1606462
          ],
          [
            78.6643459,
            17.1607183
          ],
          [
            78.6645403,
            17.1608469
          ],
          [
            78.6646311,
            17.1609074
          ],
          [
            78.6650441,
            17.1611823
          ]
        ]
      }
    },
    {
      "type": "Feature",
      "id": "osm-way-1334482759",
      "properties": {
        "kind": "road",
        "name": null,
        "osm_id": "1334482759",
        "tags": {
          "highway": "unclassified"
        }
      },
      "geometry": {
        "type": "LineString",
        "coordinates": [
          [
            78.6642323,
            17.1616568
          ],
          [
            78.6646311,
            17.1609074
          ]
        ]
      }
    },
    {
      "type": "Feature",
      "id": "osm-way-1334482760",
      "properties": {
        "kind": "road",
        "name": null,
        "osm_id": "1334482760",
        "tags": {
          "highway": "unclassified"
        }
      },
      "geometry": {
        "type": "LineString",
        "coordinates": [
          [
            78.6639243,
            17.1615451
          ],
          [
            78.6643459,
            17.1607183
          ]
        ]
      }
    },
    {
      "type": "Feature",
      "id": "osm-way-1334482761",
      "properties": {
        "kind": "road",
        "name": null,
        "osm_id": "1334482761",
        "tags": {
          "highway": "unclassified"
        }
      },
      "geometry": {
        "type": "LineString",
        "coordinates": [
          [
            78.6635972,
            17.1613785
          ],
          [
            78.6640619,
            17.1605332
          ]
        ]
      }
    },
    {
      "type": "Feature",
      "id": "osm-way-1334482762",
      "properties": {
        "kind": "road",
        "name": null,
        "osm_id": "1334482762",
        "tags": {
          "highway": "unclassified"
        }
      },
      "geometry": {
        "type": "LineString",
        "coordinates": [
          [
            78.6633106,
            17.1612393
          ],
          [
            78.663778,
            17.1603431
          ]
        ]
      }
    },
    {
      "type": "Feature",
      "id": "osm-way-1334482763",
      "properties": {
        "kind": "road",
        "name": null,
        "osm_id": "1334482763",
        "tags": {
          "highway": "unclassified"
        }
      },
      "geometry": {
        "type": "LineString",
        "coordinates": [
          [
            78.6629438,
            17.1610381
          ],
          [
            78.6634328,
            17.160116
          ]
        ]
      }
    },
    {
      "type": "Feature",
      "id": "osm-way-1334482764",
      "properties": {
        "kind": "road",
        "name": null,
        "osm_id": "1334482764",
        "tags": {
          "highway": "unclassified"
        }
      },
      "geometry": {
        "type": "LineString",
        "coordinates": [
          [
            78.6625914,
            17.1608765
          ],
          [
            78.6630888,
            17.1599259
          ]
        ]
      }
    },
    {
      "type": "Feature",
      "id": "osm-way-1334482765",
      "properties": {
        "kind": "road",
        "name": null,
        "osm_id": "1334482765",
        "tags": {
          "highway": "unclassified"
        }
      },
      "geometry": {
        "type": "LineString",
        "coordinates": [
          [
            78.662204,
            17.1607481
          ],
          [
            78.6627181,
            17.1597503
          ]
        ]
      }
    },
    {
      "type": "Feature",
      "id": "osm-way-1334482766",
      "properties": {
        "kind": "road",
        "name": null,
        "osm_id": "1334482766",
        "tags": {
          "highway": "unclassified"
        }
      },
      "geometry": {
        "type": "LineString",
        "coordinates": [
          [
            78.66286,
            17.1594642
          ],
          [
            78.6630539,
            17.1590863
          ]
        ]
      }
    },
    {
      "type": "Feature",
      "id": "osm-way-1334482767",
      "properties": {
        "kind": "road",
        "name": null,
        "osm_id": "1334482767",
        "tags": {
          "highway": "unclassified"
        }
      },
      "geometry": {
        "type": "LineString",
        "coordinates": [
          [
            78.663208,
            17.1596264
          ],
          [
            78.6634333,
            17.1592298
          ]
        ]
      }
    },
    {
      "type": "Feature",
      "id": "osm-way-1334482768",
      "properties": {
        "kind": "road",
        "name": null,
        "osm_id": "1334482768",
        "tags": {
          "highway": "unclassified"
        }
      },
      "geometry": {
        "type": "LineString",
        "coordinates": [
          [
            78.6635494,
            17.159834
          ],
          [
            78.6638049,
            17.1593733
          ]
        ]
      }
    },
    {
      "type": "Feature",
      "id": "osm-way-1334482769",
      "properties": {
        "kind": "road",
        "name": null,
        "osm_id": "1334482769",
        "tags": {
          "highway": "unclassified"
        }
      },
      "geometry": {
        "type": "LineString",
        "coordinates": [
          [
            78.6638979,
            17.1600483
          ],
          [
            78.6641646,
            17.1595433
          ]
        ]
      }
    },
    {
      "type": "Feature",
      "id": "osm-way-1334482770",
      "properties": {
        "kind": "road",
        "name": null,
        "osm_id": "1334482770",
        "tags": {
          "highway": "unclassified"
        }
      },
      "geometry": {
        "type": "LineString",
        "coordinates": [
          [
            78.6641869,
            17.1602351
          ],
          [
            78.6644966,
            17.1596792
          ]
        ]
      }
    },
    {
      "type": "Feature",
      "id": "osm-way-1334482771",
      "properties": {
        "kind": "road",
        "name": null,
        "osm_id": "1334482771",
        "tags": {
          "highway": "unclassified"
        }
      },
      "geometry": {
        "type": "LineString",
        "coordinates": [
          [
            78.6644999,
            17.1604427
          ],
          [
            78.6646745,
            17.1601287
          ]
        ]
      }
    },
    {
      "type": "Feature",
      "id": "osm-way-1334482772",
      "properties": {
        "kind": "road",
        "name": null,
        "osm_id": "1334482772",
        "tags": {
          "highway": "unclassified"
        }
      },
      "geometry": {
        "type": "LineString",
        "coordinates": [
          [
            78.6609508,
            17.161727
          ],
          [
            78.6617721,
            17.1619075
          ],
          [
            78.6626869,
            17.162099
          ],
          [
            78.6636946,
            17.1623082
          ],
          [
            78.6641511,
            17.1624093
          ]
        ]
      }
    },
    {
      "type": "Feature",
      "id": "osm-way-1334482773",
      "properties": {
        "kind": "road",
        "name": null,
        "osm_id": "1334482773",
        "tags": {
          "highway": "unclassified"
        }
      },
      "geometry": {
        "type": "LineString",
        "coordinates": [
          [
            78.654319,
            17.1594318
          ],
          [
            78.6550557,
            17.1593662
          ],
          [
            78.6555118,
            17.1593392
          ],
          [
            78.6555966,
            17.1593334
          ],
          [
            78.6556269,
            17.1593411
          ],
          [
            78.6556451,
            17.1593546
          ],
          [
            78.6556552,
            17.1593855
          ],
          [
            78.6556552,
            17.1595398
          ],
          [
            78.6556581,
            17.1599022
          ],
          [
            78.655643,
            17.1604886
          ],
          [
            78.6556309,
            17.1611655
          ],
          [
            78.6556327,
            17.1616747
          ],
          [
            78.655633,
            17.1617344
          ],
          [
            78.655633,
            17.1624962
          ],
          [
            78.6555991,
            17.1634317
          ]
        ]
      }
    },
    {
      "type": "Feature",
      "id": "osm-way-1334482774",
      "properties": {
        "kind": "road",
        "name": null,
        "osm_id": "1334482774",
        "tags": {
          "highway": "unclassified"
        }
      },
      "geometry": {
        "type": "LineString",
        "coordinates": [
          [
            78.6561062,
            17.1634334
          ],
          [
            78.6560405,
            17.1634306
          ],
          [
            78.6555991,
            17.1634317
          ],
          [
            78.655165,
            17.1634293
          ],
          [
            78.654868,
            17.1634276
          ],
          [
            78.654214,
            17.1634199
          ],
          [
            78.6541413,
            17.1634149
          ]
        ]
      }
    },
    {
      "type": "Feature",
      "id": "osm-way-1334482775",
      "properties": {
        "kind": "road",
        "name": null,
        "osm_id": "1334482775",
        "tags": {
          "highway": "unclassified"
        }
      },
      "geometry": {
        "type": "LineString",
        "coordinates": [
          [
            78.6548187,
            17.1616736
          ],
          [
            78.6551924,
            17.1616768
          ],
          [
            78.6553254,
            17.1616779
          ],
          [
            78.6556327,
            17.1616747
          ],
          [
            78.6557356,
            17.1616736
          ],
          [
            78.6560459,
            17.1616844
          ]
        ]
      }
    },
    {
      "type": "Feature",
      "id": "osm-way-1334482776",
      "properties": {
        "kind": "road",
        "name": null,
        "osm_id": "1334482776",
        "tags": {
          "highway": "unclassified"
        }
      },
      "geometry": {
        "type": "LineString",
        "coordinates": [
          [
            78.6551924,
            17.1616768
          ],
          [
            78.6551838,
            17.1625894
          ],
          [
            78.655165,
            17.1634293
          ],
          [
            78.6551549,
            17.1640294
          ]
        ]
      }
    },
    {
      "type": "Feature",
      "id": "osm-way-1334482777",
      "properties": {
        "kind": "road",
        "name": null,
        "osm_id": "1334482777",
        "tags": {
          "highway": "unclassified"
        }
      },
      "geometry": {
        "type": "LineString",
        "coordinates": [
          [
            78.6538199,
            17.1640159
          ],
          [
            78.6543003,
            17.1640134
          ],
          [
            78.6547038,
            17.1640252
          ],
          [
            78.6551549,
            17.1640294
          ],
          [
            78.6555935,
            17.1640336
          ],
          [
            78.6560767,
            17.1640381
          ]
        ]
      }
    },
    {
      "type": "Feature",
      "id": "osm-way-1334482778",
      "properties": {
        "kind": "road",
        "name": null,
        "osm_id": "1334482778",
        "tags": {
          "highway": "unclassified"
        }
      },
      "geometry": {
        "type": "LineString",
        "coordinates": [
          [
            78.6560767,
            17.1640381
          ],
          [
            78.656108,
            17.1640834
          ],
          [
            78.6561008,
            17.1649777
          ]
        ]
      }
    },
    {
      "type": "Feature",
      "id": "osm-way-1334482779",
      "properties": {
        "kind": "road",
        "name": null,
        "osm_id": "1334482779",
        "tags": {
          "highway": "unclassified"
        }
      },
      "geometry": {
        "type": "LineString",
        "coordinates": [
          [
            78.6560359,
            17.164975
          ],
          [
            78.6560344,
            17.1644059
          ],
          [
            78.6560445,
            17.1640986
          ],
          [
            78.6560767,
            17.1640381
          ],
          [
            78.6560806,
            17.1638354
          ]
        ]
      }
    },
    {
      "type": "Feature",
      "id": "osm-way-1334482780",
      "properties": {
        "kind": "road",
        "name": null,
        "osm_id": "1334482780",
        "tags": {
          "highway": "unclassified"
        }
      },
      "geometry": {
        "type": "LineString",
        "coordinates": [
          [
            78.6560806,
            17.1638354
          ],
          [
            78.6561195,
            17.1638298
          ],
          [
            78.6561556,
            17.163805
          ],
          [
            78.6561786,
            17.1637678
          ],
          [
            78.656183,
            17.1637292
          ],
          [
            78.6561732,
            17.1636911
          ],
          [
            78.6561527,
            17.1636647
          ],
          [
            78.6561134,
            17.16364
          ],
          [
            78.6560801,
            17.1636324
          ],
          [
            78.6560486,
            17.1636365
          ],
          [
            78.6560128,
            17.1636645
          ],
          [
            78.655994,
            17.1636975
          ],
          [
            78.6559868,
            17.1637416
          ],
          [
            78.6559926,
            17.1637802
          ],
          [
            78.656007,
            17.1638023
          ],
          [
            78.6560315,
            17.1638216
          ],
          [
            78.6560806,
            17.1638354
          ]
        ]
      }
    },
    {
      "type": "Feature",
      "id": "osm-way-1334482781",
      "properties": {
        "kind": "road",
        "name": null,
        "osm_id": "1334482781",
        "tags": {
          "highway": "unclassified"
        }
      },
      "geometry": {
        "type": "MultiLineString",
        "coordinates": [
          [
            [
              78.6561786,
              17.1637678
            ],
            [
              78.6565517,
              17.1637719
            ],
            [
              78.6570095,
              17.1637769
            ],
            [
              78.6574363,
              17.1637844
            ],
            [
              78.658063,
              17.1637954
            ],
            [
              78.6582158,
              17.1637981
            ]
          ],
          [
            [
              78.6582158,
              17.1637981
            ],
            [
              78.6582329,
              17.1638193
            ],
            [
              78.6582585,
              17.1638389
            ],
            [
              78.6582994,
              17.1638519
            ],
            [
              78.6583472,
              17.1638486
            ],
            [
              78.6583847,
              17.1638291
            ],
            [
              78.6584052,
              17.163803
            ],
            [
              78.6584154,
              17.1637639
            ],
            [
              78.6584069,
              17.1637296
            ],
            [
              78.6583881,
              17.1637084
            ],
            [
              78.6583489,
              17.1636921
            ],
            [
              78.6583011,
              17.163684
            ],
            [
              78.658267,
              17.1636872
            ],
            [
              78.658238,
              17.1637003
            ],
            [
              78.6582192,
              17.1637215
            ],
            [
              78.658209,
              17.1637492
            ],
            [
              78.6582022,
              17.1637753
            ],
            [
              78.6582158,
              17.1637981
            ]
          ]
        ]
      }
    },
    {
      "type": "Feature",
      "id": "osm-way-1334482782",
      "properties": {
        "kind": "road",
        "name": null,
        "osm_id": "1334482782",
        "tags": {
          "highway": "unclassified"
        }
      },
      "geometry": {
        "type": "LineString",
        "coordinates": [
          [
            78.6582192,
            17.1637215
          ],
          [
            78.658064,
            17.1637193
          ],
          [
            78.6569276,
            17.1637036
          ],
          [
            78.6561732,
            17.1636911
          ]
        ]
      }
    },
    {
      "type": "Feature",
      "id": "osm-way-1334482783",
      "properties": {
        "kind": "road",
        "name": null,
        "osm_id": "1334482783",
        "tags": {
          "highway": "unclassified"
        }
      },
      "geometry": {
        "type": "LineString",
        "coordinates": [
          [
            78.6584052,
            17.163803
          ],
          [
            78.6591384,
            17.1641073
          ],
          [
            78.6597006,
            17.1643557
          ]
        ]
      }
    },
    {
      "type": "Feature",
      "id": "osm-way-1334482784",
      "properties": {
        "kind": "road",
        "name": null,
        "osm_id": "1334482784",
        "tags": {
          "highway": "unclassified"
        }
      },
      "geometry": {
        "type": "LineString",
        "coordinates": [
          [
            78.6597287,
            17.1642968
          ],
          [
            78.6592394,
            17.1640798
          ],
          [
            78.6586386,
            17.1638494
          ],
          [
            78.6584154,
            17.1637639
          ]
        ]
      }
    },
    {
      "type": "Feature",
      "id": "osm-way-1334482785",
      "properties": {
        "kind": "road",
        "name": null,
        "osm_id": "1334482785",
        "tags": {
          "highway": "unclassified"
        }
      },
      "geometry": {
        "type": "LineString",
        "coordinates": [
          [
            78.6586386,
            17.1638494
          ],
          [
            78.6589019,
            17.1632709
          ]
        ]
      }
    },
    {
      "type": "Feature",
      "id": "osm-way-1334482786",
      "properties": {
        "kind": "road",
        "name": null,
        "osm_id": "1334482786",
        "tags": {
          "highway": "unclassified"
        }
      },
      "geometry": {
        "type": "LineString",
        "coordinates": [
          [
            78.658064,
            17.1637193
          ],
          [
            78.658063,
            17.1637954
          ],
          [
            78.6580488,
            17.1648804
          ]
        ]
      }
    },
    {
      "type": "Feature",
      "id": "osm-way-1334482787",
      "properties": {
        "kind": "road",
        "name": null,
        "osm_id": "1334482787",
        "tags": {
          "highway": "unclassified"
        }
      },
      "geometry": {
        "type": "LineString",
        "coordinates": [
          [
            78.6574363,
            17.1637844
          ],
          [
            78.6574275,
            17.1649811
          ]
        ]
      }
    },
    {
      "type": "Feature",
      "id": "osm-way-1334482788",
      "properties": {
        "kind": "road",
        "name": null,
        "osm_id": "1334482788",
        "tags": {
          "highway": "unclassified"
        }
      },
      "geometry": {
        "type": "LineString",
        "coordinates": [
          [
            78.6569906,
            17.1650755
          ],
          [
            78.6570095,
            17.1637769
          ]
        ]
      }
    },
    {
      "type": "Feature",
      "id": "osm-way-1334482789",
      "properties": {
        "kind": "road",
        "name": null,
        "osm_id": "1334482789",
        "tags": {
          "highway": "unclassified"
        }
      },
      "geometry": {
        "type": "LineString",
        "coordinates": [
          [
            78.6565517,
            17.1637719
          ],
          [
            78.6565472,
            17.1649832
          ]
        ]
      }
    },
    {
      "type": "Feature",
      "id": "osm-way-1334482790",
      "properties": {
        "kind": "road",
        "name": null,
        "osm_id": "1334482790",
        "tags": {
          "highway": "unclassified"
        }
      },
      "geometry": {
        "type": "LineString",
        "coordinates": [
          [
            78.6555935,
            17.1640336
          ],
          [
            78.655602,
            17.1649673
          ]
        ]
      }
    },
    {
      "type": "Feature",
      "id": "osm-way-1334482791",
      "properties": {
        "kind": "road",
        "name": null,
        "osm_id": "1334482791",
        "tags": {
          "highway": "unclassified"
        }
      },
      "geometry": {
        "type": "LineString",
        "coordinates": [
          [
            78.6551549,
            17.1640294
          ],
          [
            78.6551585,
            17.1649781
          ]
        ]
      }
    },
    {
      "type": "Feature",
      "id": "osm-way-1334482792",
      "properties": {
        "kind": "road",
        "name": null,
        "osm_id": "1334482792",
        "tags": {
          "highway": "unclassified"
        }
      },
      "geometry": {
        "type": "LineString",
        "coordinates": [
          [
            78.6547038,
            17.1640252
          ],
          [
            78.6547122,
            17.1649484
          ]
        ]
      }
    },
    {
      "type": "Feature",
      "id": "osm-way-1340954027",
      "properties": {
        "kind": "road",
        "name": null,
        "osm_id": "1340954027",
        "tags": {
          "highway": "residential",
          "oneway": "yes"
        }
      },
      "geometry": {
        "type": "LineString",
        "coordinates": [
          [
            78.6498108,
            17.1855966
          ],
          [
            78.6494468,
            17.1854274
          ],
          [
            78.649182,
            17.1853088
          ]
        ]
      }
    },
    {
      "type": "Feature",
      "id": "osm-way-1340954028",
      "properties": {
        "kind": "road",
        "name": null,
        "osm_id": "1340954028",
        "tags": {
          "highway": "residential"
        }
      },
      "geometry": {
        "type": "LineString",
        "coordinates": [
          [
            78.6461799,
            17.1840616
          ],
          [
            78.6461343,
            17.1840424
          ],
          [
            78.6460798,
            17.1840501
          ]
        ]
      }
    },
    {
      "type": "Feature",
      "id": "osm-way-1340954029",
      "properties": {
        "kind": "road",
        "name": null,
        "osm_id": "1340954029",
        "tags": {
          "highway": "residential",
          "oneway": "yes"
        }
      },
      "geometry": {
        "type": "LineString",
        "coordinates": [
          [
            78.6491414,
            17.1853925
          ],
          [
            78.6497599,
            17.1857013
          ]
        ]
      }
    },
    {
      "type": "Feature",
      "id": "osm-way-1340954030",
      "properties": {
        "kind": "road",
        "name": null,
        "osm_id": "1340954030",
        "tags": {
          "highway": "residential"
        }
      },
      "geometry": {
        "type": "LineString",
        "coordinates": [
          [
            78.6468039,
            17.1842794
          ],
          [
            78.6469175,
            17.1840501
          ],
          [
            78.6470409,
            17.1837682
          ],
          [
            78.6471777,
            17.1834838
          ],
          [
            78.647344,
            17.1831379
          ],
          [
            78.6474083,
            17.1829662
          ]
        ]
      }
    },
    {
      "type": "Feature",
      "id": "osm-way-1340954031",
      "properties": {
        "kind": "road",
        "name": null,
        "osm_id": "1340954031",
        "tags": {
          "highway": "residential"
        }
      },
      "geometry": {
        "type": "LineString",
        "coordinates": [
          [
            78.6471604,
            17.1844417
          ],
          [
            78.6472555,
            17.1842423
          ],
          [
            78.6474378,
            17.1838912
          ],
          [
            78.6475639,
            17.1835837
          ],
          [
            78.6476846,
            17.1832865
          ],
          [
            78.6478134,
            17.1830354
          ]
        ]
      }
    },
    {
      "type": "Feature",
      "id": "osm-way-1340954032",
      "properties": {
        "kind": "road",
        "name": null,
        "osm_id": "1340954032",
        "tags": {
          "highway": "residential"
        }
      },
      "geometry": {
        "type": "LineString",
        "coordinates": [
          [
            78.6474872,
            17.1845867
          ],
          [
            78.6475612,
            17.1844345
          ],
          [
            78.6477222,
            17.1840783
          ],
          [
            78.6478482,
            17.1838502
          ],
          [
            78.647977,
            17.1835274
          ],
          [
            78.6480628,
            17.1833352
          ],
          [
            78.6481218,
            17.1832147
          ]
        ]
      }
    },
    {
      "type": "Feature",
      "id": "osm-way-1340954033",
      "properties": {
        "kind": "road",
        "name": null,
        "osm_id": "1340954033",
        "tags": {
          "highway": "residential"
        }
      },
      "geometry": {
        "type": "LineString",
        "coordinates": [
          [
            78.6478141,
            17.184732
          ],
          [
            78.647875,
            17.1846062
          ],
          [
            78.6479957,
            17.1843397
          ],
          [
            78.6481406,
            17.1840373
          ],
          [
            78.6482667,
            17.1837708
          ],
          [
            78.6483954,
            17.1835171
          ],
          [
            78.6484625,
            17.1833326
          ]
        ]
      }
    },
    {
      "type": "Feature",
      "id": "osm-way-1340954034",
      "properties": {
        "kind": "road",
        "name": null,
        "osm_id": "1340954034",
        "tags": {
          "highway": "residential"
        }
      },
      "geometry": {
        "type": "LineString",
        "coordinates": [
          [
            78.64758186706675,
            17.18612152006579
          ],
          [
            78.6475988,
            17.1860847
          ],
          [
            78.6477597,
            17.1857388
          ],
          [
            78.647918,
            17.1854031
          ],
          [
            78.6480279,
            17.185175
          ],
          [
            78.6480977,
            17.1850162
          ],
          [
            78.6481295,
            17.1849416
          ]
        ]
      }
    },
    {
      "type": "Feature",
      "id": "osm-way-1340954035",
      "properties": {
        "kind": "road",
        "name": null,
        "osm_id": "1340954035",
        "tags": {
          "highway": "residential"
        }
      },
      "geometry": {
        "type": "LineString",
        "coordinates": [
          [
            78.64791122647102,
            17.186271652670253
          ],
          [
            78.6479528,
            17.1861769
          ],
          [
            78.6480628,
            17.1859515
          ],
          [
            78.6482157,
            17.185644
          ],
          [
            78.648323,
            17.1854057
          ],
          [
            78.6484222,
            17.1851699
          ],
          [
            78.6484624,
            17.1850864
          ]
        ]
      }
    },
    {
      "type": "Feature",
      "id": "osm-way-1340954036",
      "properties": {
        "kind": "road",
        "name": null,
        "osm_id": "1340954036",
        "tags": {
          "highway": "residential"
        }
      },
      "geometry": {
        "type": "LineString",
        "coordinates": [
          [
            78.6488459,
            17.1851627
          ],
          [
            78.6488943,
            17.1850648
          ],
          [
            78.6490123,
            17.1848009
          ],
          [
            78.6491411,
            17.1845293
          ],
          [
            78.6492162,
            17.184355
          ]
        ]
      }
    },
    {
      "type": "Feature",
      "id": "osm-way-1340954037",
      "properties": {
        "kind": "road",
        "name": null,
        "osm_id": "1340954037",
        "tags": {
          "highway": "residential"
        }
      },
      "geometry": {
        "type": "LineString",
        "coordinates": [
          [
            78.6488487,
            17.1860232
          ],
          [
            78.6489694,
            17.1857849
          ],
          [
            78.6490552,
            17.1855876
          ],
          [
            78.6491089,
            17.1854595
          ],
          [
            78.6491414,
            17.1853925
          ]
        ]
      }
    },
    {
      "type": "Feature",
      "id": "osm-way-1340954038",
      "properties": {
        "kind": "road",
        "name": null,
        "osm_id": "1340954038",
        "tags": {
          "highway": "residential",
          "oneway": "yes"
        }
      },
      "geometry": {
        "type": "LineString",
        "coordinates": [
          [
            78.6468039,
            17.1842794
          ],
          [
            78.6465956,
            17.1841846
          ],
          [
            78.6462604,
            17.1840539
          ],
          [
            78.6461799,
            17.1840616
          ]
        ]
      }
    },
    {
      "type": "Feature",
      "id": "osm-way-1340954039",
      "properties": {
        "kind": "road",
        "name": null,
        "osm_id": "1340954039",
        "tags": {
          "highway": "residential"
        }
      },
      "geometry": {
        "type": "LineString",
        "coordinates": [
          [
            78.6464615,
            17.1849957
          ],
          [
            78.6466144,
            17.1846548
          ],
          [
            78.6467056,
            17.184478
          ],
          [
            78.6467673,
            17.1843535
          ]
        ]
      }
    },
    {
      "type": "Feature",
      "id": "osm-way-1340954040",
      "properties": {
        "kind": "road",
        "name": null,
        "osm_id": "1340954040",
        "tags": {
          "highway": "residential",
          "oneway": "yes"
        }
      },
      "geometry": {
        "type": "LineString",
        "coordinates": [
          [
            78.6461799,
            17.1840616
          ],
          [
            78.6462282,
            17.1841257
          ],
          [
            78.6463945,
            17.1841974
          ],
          [
            78.6466922,
            17.1843204
          ],
          [
            78.6467673,
            17.1843535
          ]
        ]
      }
    },
    {
      "type": "Feature",
      "id": "osm-way-1340954041",
      "properties": {
        "kind": "road",
        "name": null,
        "osm_id": "1340954041",
        "tags": {
          "highway": "residential"
        }
      },
      "geometry": {
        "type": "LineString",
        "coordinates": [
          [
            78.6467673,
            17.1843535
          ],
          [
            78.6468039,
            17.1842794
          ]
        ]
      }
    },
    {
      "type": "Feature",
      "id": "osm-way-1340954042",
      "properties": {
        "kind": "road",
        "name": null,
        "osm_id": "1340954042",
        "tags": {
          "highway": "residential"
        }
      },
      "geometry": {
        "type": "LineString",
        "coordinates": [
          [
            78.6467002,
            17.1854518
          ],
          [
            78.646837,
            17.1851315
          ],
          [
            78.6469524,
            17.184888
          ],
          [
            78.6470918,
            17.1845857
          ],
          [
            78.6471271,
            17.1845117
          ]
        ]
      }
    },
    {
      "type": "Feature",
      "id": "osm-way-1340954043",
      "properties": {
        "kind": "road",
        "name": null,
        "osm_id": "1340954043",
        "tags": {
          "highway": "residential",
          "oneway": "yes"
        }
      },
      "geometry": {
        "type": "LineString",
        "coordinates": [
          [
            78.6467673,
            17.1843535
          ],
          [
            78.6470945,
            17.1844973
          ],
          [
            78.6471271,
            17.1845117
          ]
        ]
      }
    },
    {
      "type": "Feature",
      "id": "osm-way-1340954044",
      "properties": {
        "kind": "road",
        "name": null,
        "osm_id": "1340954044",
        "tags": {
          "highway": "residential"
        }
      },
      "geometry": {
        "type": "LineString",
        "coordinates": [
          [
            78.6471271,
            17.1845117
          ],
          [
            78.6471604,
            17.1844417
          ]
        ]
      }
    },
    {
      "type": "Feature",
      "id": "osm-way-1340954045",
      "properties": {
        "kind": "road",
        "name": null,
        "osm_id": "1340954045",
        "tags": {
          "highway": "residential",
          "oneway": "yes"
        }
      },
      "geometry": {
        "type": "LineString",
        "coordinates": [
          [
            78.6471604,
            17.1844417
          ],
          [
            78.6468039,
            17.1842794
          ]
        ]
      }
    },
    {
      "type": "Feature",
      "id": "osm-way-1340954046",
      "properties": {
        "kind": "road",
        "name": null,
        "osm_id": "1340954046",
        "tags": {
          "highway": "residential"
        }
      },
      "geometry": {
        "type": "LineString",
        "coordinates": [
          [
            78.64691550741854,
            17.18580238311871
          ],
          [
            78.6470328,
            17.1855543
          ],
          [
            78.6471482,
            17.185298
          ],
          [
            78.6472662,
            17.1850623
          ],
          [
            78.6473681,
            17.1848317
          ],
          [
            78.6474534,
            17.1846562
          ]
        ]
      }
    },
    {
      "type": "Feature",
      "id": "osm-way-1340954047",
      "properties": {
        "kind": "road",
        "name": null,
        "osm_id": "1340954047",
        "tags": {
          "highway": "residential",
          "oneway": "yes"
        }
      },
      "geometry": {
        "type": "LineString",
        "coordinates": [
          [
            78.6474872,
            17.1845867
          ],
          [
            78.6472769,
            17.1844947
          ],
          [
            78.6471604,
            17.1844417
          ]
        ]
      }
    },
    {
      "type": "Feature",
      "id": "osm-way-1340954048",
      "properties": {
        "kind": "road",
        "name": null,
        "osm_id": "1340954048",
        "tags": {
          "highway": "residential",
          "oneway": "yes"
        }
      },
      "geometry": {
        "type": "LineString",
        "coordinates": [
          [
            78.6471271,
            17.1845117
          ],
          [
            78.6474534,
            17.1846562
          ]
        ]
      }
    },
    {
      "type": "Feature",
      "id": "osm-way-1340954049",
      "properties": {
        "kind": "road",
        "name": null,
        "osm_id": "1340954049",
        "tags": {
          "highway": "residential"
        }
      },
      "geometry": {
        "type": "LineString",
        "coordinates": [
          [
            78.6474534,
            17.1846562
          ],
          [
            78.6474872,
            17.1845867
          ]
        ]
      }
    },
    {
      "type": "Feature",
      "id": "osm-way-1340954050",
      "properties": {
        "kind": "road",
        "name": null,
        "osm_id": "1340954050",
        "tags": {
          "highway": "residential"
        }
      },
      "geometry": {
        "type": "LineString",
        "coordinates": [
          [
            78.6472447,
            17.1859489
          ],
          [
            78.6473306,
            17.1857721
          ],
          [
            78.6474432,
            17.185544
          ],
          [
            78.6475666,
            17.1852827
          ],
          [
            78.6476524,
            17.185093
          ],
          [
            78.6477409,
            17.1848829
          ],
          [
            78.6477814,
            17.1847995
          ]
        ]
      }
    },
    {
      "type": "Feature",
      "id": "osm-way-1340954051",
      "properties": {
        "kind": "road",
        "name": null,
        "osm_id": "1340954051",
        "tags": {
          "highway": "residential",
          "oneway": "yes"
        }
      },
      "geometry": {
        "type": "LineString",
        "coordinates": [
          [
            78.6478141,
            17.184732
          ],
          [
            78.6476927,
            17.1846766
          ],
          [
            78.6474872,
            17.1845867
          ]
        ]
      }
    },
    {
      "type": "Feature",
      "id": "osm-way-1340954052",
      "properties": {
        "kind": "road",
        "name": null,
        "osm_id": "1340954052",
        "tags": {
          "highway": "residential",
          "oneway": "yes"
        }
      },
      "geometry": {
        "type": "LineString",
        "coordinates": [
          [
            78.6474534,
            17.1846562
          ],
          [
            78.6474995,
            17.1846766
          ],
          [
            78.6477814,
            17.1847995
          ]
        ]
      }
    },
    {
      "type": "Feature",
      "id": "osm-way-1340954053",
      "properties": {
        "kind": "road",
        "name": null,
        "osm_id": "1340954053",
        "tags": {
          "highway": "residential"
        }
      },
      "geometry": {
        "type": "LineString",
        "coordinates": [
          [
            78.6477814,
            17.1847995
          ],
          [
            78.6478141,
            17.184732
          ]
        ]
      }
    },
    {
      "type": "Feature",
      "id": "osm-way-1340954054",
      "properties": {
        "kind": "road",
        "name": null,
        "osm_id": "1340954054",
        "tags": {
          "highway": "residential"
        }
      },
      "geometry": {
        "type": "LineString",
        "coordinates": [
          [
            78.6481554,
            17.1848809
          ],
          [
            78.6482345,
            17.1846958
          ],
          [
            78.6483471,
            17.184478
          ],
          [
            78.6485134,
            17.1841449
          ],
          [
            78.6486207,
            17.1838964
          ],
          [
            78.6487012,
            17.1837144
          ],
          [
            78.648779,
            17.1835581
          ],
          [
            78.6488165,
            17.183471
          ]
        ]
      }
    },
    {
      "type": "Feature",
      "id": "osm-way-1340954055",
      "properties": {
        "kind": "road",
        "name": null,
        "osm_id": "1340954055",
        "tags": {
          "highway": "residential",
          "oneway": "yes"
        }
      },
      "geometry": {
        "type": "LineString",
        "coordinates": [
          [
            78.6481554,
            17.1848809
          ],
          [
            78.6480413,
            17.1848355
          ],
          [
            78.6478141,
            17.184732
          ]
        ]
      }
    },
    {
      "type": "Feature",
      "id": "osm-way-1340954056",
      "properties": {
        "kind": "road",
        "name": null,
        "osm_id": "1340954056",
        "tags": {
          "highway": "residential"
        }
      },
      "geometry": {
        "type": "LineString",
        "coordinates": [
          [
            78.6481295,
            17.1849416
          ],
          [
            78.6481554,
            17.1848809
          ]
        ]
      }
    },
    {
      "type": "Feature",
      "id": "osm-way-1340954057",
      "properties": {
        "kind": "road",
        "name": null,
        "osm_id": "1340954057",
        "tags": {
          "highway": "residential",
          "oneway": "yes"
        }
      },
      "geometry": {
        "type": "LineString",
        "coordinates": [
          [
            78.6477814,
            17.1847995
          ],
          [
            78.6479287,
            17.1848637
          ],
          [
            78.6481295,
            17.1849416
          ]
        ]
      }
    },
    {
      "type": "Feature",
      "id": "osm-way-1340954058",
      "properties": {
        "kind": "road",
        "name": null,
        "osm_id": "1340954058",
        "tags": {
          "highway": "residential"
        }
      },
      "geometry": {
        "type": "LineString",
        "coordinates": [
          [
            78.6484961,
            17.1850165
          ],
          [
            78.6485617,
            17.1848803
          ],
          [
            78.6486958,
            17.1846062
          ],
          [
            78.6488406,
            17.1843115
          ],
          [
            78.6489721,
            17.1840245
          ],
          [
            78.6490686,
            17.1838169
          ],
          [
            78.6491571,
            17.1836427
          ]
        ]
      }
    },
    {
      "type": "Feature",
      "id": "osm-way-1340954059",
      "properties": {
        "kind": "road",
        "name": null,
        "osm_id": "1340954059",
        "tags": {
          "highway": "residential",
          "oneway": "yes"
        }
      },
      "geometry": {
        "type": "LineString",
        "coordinates": [
          [
            78.6484961,
            17.1850165
          ],
          [
            78.6481554,
            17.1848809
          ]
        ]
      }
    },
    {
      "type": "Feature",
      "id": "osm-way-1340954060",
      "properties": {
        "kind": "road",
        "name": null,
        "osm_id": "1340954060",
        "tags": {
          "highway": "residential"
        }
      },
      "geometry": {
        "type": "LineString",
        "coordinates": [
          [
            78.6484624,
            17.1850864
          ],
          [
            78.6484961,
            17.1850165
          ]
        ]
      }
    },
    {
      "type": "Feature",
      "id": "osm-way-1340954061",
      "properties": {
        "kind": "road",
        "name": null,
        "osm_id": "1340954061",
        "tags": {
          "highway": "residential",
          "oneway": "yes"
        }
      },
      "geometry": {
        "type": "LineString",
        "coordinates": [
          [
            78.6481295,
            17.1849416
          ],
          [
            78.648272,
            17.1849969
          ],
          [
            78.6484624,
            17.1850864
          ]
        ]
      }
    },
    {
      "type": "Feature",
      "id": "osm-way-1340954062",
      "properties": {
        "kind": "road",
        "name": null,
        "osm_id": "1340954062",
        "tags": {
          "highway": "residential"
        }
      },
      "geometry": {
        "type": "LineString",
        "coordinates": [
          [
            78.6484517,
            17.1860258
          ],
          [
            78.6485456,
            17.1857926
          ],
          [
            78.6486583,
            17.185562
          ],
          [
            78.6487575,
            17.1853416
          ],
          [
            78.6488065,
            17.1852424
          ]
        ]
      }
    },
    {
      "type": "Feature",
      "id": "osm-way-1340954063",
      "properties": {
        "kind": "road",
        "name": null,
        "osm_id": "1340954063",
        "tags": {
          "highway": "residential",
          "oneway": "yes"
        }
      },
      "geometry": {
        "type": "LineString",
        "coordinates": [
          [
            78.6484624,
            17.1850864
          ],
          [
            78.6486046,
            17.1851532
          ],
          [
            78.6488065,
            17.1852424
          ]
        ]
      }
    },
    {
      "type": "Feature",
      "id": "osm-way-1340954064",
      "properties": {
        "kind": "road",
        "name": null,
        "osm_id": "1340954064",
        "tags": {
          "highway": "residential"
        }
      },
      "geometry": {
        "type": "LineString",
        "coordinates": [
          [
            78.6488065,
            17.1852424
          ],
          [
            78.6488459,
            17.1851627
          ]
        ]
      }
    },
    {
      "type": "Feature",
      "id": "osm-way-1340954065",
      "properties": {
        "kind": "road",
        "name": null,
        "osm_id": "1340954065",
        "tags": {
          "highway": "residential",
          "oneway": "yes"
        }
      },
      "geometry": {
        "type": "LineString",
        "coordinates": [
          [
            78.6488459,
            17.1851627
          ],
          [
            78.6485563,
            17.1850405
          ],
          [
            78.6484961,
            17.1850165
          ]
        ]
      }
    },
    {
      "type": "Feature",
      "id": "osm-way-1340954066",
      "properties": {
        "kind": "road",
        "name": null,
        "osm_id": "1340954066",
        "tags": {
          "highway": "residential"
        }
      },
      "geometry": {
        "type": "LineString",
        "coordinates": [
          [
            78.649182,
            17.1853088
          ],
          [
            78.6492296,
            17.1852109
          ],
          [
            78.6493583,
            17.1849752
          ],
          [
            78.6494602,
            17.1847087
          ],
          [
            78.6494871,
            17.1846497
          ]
        ]
      }
    },
    {
      "type": "Feature",
      "id": "osm-way-1340954067",
      "properties": {
        "kind": "road",
        "name": null,
        "osm_id": "1340954067",
        "tags": {
          "highway": "residential",
          "oneway": "yes"
        }
      },
      "geometry": {
        "type": "LineString",
        "coordinates": [
          [
            78.649182,
            17.1853088
          ],
          [
            78.6490177,
            17.1852352
          ],
          [
            78.6488459,
            17.1851627
          ]
        ]
      }
    },
    {
      "type": "Feature",
      "id": "osm-way-1340954068",
      "properties": {
        "kind": "road",
        "name": null,
        "osm_id": "1340954068",
        "tags": {
          "highway": "residential"
        }
      },
      "geometry": {
        "type": "LineString",
        "coordinates": [
          [
            78.6491414,
            17.1853925
          ],
          [
            78.649182,
            17.1853088
          ]
        ]
      }
    },
    {
      "type": "Feature",
      "id": "osm-way-1340954069",
      "properties": {
        "kind": "road",
        "name": null,
        "osm_id": "1340954069",
        "tags": {
          "highway": "residential",
          "oneway": "yes"
        }
      },
      "geometry": {
        "type": "LineString",
        "coordinates": [
          [
            78.6488065,
            17.1852424
          ],
          [
            78.6491035,
            17.1853736
          ],
          [
            78.6491414,
            17.1853925
          ]
        ]
      }
    },
    {
      "type": "Feature",
      "id": "osm-way-1340954070",
      "properties": {
        "kind": "road",
        "name": null,
        "osm_id": "1340954070",
        "tags": {
          "highway": "primary",
          "oneway": "yes",
          "ref": "SH19",
          "source": "Yahoo hires"
        }
      },
      "geometry": {
        "type": "LineString",
        "coordinates": [
          [
            78.6560441,
            17.1720667
          ],
          [
            78.6550036,
            17.1743637
          ],
          [
            78.6545584,
            17.1752745
          ],
          [
            78.6541781,
            17.1760678
          ],
          [
            78.6538455,
            17.1768289
          ],
          [
            78.6531379,
            17.1783436
          ],
          [
            78.6527756,
            17.1791696
          ],
          [
            78.652022,
            17.1807849
          ],
          [
            78.65174,
            17.1814081
          ],
          [
            78.6514831,
            17.1819863
          ],
          [
            78.6512346,
            17.1825192
          ],
          [
            78.6510781,
            17.1828443
          ],
          [
            78.6508394,
            17.1833457
          ],
          [
            78.650607,
            17.1838655
          ],
          [
            78.6502204,
            17.1847301
          ],
          [
            78.6500691,
            17.185065
          ],
          [
            78.6498108,
            17.1855966
          ]
        ]
      }
    },
    {
      "type": "Feature",
      "id": "osm-way-1340954071",
      "properties": {
        "kind": "road",
        "name": null,
        "osm_id": "1340954071",
        "tags": {
          "highway": "primary",
          "oneway": "yes",
          "ref": "SH19",
          "source": "Yahoo hires"
        }
      },
      "geometry": {
        "type": "LineString",
        "coordinates": [
          [
            78.6498108,
            17.1855966
          ],
          [
            78.6497599,
            17.1857013
          ]
        ]
      }
    },
    {
      "type": "Feature",
      "id": "osm-way-1410839303",
      "properties": {
        "kind": "road",
        "name": null,
        "osm_id": "1410839303",
        "tags": {
          "highway": "residential",
          "source": "maxar"
        }
      },
      "geometry": {
        "type": "LineString",
        "coordinates": [
          [
            78.6533146,
            17.1838776
          ],
          [
            78.653188,
            17.1831398
          ],
          [
            78.6531769,
            17.1830779
          ],
          [
            78.653172,
            17.1830076
          ],
          [
            78.6531666,
            17.1828846
          ],
          [
            78.653163,
            17.1828017
          ],
          [
            78.6531449,
            17.1825535
          ],
          [
            78.6530875,
            17.1821159
          ]
        ]
      }
    },
    {
      "type": "Feature",
      "id": "osm-way-1410839304",
      "properties": {
        "kind": "road",
        "name": null,
        "osm_id": "1410839304",
        "tags": {
          "highway": "residential"
        }
      },
      "geometry": {
        "type": "LineString",
        "coordinates": [
          [
            78.6531666,
            17.1828846
          ],
          [
            78.6533499,
            17.1829931
          ],
          [
            78.6533697,
            17.183013
          ],
          [
            78.6533864,
            17.1830352
          ],
          [
            78.6535425,
            17.1833791
          ],
          [
            78.6535594,
            17.1834282
          ],
          [
            78.6535799,
            17.1834846
          ],
          [
            78.653604,
            17.1835517
          ],
          [
            78.6536613,
            17.1838094
          ]
        ]
      }
    },
    {
      "type": "Feature",
      "id": "osm-way-1465006627",
      "properties": {
        "kind": "road",
        "name": null,
        "osm_id": "1465006627",
        "tags": {
          "highway": "residential"
        }
      },
      "geometry": {
        "type": "LineString",
        "coordinates": [
          [
            78.6511303,
            17.1716538
          ],
          [
            78.65115,
            17.1717775
          ],
          [
            78.6511018,
            17.1720515
          ],
          [
            78.6511198,
            17.1722583
          ],
          [
            78.6511542,
            17.1725586
          ]
        ]
      }
    },
    {
      "type": "Feature",
      "id": "osm-way-1465006628",
      "properties": {
        "kind": "road",
        "name": null,
        "osm_id": "1465006628",
        "tags": {
          "highway": "residential"
        }
      },
      "geometry": {
        "type": "LineString",
        "coordinates": [
          [
            78.6506223,
            17.1725619
          ],
          [
            78.6506099,
            17.1727798
          ],
          [
            78.6505789,
            17.1729798
          ]
        ]
      }
    },
    {
      "type": "Feature",
      "id": "osm-way-1465006629",
      "properties": {
        "kind": "road",
        "name": null,
        "osm_id": "1465006629",
        "tags": {
          "highway": "unclassified"
        }
      },
      "geometry": {
        "type": "LineString",
        "coordinates": [
          [
            78.6522417,
            17.1721811
          ],
          [
            78.6526294,
            17.1721591
          ],
          [
            78.6528124,
            17.1721439
          ],
          [
            78.6530169,
            17.1721231
          ],
          [
            78.6533899,
            17.1720909
          ],
          [
            78.653852,
            17.1720345
          ]
        ]
      }
    },
    {
      "type": "Feature",
      "id": "osm-way-1465006630",
      "properties": {
        "kind": "road",
        "name": null,
        "osm_id": "1465006630",
        "tags": {
          "highway": "residential"
        }
      },
      "geometry": {
        "type": "LineString",
        "coordinates": [
          [
            78.6511226,
            17.1696741
          ],
          [
            78.6510003,
            17.1700008
          ],
          [
            78.650968,
            17.1704362
          ],
          [
            78.6509545,
            17.1706786
          ],
          [
            78.650933,
            17.1708562
          ],
          [
            78.6507738,
            17.171014
          ],
          [
            78.6506877,
            17.1710223
          ]
        ]
      }
    },
    {
      "type": "Feature",
      "id": "osm-way-1465006631",
      "properties": {
        "kind": "road",
        "name": null,
        "osm_id": "1465006631",
        "tags": {
          "highway": "residential"
        }
      },
      "geometry": {
        "type": "LineString",
        "coordinates": [
          [
            78.6500492,
            17.1719253
          ],
          [
            78.6500266,
            17.1714908
          ]
        ]
      }
    },
    {
      "type": "Feature",
      "id": "osm-way-241610642",
      "properties": {
        "kind": "road",
        "name": null,
        "osm_id": "241610642",
        "tags": {
          "highway": "residential"
        }
      },
      "geometry": {
        "type": "LineString",
        "coordinates": [
          [
            78.6863917,
            17.1641529
          ],
          [
            78.6860545,
            17.1639836
          ],
          [
            78.685897,
            17.1637485
          ],
          [
            78.6854886,
            17.1634429
          ],
          [
            78.685336,
            17.163283
          ],
          [
            78.6851883,
            17.1629115
          ],
          [
            78.6849669,
            17.1624506
          ],
          [
            78.6847552,
            17.1619569
          ],
          [
            78.6844895,
            17.1614725
          ],
          [
            78.6842778,
            17.1610963
          ]
        ]
      }
    },
    {
      "type": "Feature",
      "id": "osm-way-241610662",
      "properties": {
        "kind": "road",
        "name": null,
        "osm_id": "241610662",
        "tags": {
          "highway": "residential"
        }
      },
      "geometry": {
        "type": "LineString",
        "coordinates": [
          [
            78.6761368,
            17.1739224
          ],
          [
            78.6769452,
            17.1737378
          ],
          [
            78.6772774,
            17.1736837
          ],
          [
            78.6775235,
            17.1736532
          ],
          [
            78.6777228,
            17.1736485
          ],
          [
            78.6779172,
            17.1737214
          ],
          [
            78.6780944,
            17.1737731
          ],
          [
            78.6782783,
            17.1738379
          ],
          [
            78.678199,
            17.173913
          ],
          [
            78.6781621,
            17.1740752
          ],
          [
            78.6781368,
            17.1742585
          ],
          [
            78.6780735,
            17.174717
          ]
        ]
      }
    },
    {
      "type": "Feature",
      "id": "osm-way-241610670",
      "properties": {
        "kind": "road",
        "name": null,
        "osm_id": "241610670",
        "tags": {
          "highway": "residential"
        }
      },
      "geometry": {
        "type": "LineString",
        "coordinates": [
          [
            78.6792875,
            17.1743183
          ],
          [
            78.6790135,
            17.1747853
          ],
          [
            78.6789824,
            17.175007
          ],
          [
            78.6789682,
            17.1751078
          ],
          [
            78.679017,
            17.1753871
          ],
          [
            78.6790518,
            17.1755833
          ],
          [
            78.6790796,
            17.175836
          ],
          [
            78.6791248,
            17.1758659
          ],
          [
            78.6793998,
            17.1758343
          ],
          [
            78.6794416,
            17.1758265
          ],
          [
            78.6795772,
            17.1758011
          ],
          [
            78.6796851,
            17.1757379
          ],
          [
            78.6798174,
            17.1757312
          ],
          [
            78.6798765,
            17.1757695
          ]
        ]
      }
    },
    {
      "type": "Feature",
      "id": "osm-way-241610685",
      "properties": {
        "kind": "road",
        "name": null,
        "osm_id": "241610685",
        "tags": {
          "highway": "residential"
        }
      },
      "geometry": {
        "type": "LineString",
        "coordinates": [
          [
            78.6873844,
            17.1653973
          ],
          [
            78.6874296,
            17.1650941
          ],
          [
            78.6874197,
            17.1649295
          ],
          [
            78.6874394,
            17.1648496
          ],
          [
            78.6875133,
            17.1647791
          ],
          [
            78.6876609,
            17.1647603
          ],
          [
            78.6877544,
            17.1647556
          ],
          [
            78.6878676,
            17.1649248
          ],
          [
            78.6879562,
            17.1649484
          ],
          [
            78.68795783347596,
            17.164953076550475
          ]
        ]
      }
    },
    {
      "type": "Feature",
      "id": "osm-way-241610715",
      "properties": {
        "kind": "road",
        "name": null,
        "osm_id": "241610715",
        "tags": {
          "highway": "residential"
        }
      },
      "geometry": {
        "type": "LineString",
        "coordinates": [
          [
            78.6781368,
            17.1742585
          ],
          [
            78.6785041,
            17.1743009
          ]
        ]
      }
    },
    {
      "type": "Feature",
      "id": "osm-way-241610756",
      "properties": {
        "kind": "road",
        "name": null,
        "osm_id": "241610756",
        "tags": {
          "highway": "residential"
        }
      },
      "geometry": {
        "type": "LineString",
        "coordinates": [
          [
            78.6866402,
            17.163457
          ],
          [
            78.6870733,
            17.1632101
          ],
          [
            78.6873046,
            17.1632101
          ]
        ]
      }
    },
    {
      "type": "Feature",
      "id": "osm-way-241610768",
      "properties": {
        "kind": "road",
        "name": null,
        "osm_id": "241610768",
        "tags": {
          "highway": "unclassified"
        }
      },
      "geometry": {
        "type": "LineString",
        "coordinates": [
          [
            78.6872166,
            17.1662833
          ],
          [
            78.6871687,
            17.16595
          ],
          [
            78.6870654,
            17.1654703
          ]
        ]
      }
    },
    {
      "type": "Feature",
      "id": "osm-way-241610773",
      "properties": {
        "kind": "road",
        "name": null,
        "osm_id": "241610773",
        "tags": {
          "highway": "residential"
        }
      },
      "geometry": {
        "type": "LineString",
        "coordinates": [
          [
            78.6801065,
            17.1763837
          ],
          [
            78.6800749,
            17.1759224
          ],
          [
            78.6798765,
            17.1757695
          ]
        ]
      }
    },
    {
      "type": "Feature",
      "id": "osm-way-241610779",
      "properties": {
        "kind": "road",
        "name": null,
        "osm_id": "241610779",
        "tags": {
          "highway": "unclassified"
        }
      },
      "geometry": {
        "type": "LineString",
        "coordinates": [
          [
            78.6868538,
            17.1667447
          ],
          [
            78.687218,
            17.1667023
          ],
          [
            78.6876331,
            17.1665796
          ]
        ]
      }
    },
    {
      "type": "Feature",
      "id": "osm-way-241610782",
      "properties": {
        "kind": "road",
        "name": null,
        "osm_id": "241610782",
        "tags": {
          "highway": "unclassified"
        }
      },
      "geometry": {
        "type": "LineString",
        "coordinates": [
          [
            78.67968,
            17.1744995
          ],
          [
            78.6798209,
            17.1743763
          ],
          [
            78.680061,
            17.1743265
          ],
          [
            78.6801828,
            17.1743032
          ],
          [
            78.6803429,
            17.1743032
          ],
          [
            78.6804821,
            17.1742899
          ],
          [
            78.680583,
            17.1742101
          ],
          [
            78.6806422,
            17.1740937
          ],
          [
            78.6806944,
            17.1738975
          ],
          [
            78.6807396,
            17.1737479
          ],
          [
            78.680757,
            17.1736016
          ],
          [
            78.6807674,
            17.1735218
          ],
          [
            78.6808179,
            17.1734487
          ],
          [
            78.680891,
            17.1734187
          ],
          [
            78.6810163,
            17.1734387
          ],
          [
            78.6811346,
            17.1734653
          ],
          [
            78.6814374,
            17.1735883
          ],
          [
            78.6818724,
            17.1736881
          ]
        ]
      }
    },
    {
      "type": "Feature",
      "id": "osm-way-241610784",
      "properties": {
        "kind": "road",
        "name": null,
        "osm_id": "241610784",
        "tags": {
          "highway": "residential"
        }
      },
      "geometry": {
        "type": "LineString",
        "coordinates": [
          [
            78.68767771864393,
            17.166740002150174
          ],
          [
            78.6876331,
            17.1665796
          ],
          [
            78.6876147,
            17.1665135
          ],
          [
            78.6875409,
            17.1661844
          ],
          [
            78.6874867,
            17.1657423
          ],
          [
            78.6874375,
            17.1655213
          ],
          [
            78.6873844,
            17.1653973
          ],
          [
            78.6873489,
            17.1653144
          ],
          [
            78.687248,
            17.1651404
          ],
          [
            78.6870118,
            17.1648207
          ],
          [
            78.6867116,
            17.1645103
          ],
          [
            78.6863917,
            17.1641529
          ],
          [
            78.6863892,
            17.1639883
          ],
          [
            78.6864187,
            17.1638332
          ],
          [
            78.6864827,
            17.163678
          ],
          [
            78.6865762,
            17.1635369
          ],
          [
            78.6866402,
            17.163457
          ],
          [
            78.6866944,
            17.1632642
          ],
          [
            78.6867534,
            17.1630149
          ],
          [
            78.6868765,
            17.1625964
          ],
          [
            78.6869207,
            17.1624835
          ],
          [
            78.686965,
            17.162366
          ],
          [
            78.6871717,
            17.1623566
          ],
          [
            78.6874818,
            17.162366
          ],
          [
            78.6875038,
            17.1623634
          ],
          [
            78.687723,
            17.1623378
          ],
          [
            78.6878952,
            17.162319
          ],
          [
            78.6880921,
            17.1622907
          ],
          [
            78.6881265,
            17.1625682
          ],
          [
            78.68813356679927,
            17.162628931427154
          ]
        ]
      }
    },
    {
      "type": "Feature",
      "id": "osm-way-241610797",
      "properties": {
        "kind": "road",
        "name": null,
        "osm_id": "241610797",
        "tags": {
          "highway": "unclassified"
        }
      },
      "geometry": {
        "type": "LineString",
        "coordinates": [
          [
            78.6867652,
            17.1663873
          ],
          [
            78.6868538,
            17.1667447
          ],
          [
            78.6869374,
            17.1671632
          ],
          [
            78.68762290413878,
            17.16701513795678
          ]
        ]
      }
    },
    {
      "type": "Feature",
      "id": "osm-way-241610812",
      "properties": {
        "kind": "road",
        "name": null,
        "osm_id": "241610812",
        "tags": {
          "highway": "unclassified"
        }
      },
      "geometry": {
        "type": "LineString",
        "coordinates": [
          [
            78.6865732,
            17.1664061
          ],
          [
            78.6864994,
            17.1659829
          ],
          [
            78.6864157,
            17.1659359
          ],
          [
            78.6862287,
            17.1659217
          ]
        ]
      }
    },
    {
      "type": "Feature",
      "id": "osm-way-241610817",
      "properties": {
        "kind": "road",
        "name": null,
        "osm_id": "241610817",
        "tags": {
          "highway": "residential"
        }
      },
      "geometry": {
        "type": "LineString",
        "coordinates": [
          [
            78.6798814,
            17.1760936
          ],
          [
            78.6794276,
            17.1761136
          ],
          [
            78.6791457,
            17.1761302
          ],
          [
            78.6789717,
            17.1761402
          ]
        ]
      }
    },
    {
      "type": "Feature",
      "id": "osm-way-241610821",
      "properties": {
        "kind": "road",
        "name": null,
        "osm_id": "241610821",
        "tags": {
          "highway": "residential"
        }
      },
      "geometry": {
        "type": "LineString",
        "coordinates": [
          [
            78.6781722,
            17.1736876
          ],
          [
            78.6783885,
            17.1736579
          ],
          [
            78.6791119,
            17.1737778
          ],
          [
            78.6794712,
            17.1738507
          ]
        ]
      }
    },
    {
      "type": "Feature",
      "id": "osm-way-241610867",
      "properties": {
        "kind": "road",
        "name": null,
        "osm_id": "241610867",
        "tags": {
          "highway": "unclassified"
        }
      },
      "geometry": {
        "type": "LineString",
        "coordinates": [
          [
            78.6875409,
            17.1661844
          ],
          [
            78.6874591,
            17.1662274
          ],
          [
            78.6872166,
            17.1662833
          ],
          [
            78.6867652,
            17.1663873
          ],
          [
            78.6865732,
            17.1664061
          ],
          [
            78.6860811,
            17.1665048
          ]
        ]
      }
    },
    {
      "type": "Feature",
      "id": "osm-way-241610889",
      "properties": {
        "kind": "road",
        "name": null,
        "osm_id": "241610889",
        "tags": {
          "highway": "residential"
        }
      },
      "geometry": {
        "type": "LineString",
        "coordinates": [
          [
            78.6875038,
            17.1623634
          ],
          [
            78.6875164,
            17.1624498
          ],
          [
            78.6875477,
            17.1624964
          ],
          [
            78.6875529,
            17.1625596
          ],
          [
            78.687539,
            17.1626227
          ],
          [
            78.6875181,
            17.162656
          ],
          [
            78.6875198,
            17.1627458
          ]
        ]
      }
    },
    {
      "type": "Feature",
      "id": "osm-way-241610911",
      "properties": {
        "kind": "road",
        "name": null,
        "osm_id": "241610911",
        "tags": {
          "highway": "residential"
        }
      },
      "geometry": {
        "type": "LineString",
        "coordinates": [
          [
            78.6869207,
            17.1624835
          ],
          [
            78.6870918,
            17.1624947
          ],
          [
            78.6872641,
            17.1624997
          ],
          [
            78.6872675,
            17.1626992
          ],
          [
            78.6872832,
            17.162804
          ],
          [
            78.6873458,
            17.1629087
          ],
          [
            78.687412,
            17.162927
          ],
          [
            78.687539,
            17.1629104
          ]
        ]
      }
    },
    {
      "type": "Feature",
      "id": "osm-way-241610916",
      "properties": {
        "kind": "road",
        "name": null,
        "osm_id": "241610916",
        "tags": {
          "highway": "residential"
        }
      },
      "geometry": {
        "type": "LineString",
        "coordinates": [
          [
            78.6807245,
            17.175534
          ],
          [
            78.6802594,
            17.1755667
          ],
          [
            78.680242,
            17.1754669
          ],
          [
            78.6802315,
            17.1751377
          ],
          [
            78.680242,
            17.1750945
          ],
          [
            78.6802698,
            17.1750546
          ],
          [
            78.6802698,
            17.1749615
          ],
          [
            78.6802602,
            17.1749334
          ]
        ]
      }
    },
    {
      "type": "Feature",
      "id": "osm-way-241610927",
      "properties": {
        "kind": "road",
        "name": null,
        "osm_id": "241610927",
        "tags": {
          "highway": "residential"
        }
      },
      "geometry": {
        "type": "LineString",
        "coordinates": [
          [
            78.6800566,
            17.1747838
          ],
          [
            78.679974,
            17.1748584
          ],
          [
            78.679974,
            17.1749682
          ],
          [
            78.6799183,
            17.1751111
          ],
          [
            78.6799496,
            17.1755035
          ],
          [
            78.67988,
            17.1755833
          ],
          [
            78.6798765,
            17.1757695
          ],
          [
            78.6798814,
            17.1760936
          ],
          [
            78.6799072,
            17.1764284
          ]
        ]
      }
    },
    {
      "type": "Feature",
      "id": "osm-way-265788700",
      "properties": {
        "kind": "road",
        "name": null,
        "osm_id": "265788700",
        "tags": {
          "highway": "residential"
        }
      },
      "geometry": {
        "type": "LineString",
        "coordinates": [
          [
            78.6442926,
            17.1831337
          ],
          [
            78.6443563,
            17.1833316
          ],
          [
            78.6445262,
            17.1839252
          ],
          [
            78.6445367,
            17.1839569
          ],
          [
            78.6446197,
            17.1842084
          ],
          [
            78.64475326644119,
            17.18461271811875
          ]
        ]
      }
    },
    {
      "type": "Feature",
      "id": "osm-way-265788712",
      "properties": {
        "kind": "road",
        "name": null,
        "osm_id": "265788712",
        "tags": {
          "highway": "residential"
        }
      },
      "geometry": {
        "type": "LineString",
        "coordinates": [
          [
            78.65123904606727,
            17.18752484675888
          ],
          [
            78.6513141,
            17.1875133
          ],
          [
            78.6516856,
            17.1874681
          ],
          [
            78.6518533,
            17.1874476
          ],
          [
            78.6518964,
            17.1874429
          ],
          [
            78.6522352,
            17.1874055
          ],
          [
            78.6525485,
            17.1873636
          ],
          [
            78.652605,
            17.1873561
          ],
          [
            78.6526507,
            17.1873505
          ]
        ]
      }
    },
    {
      "type": "Feature",
      "id": "osm-way-284973780",
      "properties": {
        "kind": "road",
        "name": null,
        "osm_id": "284973780",
        "tags": {
          "highway": "tertiary"
        }
      },
      "geometry": {
        "type": "LineString",
        "coordinates": [
          [
            78.6521097,
            17.1808169
          ],
          [
            78.652022,
            17.1807849
          ],
          [
            78.6518932,
            17.1807368
          ],
          [
            78.6504126,
            17.1802478
          ],
          [
            78.6496852,
            17.1800018
          ],
          [
            78.6490501,
            17.1798255
          ],
          [
            78.6481817,
            17.1796105
          ],
          [
            78.6479016,
            17.179558
          ],
          [
            78.6475067,
            17.1795498
          ],
          [
            78.6443712,
            17.1798281
          ],
          [
            78.6440703,
            17.1798486
          ],
          [
            78.6436631,
            17.1799408
          ],
          [
            78.6411837,
            17.1809761
          ],
          [
            78.6407792,
            17.181115
          ],
          [
            78.64029098033325,
            17.181253009237942
          ]
        ]
      }
    },
    {
      "type": "Feature",
      "id": "osm-way-284973784",
      "properties": {
        "kind": "road",
        "name": null,
        "osm_id": "284973784",
        "tags": {
          "highway": "tertiary"
        }
      },
      "geometry": {
        "type": "LineString",
        "coordinates": [
          [
            78.63617668596757,
            17.176467155173917
          ],
          [
            78.6361025,
            17.1760037
          ],
          [
            78.6360043,
            17.1755819
          ],
          [
            78.6358531,
            17.1752334
          ],
          [
            78.635695,
            17.1749258
          ],
          [
            78.6356492,
            17.1748367
          ],
          [
            78.6348649,
            17.1738281
          ],
          [
            78.6346965,
            17.1735031
          ],
          [
            78.6331945,
            17.1700564
          ]
        ]
      }
    },
    {
      "type": "Feature",
      "id": "osm-way-303999979",
      "properties": {
        "kind": "road",
        "name": null,
        "osm_id": "303999979",
        "tags": {
          "highway": "unclassified"
        }
      },
      "geometry": {
        "type": "LineString",
        "coordinates": [
          [
            78.6584277,
            17.1670218
          ],
          [
            78.6587735,
            17.167028
          ],
          [
            78.6593689,
            17.1670075
          ],
          [
            78.6602273,
            17.1670075
          ],
          [
            78.6608763,
            17.166987
          ],
          [
            78.6614128,
            17.166946
          ],
          [
            78.6618741,
            17.1668794
          ],
          [
            78.6624267,
            17.1669101
          ],
          [
            78.6629685,
            17.1669563
          ],
          [
            78.6635103,
            17.167028
          ],
          [
            78.6638321,
            17.1671152
          ],
          [
            78.663862,
            17.1671753
          ],
          [
            78.6638804,
            17.1672125
          ],
          [
            78.6639287,
            17.167274
          ],
          [
            78.6639931,
            17.1673099
          ],
          [
            78.6642559,
            17.1674483
          ],
          [
            78.6644115,
            17.1675662
          ]
        ]
      }
    },
    {
      "type": "Feature",
      "id": "osm-way-303999980",
      "properties": {
        "kind": "road",
        "name": null,
        "osm_id": "303999980",
        "tags": {
          "highway": "unclassified"
        }
      },
      "geometry": {
        "type": "LineString",
        "coordinates": [
          [
            78.663862,
            17.1671753
          ],
          [
            78.6640306,
            17.1670024
          ],
          [
            78.6641433,
            17.1668128
          ],
          [
            78.6644276,
            17.1664899
          ],
          [
            78.6647173,
            17.1662746
          ],
          [
            78.6647977,
            17.1661003
          ],
          [
            78.6648782,
            17.1660337
          ],
          [
            78.6651464,
            17.1658543
          ],
          [
            78.6656185,
            17.1655724
          ],
          [
            78.6657365,
            17.165516
          ]
        ]
      }
    },
    {
      "type": "Feature",
      "id": "osm-way-303999981",
      "properties": {
        "kind": "road",
        "name": null,
        "osm_id": "303999981",
        "tags": {
          "highway": "unclassified"
        }
      },
      "geometry": {
        "type": "LineString",
        "coordinates": [
          [
            78.6644115,
            17.1675662
          ],
          [
            78.664492,
            17.1675841
          ],
          [
            78.6645832,
            17.1676482
          ],
          [
            78.6647414,
            17.1677635
          ],
          [
            78.6648487,
            17.1678532
          ],
          [
            78.6649479,
            17.1679275
          ],
          [
            78.6650499,
            17.167884
          ],
          [
            78.6651116,
            17.1677763
          ],
          [
            78.6652564,
            17.1676046
          ],
          [
            78.6653717,
            17.1674637
          ],
          [
            78.6655246,
            17.1673048
          ],
          [
            78.6656802,
            17.1672049
          ]
        ]
      }
    },
    {
      "type": "Feature",
      "id": "osm-way-303999982",
      "properties": {
        "kind": "road",
        "name": null,
        "osm_id": "303999982",
        "tags": {
          "highway": "unclassified"
        }
      },
      "geometry": {
        "type": "LineString",
        "coordinates": [
          [
            78.6656802,
            17.1672049
          ],
          [
            78.6658009,
            17.1671331
          ],
          [
            78.6659028,
            17.1670742
          ],
          [
            78.6662354,
            17.1668896
          ],
          [
            78.6663829,
            17.1668076
          ],
          [
            78.6664929,
            17.1667615
          ],
          [
            78.6664768,
            17.1666564
          ],
          [
            78.6663722,
            17.1664822
          ],
          [
            78.6662676,
            17.1663284
          ]
        ]
      }
    },
    {
      "type": "Feature",
      "id": "osm-way-303999983",
      "properties": {
        "kind": "road",
        "name": null,
        "osm_id": "303999983",
        "tags": {
          "highway": "unclassified"
        }
      },
      "geometry": {
        "type": "LineString",
        "coordinates": [
          [
            78.6662676,
            17.1663284
          ],
          [
            78.6661844,
            17.1662003
          ],
          [
            78.6660557,
            17.1660004
          ],
          [
            78.6658679,
            17.1657364
          ],
          [
            78.6657365,
            17.165516
          ]
        ]
      }
    },
    {
      "type": "Feature",
      "id": "osm-way-304000559",
      "properties": {
        "kind": "road",
        "name": null,
        "osm_id": "304000559",
        "tags": {
          "highway": "residential",
          "surface": "unpaved"
        }
      },
      "geometry": {
        "type": "LineString",
        "coordinates": [
          [
            78.6657425,
            17.1769656
          ],
          [
            78.6657738,
            17.1772232
          ],
          [
            78.6658596,
            17.1776845
          ],
          [
            78.6659615,
            17.1781304
          ],
          [
            78.6660527,
            17.178607
          ],
          [
            78.666101,
            17.1790324
          ],
          [
            78.6661225,
            17.179099
          ],
          [
            78.6661708,
            17.1795039
          ]
        ]
      }
    },
    {
      "type": "Feature",
      "id": "osm-way-304000560",
      "properties": {
        "kind": "road",
        "name": null,
        "osm_id": "304000560",
        "tags": {
          "highway": "residential",
          "surface": "unpaved"
        }
      },
      "geometry": {
        "type": "LineString",
        "coordinates": [
          [
            78.6654197,
            17.1791913
          ],
          [
            78.6655807,
            17.1791503
          ],
          [
            78.6658596,
            17.179099
          ],
          [
            78.6661225,
            17.179099
          ],
          [
            78.666278,
            17.1790478
          ],
          [
            78.6665999,
            17.1790119
          ],
          [
            78.666954,
            17.1789607
          ],
          [
            78.6670773,
            17.1789299
          ],
          [
            78.667223,
            17.1789241
          ],
          [
            78.6673402,
            17.1791913
          ],
          [
            78.6674153,
            17.1794988
          ],
          [
            78.6674529,
            17.179714
          ]
        ]
      }
    },
    {
      "type": "Feature",
      "id": "osm-way-304000561",
      "properties": {
        "kind": "road",
        "name": null,
        "osm_id": "304000561",
        "tags": {
          "highway": "residential",
          "surface": "unpaved"
        }
      },
      "geometry": {
        "type": "LineString",
        "coordinates": [
          [
            78.6674529,
            17.179714
          ],
          [
            78.6670505,
            17.1797909
          ],
          [
            78.6667126,
            17.1798575
          ],
          [
            78.6667769,
            17.1802522
          ],
          [
            78.666911,
            17.1810209
          ]
        ]
      }
    },
    {
      "type": "Feature",
      "id": "osm-way-304000562",
      "properties": {
        "kind": "road",
        "name": null,
        "osm_id": "304000562",
        "tags": {
          "highway": "residential",
          "surface": "unpaved"
        }
      },
      "geometry": {
        "type": "LineString",
        "coordinates": [
          [
            78.6651086,
            17.1808159
          ],
          [
            78.6655813,
            17.1808482
          ],
          [
            78.6656343,
            17.1808518
          ],
          [
            78.6660849,
            17.1809031
          ],
          [
            78.6664185,
            17.1809539
          ],
          [
            78.6664551,
            17.1809594
          ],
          [
            78.666911,
            17.1810209
          ],
          [
            78.6672973,
            17.1810363
          ],
          [
            78.6675387,
            17.1810722
          ],
          [
            78.6677211,
            17.1812669
          ],
          [
            78.6677854,
            17.1814412
          ],
          [
            78.6679303,
            17.1815078
          ],
          [
            78.6681288,
            17.1815642
          ]
        ]
      }
    },
    {
      "type": "Feature",
      "id": "osm-way-304000563",
      "properties": {
        "kind": "road",
        "name": null,
        "osm_id": "304000563",
        "tags": {
          "highway": "residential",
          "surface": "unpaved"
        }
      },
      "geometry": {
        "type": "LineString",
        "coordinates": [
          [
            78.6664185,
            17.1809539
          ],
          [
            78.6663478,
            17.1804931
          ],
          [
            78.6662512,
            17.1800728
          ],
          [
            78.6661708,
            17.1795039
          ]
        ]
      }
    },
    {
      "type": "Feature",
      "id": "osm-way-304000564",
      "properties": {
        "kind": "road",
        "name": null,
        "osm_id": "304000564",
        "tags": {
          "highway": "residential",
          "surface": "unpaved"
        }
      },
      "geometry": {
        "type": "LineString",
        "coordinates": [
          [
            78.6654197,
            17.1791913
          ],
          [
            78.6654412,
            17.1794168
          ],
          [
            78.6654787,
            17.1798217
          ],
          [
            78.6655324,
            17.1804367
          ],
          [
            78.6655813,
            17.1808482
          ]
        ]
      }
    },
    {
      "type": "Feature",
      "id": "osm-way-304000565",
      "properties": {
        "kind": "road",
        "name": null,
        "osm_id": "304000565",
        "tags": {
          "highway": "residential",
          "surface": "unpaved"
        }
      },
      "geometry": {
        "type": "LineString",
        "coordinates": [
          [
            78.6665999,
            17.1790119
          ],
          [
            78.6666536,
            17.1793297
          ],
          [
            78.6667126,
            17.1798575
          ]
        ]
      }
    },
    {
      "type": "Feature",
      "id": "osm-way-304000566",
      "properties": {
        "kind": "road",
        "name": null,
        "osm_id": "304000566",
        "tags": {
          "highway": "residential",
          "surface": "unpaved"
        }
      },
      "geometry": {
        "type": "LineString",
        "coordinates": [
          [
            78.666911,
            17.1785148
          ],
          [
            78.666954,
            17.1789607
          ],
          [
            78.6670505,
            17.1797909
          ],
          [
            78.6672973,
            17.1810363
          ]
        ]
      }
    },
    {
      "type": "Feature",
      "id": "osm-way-304000874",
      "properties": {
        "kind": "road",
        "name": null,
        "osm_id": "304000874",
        "tags": {
          "highway": "tertiary"
        }
      },
      "geometry": {
        "type": "LineString",
        "coordinates": [
          [
            78.6694658,
            17.1750983
          ],
          [
            78.6695289,
            17.1751373
          ],
          [
            78.6696791,
            17.1758343
          ],
          [
            78.6697005,
            17.1762341
          ],
          [
            78.6696898,
            17.1766851
          ],
          [
            78.6697059,
            17.1774026
          ]
        ]
      }
    },
    {
      "type": "Feature",
      "id": "osm-way-304000876",
      "properties": {
        "kind": "road",
        "name": null,
        "osm_id": "304000876",
        "tags": {
          "highway": "tertiary"
        }
      },
      "geometry": {
        "type": "LineString",
        "coordinates": [
          [
            78.6697059,
            17.1774026
          ],
          [
            78.6698507,
            17.1780484
          ],
          [
            78.6699527,
            17.1786122
          ],
          [
            78.6701351,
            17.1792374
          ],
          [
            78.6703872,
            17.1801189
          ],
          [
            78.6706018,
            17.1807544
          ]
        ]
      }
    },
    {
      "type": "Feature",
      "id": "osm-way-304000878",
      "properties": {
        "kind": "road",
        "name": null,
        "osm_id": "304000878",
        "tags": {
          "highway": "tertiary"
        }
      },
      "geometry": {
        "type": "LineString",
        "coordinates": [
          [
            78.6706018,
            17.1807544
          ],
          [
            78.6707144,
            17.1811081
          ],
          [
            78.670811,
            17.1814566
          ],
          [
            78.670811,
            17.1817231
          ],
          [
            78.6707359,
            17.1822663
          ],
          [
            78.6707198,
            17.1825123
          ],
          [
            78.6708271,
            17.1825636
          ],
          [
            78.6712938,
            17.1825892
          ],
          [
            78.6713528,
            17.1826866
          ]
        ]
      }
    },
    {
      "type": "Feature",
      "id": "osm-way-304000879",
      "properties": {
        "kind": "road",
        "name": null,
        "osm_id": "304000879",
        "tags": {
          "highway": "tertiary"
        }
      },
      "geometry": {
        "type": "LineString",
        "coordinates": [
          [
            78.6713528,
            17.1826866
          ],
          [
            78.6713421,
            17.1829172
          ],
          [
            78.6713152,
            17.1831939
          ],
          [
            78.6712509,
            17.1836296
          ],
          [
            78.6712455,
            17.1838089
          ],
          [
            78.6716049,
            17.1840191
          ],
          [
            78.6719214,
            17.1841882
          ],
          [
            78.672313,
            17.1844137
          ],
          [
            78.6724739,
            17.1844906
          ],
          [
            78.6728012,
            17.1845008
          ],
          [
            78.6733966,
            17.1845213
          ],
          [
            78.6738365,
            17.1845367
          ],
          [
            78.6745446,
            17.1845879
          ],
          [
            78.67506369350636,
            17.184613355976367
          ]
        ]
      }
    },
    {
      "type": "Feature",
      "id": "osm-way-304000881",
      "properties": {
        "kind": "road",
        "name": null,
        "osm_id": "304000881",
        "tags": {
          "highway": "unclassified"
        }
      },
      "geometry": {
        "type": "LineString",
        "coordinates": [
          [
            78.6818724,
            17.1736881
          ],
          [
            78.6823284,
            17.1738009
          ],
          [
            78.6824357,
            17.1738829
          ],
          [
            78.6826824,
            17.1740674
          ],
          [
            78.6835729,
            17.1745902
          ],
          [
            78.6844205,
            17.1748772
          ],
          [
            78.68459975598016,
            17.174938051183844
          ]
        ]
      }
    },
    {
      "type": "Feature",
      "id": "osm-way-393398891",
      "properties": {
        "kind": "road",
        "name": null,
        "osm_id": "393398891",
        "tags": {
          "highway": "secondary"
        }
      },
      "geometry": {
        "type": "LineString",
        "coordinates": [
          [
            78.6768335,
            17.1714212
          ],
          [
            78.6772506,
            17.1711667
          ],
          [
            78.677522,
            17.1709872
          ],
          [
            78.6779466,
            17.1707079
          ],
          [
            78.6783137,
            17.1704618
          ],
          [
            78.6786478,
            17.1702623
          ],
          [
            78.6789297,
            17.1700628
          ],
          [
            78.6791385,
            17.1699365
          ],
          [
            78.679309,
            17.1698367
          ],
          [
            78.6795353,
            17.169727
          ],
          [
            78.679845,
            17.1696306
          ],
          [
            78.6809047,
            17.1692615
          ],
          [
            78.681277,
            17.1691185
          ],
          [
            78.6815311,
            17.1690121
          ],
          [
            78.681893,
            17.1688941
          ],
          [
            78.6823072,
            17.1687544
          ],
          [
            78.6825751,
            17.1686613
          ],
          [
            78.6830484,
            17.1684518
          ],
          [
            78.6838262,
            17.1681493
          ],
          [
            78.6841499,
            17.1680429
          ],
          [
            78.6848877,
            17.1678168
          ],
          [
            78.6853853,
            17.1677203
          ],
          [
            78.6862101,
            17.167594
          ],
          [
            78.6868209,
            17.1675025
          ],
          [
            78.6873951,
            17.1674227
          ],
          [
            78.68753934353593,
            17.16741008240652
          ]
        ]
      }
    },
    {
      "type": "Feature",
      "id": "osm-way-416674114",
      "properties": {
        "kind": "road",
        "name": null,
        "osm_id": "416674114",
        "tags": {
          "highway": "residential"
        }
      },
      "geometry": {
        "type": "LineString",
        "coordinates": [
          [
            78.6526507,
            17.1873505
          ],
          [
            78.652766,
            17.187215
          ],
          [
            78.6529536,
            17.1871903
          ],
          [
            78.6532733,
            17.1871388
          ],
          [
            78.653615,
            17.1871024
          ],
          [
            78.6538533,
            17.1870694
          ],
          [
            78.6538766,
            17.1870552
          ],
          [
            78.6549671,
            17.1869252
          ]
        ]
      }
    },
    {
      "type": "Feature",
      "id": "osm-way-435599209",
      "properties": {
        "kind": "road",
        "name": null,
        "osm_id": "435599209",
        "tags": {
          "highway": "unclassified"
        }
      },
      "geometry": {
        "type": "LineString",
        "coordinates": [
          [
            78.65549689984135,
            17.188496874183944
          ],
          [
            78.6551544,
            17.1874892
          ],
          [
            78.654991,
            17.1870304
          ],
          [
            78.6549671,
            17.1869252
          ],
          [
            78.6546962,
            17.1858951
          ],
          [
            78.6545652,
            17.1853454
          ],
          [
            78.6545355,
            17.1852287
          ],
          [
            78.6542474,
            17.1837689
          ],
          [
            78.654228,
            17.1836702
          ],
          [
            78.6540366,
            17.1827005
          ],
          [
            78.6539014,
            17.1820264
          ],
          [
            78.653788,
            17.1814406
          ],
          [
            78.6536678,
            17.1808316
          ],
          [
            78.6533742,
            17.1793436
          ],
          [
            78.653251,
            17.1787192
          ],
          [
            78.6531808,
            17.1784794
          ]
        ]
      }
    },
    {
      "type": "Feature",
      "id": "osm-way-45057665",
      "properties": {
        "kind": "road",
        "name": null,
        "osm_id": "45057665",
        "tags": {
          "highway": "primary",
          "oneway": "no",
          "ref": "SH19",
          "source": "Yahoo hires"
        }
      },
      "geometry": {
        "type": "LineString",
        "coordinates": [
          [
            78.6710862436412,
            17.137073387210023
          ],
          [
            78.6708279,
            17.137929
          ],
          [
            78.6706387,
            17.1386102
          ],
          [
            78.6700104,
            17.1408702
          ],
          [
            78.6689318,
            17.1445001
          ],
          [
            78.6678416,
            17.1481977
          ],
          [
            78.6672766,
            17.1501616
          ],
          [
            78.6671826,
            17.1504684
          ],
          [
            78.6670719,
            17.1507586
          ],
          [
            78.6669582,
            17.1509849
          ],
          [
            78.6668392,
            17.1511857
          ],
          [
            78.6666914,
            17.1514038
          ],
          [
            78.6665117,
            17.1516168
          ],
          [
            78.6657119,
            17.1524984
          ],
          [
            78.6655593,
            17.1526703
          ],
          [
            78.6654066,
            17.1528827
          ],
          [
            78.6652726,
            17.153103
          ],
          [
            78.6650166,
            17.1535819
          ],
          [
            78.663528,
            17.1564839
          ],
          [
            78.6628588,
            17.1578331
          ],
          [
            78.6626443,
            17.1582654
          ],
          [
            78.6624336,
            17.1586903
          ],
          [
            78.6622027,
            17.1591564
          ],
          [
            78.6620619,
            17.1594404
          ],
          [
            78.6617803,
            17.1600089
          ],
          [
            78.6614252,
            17.1607422
          ],
          [
            78.661127,
            17.1613579
          ],
          [
            78.6609508,
            17.161727
          ],
          [
            78.6604921,
            17.1626883
          ],
          [
            78.6599516,
            17.1638298
          ],
          [
            78.6597287,
            17.1642968
          ],
          [
            78.6597006,
            17.1643557
          ],
          [
            78.6593473,
            17.1650959
          ],
          [
            78.6589817,
            17.1658616
          ],
          [
            78.6584277,
            17.1670218
          ],
          [
            78.6583899,
            17.1671011
          ],
          [
            78.6582,
            17.1675139
          ],
          [
            78.6580786,
            17.1677779
          ],
          [
            78.656894,
            17.1703182
          ],
          [
            78.656259,
            17.1716787
          ]
        ]
      }
    },
    {
      "type": "Feature",
      "id": "osm-way-45057719",
      "properties": {
        "kind": "road",
        "name": null,
        "osm_id": "45057719",
        "tags": {
          "highway": "secondary",
          "source": "Yahoo hires"
        }
      },
      "geometry": {
        "type": "LineString",
        "coordinates": [
          [
            78.6768335,
            17.1714212
          ],
          [
            78.6757015,
            17.171835
          ],
          [
            78.6751306,
            17.1720137
          ],
          [
            78.6744613,
            17.1722017
          ],
          [
            78.6735656,
            17.1725121
          ],
          [
            78.6727978,
            17.1727942
          ],
          [
            78.6725222,
            17.1729165
          ],
          [
            78.6723105,
            17.173067
          ],
          [
            78.6717888,
            17.1734619
          ],
          [
            78.6715034,
            17.1736688
          ],
          [
            78.6709915,
            17.1739886
          ],
          [
            78.6706864,
            17.1742143
          ],
          [
            78.6703025,
            17.1744964
          ],
          [
            78.6697907,
            17.174882
          ],
          [
            78.6694658,
            17.1750983
          ],
          [
            78.6686095,
            17.1755497
          ],
          [
            78.666193,
            17.1767205
          ],
          [
            78.6658681,
            17.1768992
          ],
          [
            78.6657425,
            17.1769656
          ],
          [
            78.6644802,
            17.1776327
          ],
          [
            78.6632991,
            17.1782816
          ],
          [
            78.6622557,
            17.1789117
          ],
          [
            78.661793,
            17.1792879
          ],
          [
            78.6613304,
            17.179664
          ],
          [
            78.6602477,
            17.1805762
          ],
          [
            78.6592436,
            17.1813944
          ],
          [
            78.6581877,
            17.1822538
          ],
          [
            78.6577819,
            17.182584
          ],
          [
            78.6568003,
            17.1833922
          ],
          [
            78.6565565,
            17.183558
          ],
          [
            78.6564815,
            17.1836291
          ],
          [
            78.6563132,
            17.1838423
          ],
          [
            78.6560509,
            17.1841476
          ],
          [
            78.6559639,
            17.1842611
          ],
          [
            78.6556324,
            17.1846522
          ],
          [
            78.6553895,
            17.1849453
          ],
          [
            78.6553372,
            17.1850074
          ],
          [
            78.6552522,
            17.1851136
          ],
          [
            78.6551202,
            17.1853027
          ],
          [
            78.655075,
            17.1853675
          ],
          [
            78.6550258,
            17.1855462
          ],
          [
            78.6550258,
            17.1857437
          ],
          [
            78.6550531,
            17.1858788
          ],
          [
            78.6550452,
            17.1859759
          ],
          [
            78.6550662,
            17.1862283
          ],
          [
            78.6550167,
            17.1867232
          ],
          [
            78.6550058,
            17.1867885
          ],
          [
            78.654991,
            17.1870304
          ],
          [
            78.6548846,
            17.1877122
          ],
          [
            78.654853,
            17.1878482
          ],
          [
            78.6548114,
            17.1879309
          ],
          [
            78.6547294,
            17.1881946
          ],
          [
            78.65464898411145,
            17.188355962137464
          ]
        ]
      }
    },
    {
      "type": "Feature",
      "id": "osm-way-540674229",
      "properties": {
        "kind": "road",
        "name": null,
        "osm_id": "540674229",
        "tags": {
          "highway": "residential"
        }
      },
      "geometry": {
        "type": "LineString",
        "coordinates": [
          [
            78.6516871208098,
            17.187659426321567
          ],
          [
            78.6516856,
            17.1874681
          ]
        ]
      }
    },
    {
      "type": "Feature",
      "id": "osm-way-540674236",
      "properties": {
        "kind": "road",
        "name": null,
        "osm_id": "540674236",
        "tags": {
          "highway": "residential"
        }
      },
      "geometry": {
        "type": "LineString",
        "coordinates": [
          [
            78.64974623520598,
            17.187020609800772
          ],
          [
            78.6500814,
            17.1862929
          ],
          [
            78.6505626,
            17.185248
          ],
          [
            78.6501576,
            17.1851009
          ]
        ]
      }
    },
    {
      "type": "Feature",
      "id": "osm-way-540674239",
      "properties": {
        "kind": "road",
        "name": null,
        "osm_id": "540674239",
        "tags": {
          "highway": "residential"
        }
      },
      "geometry": {
        "type": "LineString",
        "coordinates": [
          [
            78.6505626,
            17.185248
          ],
          [
            78.6507083,
            17.1853213
          ],
          [
            78.6508557,
            17.1853954
          ],
          [
            78.6509154,
            17.1854255
          ],
          [
            78.6511823,
            17.1854557
          ],
          [
            78.6516526,
            17.1855089
          ],
          [
            78.651697,
            17.1855139
          ],
          [
            78.6517155,
            17.1857434
          ],
          [
            78.6517202,
            17.1858013
          ],
          [
            78.6517681,
            17.1863937
          ],
          [
            78.6518533,
            17.1874476
          ]
        ]
      }
    },
    {
      "type": "Feature",
      "id": "osm-way-540674241",
      "properties": {
        "kind": "road",
        "name": null,
        "osm_id": "540674241",
        "tags": {
          "highway": "residential"
        }
      },
      "geometry": {
        "type": "LineString",
        "coordinates": [
          [
            78.6508557,
            17.1853954
          ],
          [
            78.6508706,
            17.185763
          ],
          [
            78.6508835,
            17.1860821
          ],
          [
            78.6508986,
            17.186454
          ],
          [
            78.65098538307696,
            17.187445563754558
          ]
        ]
      }
    },
    {
      "type": "Feature",
      "id": "osm-way-540674244",
      "properties": {
        "kind": "road",
        "name": null,
        "osm_id": "540674244",
        "tags": {
          "highway": "residential"
        }
      },
      "geometry": {
        "type": "LineString",
        "coordinates": [
          [
            78.6513141,
            17.1875133
          ],
          [
            78.6512464,
            17.1864555
          ],
          [
            78.6512015,
            17.1857557
          ],
          [
            78.6511823,
            17.1854557
          ]
        ]
      }
    },
    {
      "type": "Feature",
      "id": "osm-way-540674247",
      "properties": {
        "kind": "road",
        "name": null,
        "osm_id": "540674247",
        "tags": {
          "highway": "residential"
        }
      },
      "geometry": {
        "type": "LineString",
        "coordinates": [
          [
            78.6496545,
            17.1861363
          ],
          [
            78.6500814,
            17.1862929
          ],
          [
            78.6504248,
            17.1864046
          ],
          [
            78.6505007,
            17.1864293
          ],
          [
            78.6505788,
            17.1864547
          ],
          [
            78.6508986,
            17.186454
          ],
          [
            78.6512464,
            17.1864555
          ],
          [
            78.6514365,
            17.186433
          ],
          [
            78.6517681,
            17.1863937
          ],
          [
            78.6521366,
            17.1863514
          ],
          [
            78.6524942,
            17.1863103
          ],
          [
            78.652605,
            17.1873561
          ]
        ]
      }
    },
    {
      "type": "Feature",
      "id": "osm-way-540674249",
      "properties": {
        "kind": "road",
        "name": null,
        "osm_id": "540674249",
        "tags": {
          "highway": "residential"
        }
      },
      "geometry": {
        "type": "LineString",
        "coordinates": [
          [
            78.6524942,
            17.1863103
          ],
          [
            78.6524448,
            17.1857645
          ],
          [
            78.6523635,
            17.1848668
          ],
          [
            78.6519536,
            17.1848421
          ],
          [
            78.6516364,
            17.1848231
          ],
          [
            78.6507231,
            17.1847682
          ],
          [
            78.6503224,
            17.1847275
          ]
        ]
      }
    },
    {
      "type": "Feature",
      "id": "osm-way-540674252",
      "properties": {
        "kind": "road",
        "name": null,
        "osm_id": "540674252",
        "tags": {
          "highway": "residential"
        }
      },
      "geometry": {
        "type": "LineString",
        "coordinates": [
          [
            78.6516526,
            17.1855089
          ],
          [
            78.6516402,
            17.1849873
          ],
          [
            78.6516364,
            17.1848231
          ]
        ]
      }
    },
    {
      "type": "Feature",
      "id": "osm-way-540674255",
      "properties": {
        "kind": "road",
        "name": null,
        "osm_id": "540674255",
        "tags": {
          "highway": "residential"
        }
      },
      "geometry": {
        "type": "LineString",
        "coordinates": [
          [
            78.6507083,
            17.1853213
          ],
          [
            78.6507173,
            17.1849836
          ],
          [
            78.6507231,
            17.1847682
          ]
        ]
      }
    },
    {
      "type": "Feature",
      "id": "osm-way-540674257",
      "properties": {
        "kind": "road",
        "name": null,
        "osm_id": "540674257",
        "tags": {
          "highway": "residential"
        }
      },
      "geometry": {
        "type": "LineString",
        "coordinates": [
          [
            78.6507173,
            17.1849836
          ],
          [
            78.6516402,
            17.1849873
          ]
        ]
      }
    },
    {
      "type": "Feature",
      "id": "osm-way-540674259",
      "properties": {
        "kind": "road",
        "name": null,
        "osm_id": "540674259",
        "tags": {
          "highway": "residential"
        }
      },
      "geometry": {
        "type": "LineString",
        "coordinates": [
          [
            78.6522352,
            17.1874055
          ],
          [
            78.6521366,
            17.1863514
          ],
          [
            78.6520665,
            17.1857733
          ],
          [
            78.6519536,
            17.1848421
          ]
        ]
      }
    },
    {
      "type": "Feature",
      "id": "osm-way-540674261",
      "properties": {
        "kind": "road",
        "name": null,
        "osm_id": "540674261",
        "tags": {
          "highway": "residential"
        }
      },
      "geometry": {
        "type": "LineString",
        "coordinates": [
          [
            78.65059052758224,
            17.187316615680306
          ],
          [
            78.6505489,
            17.1869049
          ],
          [
            78.6505007,
            17.1864293
          ],
          [
            78.6505448,
            17.1860832
          ],
          [
            78.6508835,
            17.1860821
          ]
        ]
      }
    },
    {
      "type": "Feature",
      "id": "osm-way-540674263",
      "properties": {
        "kind": "road",
        "name": null,
        "osm_id": "540674263",
        "tags": {
          "highway": "residential"
        }
      },
      "geometry": {
        "type": "LineString",
        "coordinates": [
          [
            78.65007679329928,
            17.187140147212187
          ],
          [
            78.6504248,
            17.1864046
          ]
        ]
      }
    },
    {
      "type": "Feature",
      "id": "osm-way-540674264",
      "properties": {
        "kind": "road",
        "name": null,
        "osm_id": "540674264",
        "tags": {
          "highway": "residential"
        }
      },
      "geometry": {
        "type": "LineString",
        "coordinates": [
          [
            78.65039341816276,
            17.187250491727614
          ],
          [
            78.6505489,
            17.1869049
          ]
        ]
      }
    },
    {
      "type": "Feature",
      "id": "osm-way-540674277",
      "properties": {
        "kind": "road",
        "name": null,
        "osm_id": "540674277",
        "tags": {
          "highway": "residential"
        }
      },
      "geometry": {
        "type": "LineString",
        "coordinates": [
          [
            78.6515823,
            17.1819992
          ],
          [
            78.6530875,
            17.1821159
          ],
          [
            78.6539014,
            17.1820264
          ]
        ]
      }
    },
    {
      "type": "Feature",
      "id": "osm-way-540674279",
      "properties": {
        "kind": "road",
        "name": null,
        "osm_id": "540674279",
        "tags": {
          "highway": "residential"
        }
      },
      "geometry": {
        "type": "LineString",
        "coordinates": [
          [
            78.6523635,
            17.1848668
          ],
          [
            78.652814,
            17.1848716
          ],
          [
            78.6531488,
            17.1848667
          ],
          [
            78.6529749,
            17.1839155
          ],
          [
            78.6528105,
            17.1831079
          ],
          [
            78.6527224,
            17.1826745
          ],
          [
            78.6513312,
            17.1825345
          ]
        ]
      }
    },
    {
      "type": "Feature",
      "id": "osm-way-540674281",
      "properties": {
        "kind": "road",
        "name": null,
        "osm_id": "540674281",
        "tags": {
          "highway": "residential"
        }
      },
      "geometry": {
        "type": "LineString",
        "coordinates": [
          [
            78.6524942,
            17.1863103
          ],
          [
            78.6530448,
            17.1862281
          ],
          [
            78.6530811,
            17.1861905
          ],
          [
            78.6533167,
            17.1861731
          ],
          [
            78.6536338,
            17.1861079
          ],
          [
            78.6541608,
            17.1859915
          ],
          [
            78.6546962,
            17.1858951
          ]
        ]
      }
    },
    {
      "type": "Feature",
      "id": "osm-way-540674282",
      "properties": {
        "kind": "road",
        "name": null,
        "osm_id": "540674282",
        "tags": {
          "highway": "residential"
        }
      },
      "geometry": {
        "type": "LineString",
        "coordinates": [
          [
            78.6538766,
            17.1870552
          ],
          [
            78.6536338,
            17.1861079
          ]
        ]
      }
    },
    {
      "type": "Feature",
      "id": "osm-way-540674284",
      "properties": {
        "kind": "road",
        "name": null,
        "osm_id": "540674284",
        "tags": {
          "highway": "residential"
        }
      },
      "geometry": {
        "type": "LineString",
        "coordinates": [
          [
            78.6525712311349,
            17.187901212460634
          ],
          [
            78.6526016,
            17.1878981
          ],
          [
            78.653032,
            17.1878533
          ],
          [
            78.653571,
            17.1877977
          ],
          [
            78.6539259,
            17.1877431
          ],
          [
            78.6548846,
            17.1877122
          ]
        ]
      }
    },
    {
      "type": "Feature",
      "id": "osm-way-540674288",
      "properties": {
        "kind": "road",
        "name": null,
        "osm_id": "540674288",
        "tags": {
          "highway": "residential"
        }
      },
      "geometry": {
        "type": "LineString",
        "coordinates": [
          [
            78.6529536,
            17.1871903
          ],
          [
            78.653032,
            17.1878533
          ],
          [
            78.65305895068016,
            17.18802261764817
          ]
        ]
      }
    },
    {
      "type": "Feature",
      "id": "osm-way-540674290",
      "properties": {
        "kind": "road",
        "name": null,
        "osm_id": "540674290",
        "tags": {
          "highway": "residential"
        }
      },
      "geometry": {
        "type": "LineString",
        "coordinates": [
          [
            78.65330135002057,
            17.18807912407448
          ],
          [
            78.6537598,
            17.1880282
          ],
          [
            78.6542856,
            17.1879648
          ],
          [
            78.6548114,
            17.1879309
          ]
        ]
      }
    },
    {
      "type": "Feature",
      "id": "osm-way-540674293",
      "properties": {
        "kind": "road",
        "name": null,
        "osm_id": "540674293",
        "tags": {
          "highway": "residential"
        }
      },
      "geometry": {
        "type": "LineString",
        "coordinates": [
          [
            78.6532733,
            17.1871388
          ],
          [
            78.653168,
            17.186732
          ],
          [
            78.6531283,
            17.1865224
          ],
          [
            78.6531065,
            17.1864124
          ],
          [
            78.6530793,
            17.1863129
          ],
          [
            78.6530448,
            17.1862281
          ],
          [
            78.6528868,
            17.1856916
          ],
          [
            78.6528761,
            17.1856406
          ],
          [
            78.6528721,
            17.1855748
          ],
          [
            78.652814,
            17.1848716
          ]
        ]
      }
    },
    {
      "type": "Feature",
      "id": "osm-way-540674342",
      "properties": {
        "kind": "road",
        "name": null,
        "osm_id": "540674342",
        "tags": {
          "highway": "residential"
        }
      },
      "geometry": {
        "type": "LineString",
        "coordinates": [
          [
            78.64419554774186,
            17.18426497345739
          ],
          [
            78.6441413,
            17.1840934
          ],
          [
            78.6442967,
            17.1840326
          ],
          [
            78.6445367,
            17.1839569
          ]
        ]
      }
    },
    {
      "type": "Feature",
      "id": "osm-way-540674344",
      "properties": {
        "kind": "road",
        "name": null,
        "osm_id": "540674344",
        "tags": {
          "highway": "residential"
        }
      },
      "geometry": {
        "type": "LineString",
        "coordinates": [
          [
            78.64445572095981,
            17.18442931720541
          ],
          [
            78.6442967,
            17.1840326
          ]
        ]
      }
    },
    {
      "type": "Feature",
      "id": "osm-way-540674349",
      "properties": {
        "kind": "road",
        "name": null,
        "osm_id": "540674349",
        "tags": {
          "highway": "residential"
        }
      },
      "geometry": {
        "type": "LineString",
        "coordinates": [
          [
            78.64544780185021,
            17.18502149770311
          ],
          [
            78.6456417,
            17.1849504
          ],
          [
            78.6461001,
            17.1847823
          ],
          [
            78.6462052,
            17.1844734
          ],
          [
            78.6460798,
            17.1840501
          ],
          [
            78.6459761,
            17.1838582
          ],
          [
            78.6452044,
            17.1840345
          ],
          [
            78.6449142,
            17.1841324
          ],
          [
            78.6446197,
            17.1842084
          ]
        ]
      }
    },
    {
      "type": "Feature",
      "id": "osm-way-540674351",
      "properties": {
        "kind": "road",
        "name": null,
        "osm_id": "540674351",
        "tags": {
          "highway": "residential"
        }
      },
      "geometry": {
        "type": "LineString",
        "coordinates": [
          [
            78.6456417,
            17.1849504
          ],
          [
            78.6455073,
            17.1845713
          ],
          [
            78.6453699,
            17.1844863
          ],
          [
            78.6452774,
            17.1842002
          ],
          [
            78.6452044,
            17.1840345
          ]
        ]
      }
    },
    {
      "type": "Feature",
      "id": "osm-way-540674353",
      "properties": {
        "kind": "road",
        "name": null,
        "osm_id": "540674353",
        "tags": {
          "highway": "residential"
        }
      },
      "geometry": {
        "type": "LineString",
        "coordinates": [
          [
            78.64485103787135,
            17.184671880880394
          ],
          [
            78.6451116,
            17.1845656
          ],
          [
            78.6453699,
            17.1844863
          ]
        ]
      }
    },
    {
      "type": "Feature",
      "id": "osm-way-540674355",
      "properties": {
        "kind": "road",
        "name": null,
        "osm_id": "540674355",
        "tags": {
          "highway": "residential"
        }
      },
      "geometry": {
        "type": "LineString",
        "coordinates": [
          [
            78.6448659,
            17.1838235
          ],
          [
            78.6449142,
            17.1841324
          ],
          [
            78.6451116,
            17.1845656
          ],
          [
            78.64520391879763,
            17.18488076143054
          ]
        ]
      }
    },
    {
      "type": "Feature",
      "id": "osm-way-540674356",
      "properties": {
        "kind": "road",
        "name": null,
        "osm_id": "540674356",
        "tags": {
          "highway": "residential"
        }
      },
      "geometry": {
        "type": "LineString",
        "coordinates": [
          [
            78.6452774,
            17.1842002
          ],
          [
            78.6460798,
            17.1840501
          ]
        ]
      }
    },
    {
      "type": "Feature",
      "id": "osm-way-540674384",
      "properties": {
        "kind": "road",
        "name": null,
        "osm_id": "540674384",
        "tags": {
          "highway": "residential"
        }
      },
      "geometry": {
        "type": "LineString",
        "coordinates": [
          [
            78.6461001,
            17.1847823
          ],
          [
            78.6461334,
            17.1850582
          ],
          [
            78.6464244,
            17.1854598
          ],
          [
            78.6464623923401,
            17.1855724869578
          ]
        ]
      }
    },
    {
      "type": "Feature",
      "id": "osm-way-540978779",
      "properties": {
        "kind": "road",
        "name": null,
        "osm_id": "540978779",
        "tags": {
          "highway": "residential"
        }
      },
      "geometry": {
        "type": "LineString",
        "coordinates": [
          [
            78.645705762904,
            17.18516694392329
          ],
          [
            78.6456417,
            17.1849504
          ]
        ]
      }
    },
    {
      "type": "Feature",
      "id": "osm-way-540978786",
      "properties": {
        "kind": "road",
        "name": null,
        "osm_id": "540978786",
        "tags": {
          "highway": "residential"
        }
      },
      "geometry": {
        "type": "LineString",
        "coordinates": [
          [
            78.6517202,
            17.1858013
          ],
          [
            78.6520665,
            17.1857733
          ],
          [
            78.6524448,
            17.1857645
          ],
          [
            78.6528721,
            17.1855748
          ]
        ]
      }
    },
    {
      "type": "Feature",
      "id": "osm-way-540978787",
      "properties": {
        "kind": "road",
        "name": null,
        "osm_id": "540978787",
        "tags": {
          "highway": "residential"
        }
      },
      "geometry": {
        "type": "LineString",
        "coordinates": [
          [
            78.6539259,
            17.1877431
          ],
          [
            78.6538533,
            17.1870694
          ]
        ]
      }
    },
    {
      "type": "Feature",
      "id": "osm-way-540978788",
      "properties": {
        "kind": "road",
        "name": null,
        "osm_id": "540978788",
        "tags": {
          "highway": "residential"
        }
      },
      "geometry": {
        "type": "LineString",
        "coordinates": [
          [
            78.653571,
            17.1877977
          ],
          [
            78.653615,
            17.1871024
          ]
        ]
      }
    },
    {
      "type": "Feature",
      "id": "osm-way-540978814",
      "properties": {
        "kind": "road",
        "name": null,
        "osm_id": "540978814",
        "tags": {
          "highway": "residential"
        }
      },
      "geometry": {
        "type": "LineString",
        "coordinates": [
          [
            78.6513141,
            17.1875133
          ],
          [
            78.65131709228218,
            17.187548975280535
          ]
        ]
      }
    },
    {
      "type": "Feature",
      "id": "osm-way-540978817",
      "properties": {
        "kind": "road",
        "name": null,
        "osm_id": "540978817",
        "tags": {
          "highway": "residential"
        }
      },
      "geometry": {
        "type": "LineString",
        "coordinates": [
          [
            78.65192300630493,
            17.187726610088227
          ],
          [
            78.6518964,
            17.1874429
          ]
        ]
      }
    },
    {
      "type": "Feature",
      "id": "osm-way-540978819",
      "properties": {
        "kind": "road",
        "name": null,
        "osm_id": "540978819",
        "tags": {
          "highway": "residential"
        }
      },
      "geometry": {
        "type": "LineString",
        "coordinates": [
          [
            78.6526016,
            17.1878981
          ],
          [
            78.6525485,
            17.1873636
          ]
        ]
      }
    },
    {
      "type": "Feature",
      "id": "osm-way-540978820",
      "properties": {
        "kind": "road",
        "name": null,
        "osm_id": "540978820",
        "tags": {
          "highway": "residential"
        }
      },
      "geometry": {
        "type": "LineString",
        "coordinates": [
          [
            78.65376521847236,
            17.188182014699123
          ],
          [
            78.6537598,
            17.1880282
          ]
        ]
      }
    },
    {
      "type": "Feature",
      "id": "osm-way-540978823",
      "properties": {
        "kind": "road",
        "name": null,
        "osm_id": "540978823",
        "tags": {
          "highway": "residential"
        }
      },
      "geometry": {
        "type": "LineString",
        "coordinates": [
          [
            78.653615,
            17.1871024
          ],
          [
            78.6533167,
            17.1861731
          ]
        ]
      }
    },
    {
      "type": "Feature",
      "id": "osm-way-540978824",
      "properties": {
        "kind": "road",
        "name": null,
        "osm_id": "540978824",
        "tags": {
          "highway": "residential"
        }
      },
      "geometry": {
        "type": "LineString",
        "coordinates": [
          [
            78.6528721,
            17.1855748
          ],
          [
            78.653229,
            17.1856152
          ],
          [
            78.6545652,
            17.1853454
          ]
        ]
      }
    },
    {
      "type": "Feature",
      "id": "osm-way-540978837",
      "properties": {
        "kind": "road",
        "name": null,
        "osm_id": "540978837",
        "tags": {
          "highway": "residential"
        }
      },
      "geometry": {
        "type": "LineString",
        "coordinates": [
          [
            78.65412438844467,
            17.18825609029241
          ],
          [
            78.6547294,
            17.1881946
          ]
        ]
      }
    },
    {
      "type": "Feature",
      "id": "osm-way-540978853",
      "properties": {
        "kind": "road",
        "name": null,
        "osm_id": "540978853",
        "tags": {
          "highway": "residential"
        }
      },
      "geometry": {
        "type": "LineString",
        "coordinates": [
          [
            78.65228415256043,
            17.187825930269053
          ],
          [
            78.6522352,
            17.1874055
          ]
        ]
      }
    },
    {
      "type": "Feature",
      "id": "osm-way-540978855",
      "properties": {
        "kind": "road",
        "name": null,
        "osm_id": "540978855",
        "tags": {
          "highway": "residential"
        }
      },
      "geometry": {
        "type": "LineString",
        "coordinates": [
          [
            78.6511719,
            17.1828392
          ],
          [
            78.6524284,
            17.1830608
          ]
        ]
      }
    },
    {
      "type": "Feature",
      "id": "osm-way-540978869",
      "properties": {
        "kind": "road",
        "name": null,
        "osm_id": "540978869",
        "tags": {
          "highway": "residential"
        }
      },
      "geometry": {
        "type": "LineString",
        "coordinates": [
          [
            78.6531488,
            17.1848667
          ],
          [
            78.653229,
            17.1856152
          ],
          [
            78.6533167,
            17.1861731
          ]
        ]
      }
    },
    {
      "type": "Feature",
      "id": "osm-way-540986467",
      "properties": {
        "kind": "road",
        "name": null,
        "osm_id": "540986467",
        "tags": {
          "highway": "residential"
        }
      },
      "geometry": {
        "type": "LineString",
        "coordinates": [
          [
            78.6508706,
            17.185763
          ],
          [
            78.6512015,
            17.1857557
          ],
          [
            78.651411,
            17.1857271
          ],
          [
            78.6517155,
            17.1857434
          ]
        ]
      }
    },
    {
      "type": "Feature",
      "id": "osm-way-540986468",
      "properties": {
        "kind": "road",
        "name": null,
        "osm_id": "540986468",
        "tags": {
          "highway": "residential"
        }
      },
      "geometry": {
        "type": "LineString",
        "coordinates": [
          [
            78.6514365,
            17.186433
          ],
          [
            78.651411,
            17.1857271
          ]
        ]
      }
    },
    {
      "type": "Feature",
      "id": "osm-way-540991271",
      "properties": {
        "kind": "road",
        "name": null,
        "osm_id": "540991271",
        "tags": {
          "highway": "residential"
        }
      },
      "geometry": {
        "type": "LineString",
        "coordinates": [
          [
            78.6551544,
            17.1874892
          ],
          [
            78.655531,
            17.1872092
          ],
          [
            78.655577,
            17.1871418
          ],
          [
            78.6556401,
            17.1870771
          ],
          [
            78.6556961,
            17.1870192
          ],
          [
            78.6557832,
            17.1869531
          ],
          [
            78.6560147,
            17.1867557
          ],
          [
            78.6561461,
            17.1866437
          ],
          [
            78.6563573,
            17.1866394
          ],
          [
            78.6566705,
            17.186633
          ],
          [
            78.6569749,
            17.1866268
          ],
          [
            78.6573094,
            17.18662
          ],
          [
            78.65767,
            17.1866126
          ],
          [
            78.6579967,
            17.1866059
          ],
          [
            78.6584507,
            17.1865966
          ]
        ]
      }
    },
    {
      "type": "Feature",
      "id": "osm-way-540991272",
      "properties": {
        "kind": "road",
        "name": null,
        "osm_id": "540991272",
        "tags": {
          "highway": "residential"
        }
      },
      "geometry": {
        "type": "LineString",
        "coordinates": [
          [
            78.6550531,
            17.1858788
          ],
          [
            78.6554925,
            17.1857774
          ],
          [
            78.6558547,
            17.1857222
          ],
          [
            78.656219,
            17.1856666
          ],
          [
            78.6565508,
            17.185616
          ],
          [
            78.6569607,
            17.1855552
          ],
          [
            78.6572659,
            17.1855052
          ],
          [
            78.6575369,
            17.1854656
          ],
          [
            78.6578696,
            17.1854149
          ],
          [
            78.6580896,
            17.1853813
          ]
        ]
      }
    },
    {
      "type": "Feature",
      "id": "osm-way-540991273",
      "properties": {
        "kind": "road",
        "name": null,
        "osm_id": "540991273",
        "tags": {
          "highway": "residential"
        }
      },
      "geometry": {
        "type": "LineString",
        "coordinates": [
          [
            78.6533742,
            17.1793436
          ],
          [
            78.6540784,
            17.1792762
          ],
          [
            78.6544416,
            17.1792415
          ],
          [
            78.6547616,
            17.1792109
          ],
          [
            78.6551049,
            17.1791771
          ],
          [
            78.6554626,
            17.1791418
          ],
          [
            78.6563987,
            17.1790494
          ]
        ]
      }
    },
    {
      "type": "Feature",
      "id": "osm-way-540991274",
      "properties": {
        "kind": "road",
        "name": null,
        "osm_id": "540991274",
        "tags": {
          "highway": "residential"
        }
      },
      "geometry": {
        "type": "LineString",
        "coordinates": [
          [
            78.6580896,
            17.1853813
          ],
          [
            78.6581426,
            17.185378
          ],
          [
            78.6579824,
            17.1842713
          ],
          [
            78.6573229,
            17.1843705
          ],
          [
            78.656992,
            17.1844202
          ],
          [
            78.6566564,
            17.1844707
          ],
          [
            78.6563405,
            17.1845182
          ],
          [
            78.6559942,
            17.1845703
          ],
          [
            78.6556324,
            17.1846522
          ],
          [
            78.6554603,
            17.1835062
          ],
          [
            78.6553197,
            17.1825425
          ],
          [
            78.6552255,
            17.181897
          ],
          [
            78.6551871,
            17.1816339
          ],
          [
            78.6551457,
            17.181398
          ],
          [
            78.6550167,
            17.1806635
          ],
          [
            78.6547616,
            17.1792109
          ],
          [
            78.6546487,
            17.1783724
          ],
          [
            78.6543248,
            17.1784528
          ],
          [
            78.653251,
            17.1787192
          ]
        ]
      }
    },
    {
      "type": "Feature",
      "id": "osm-way-540991275",
      "properties": {
        "kind": "road",
        "name": null,
        "osm_id": "540991275",
        "tags": {
          "highway": "residential"
        }
      },
      "geometry": {
        "type": "LineString",
        "coordinates": [
          [
            78.65767,
            17.1866126
          ],
          [
            78.6575369,
            17.1854656
          ],
          [
            78.6573229,
            17.1843705
          ]
        ]
      }
    },
    {
      "type": "Feature",
      "id": "osm-way-540991276",
      "properties": {
        "kind": "road",
        "name": null,
        "osm_id": "540991276",
        "tags": {
          "highway": "residential"
        }
      },
      "geometry": {
        "type": "LineString",
        "coordinates": [
          [
            78.6578696,
            17.1854149
          ],
          [
            78.6579967,
            17.1866059
          ]
        ]
      }
    },
    {
      "type": "Feature",
      "id": "osm-way-540991277",
      "properties": {
        "kind": "road",
        "name": null,
        "osm_id": "540991277",
        "tags": {
          "highway": "residential"
        }
      },
      "geometry": {
        "type": "LineString",
        "coordinates": [
          [
            78.6573094,
            17.18662
          ],
          [
            78.6572659,
            17.1855052
          ],
          [
            78.656992,
            17.1844202
          ],
          [
            78.6568003,
            17.1833922
          ]
        ]
      }
    },
    {
      "type": "Feature",
      "id": "osm-way-540991278",
      "properties": {
        "kind": "road",
        "name": null,
        "osm_id": "540991278",
        "tags": {
          "highway": "residential"
        }
      },
      "geometry": {
        "type": "LineString",
        "coordinates": [
          [
            78.6569749,
            17.1866268
          ],
          [
            78.6569607,
            17.1855552
          ],
          [
            78.6566564,
            17.1844707
          ],
          [
            78.6564815,
            17.1836291
          ]
        ]
      }
    },
    {
      "type": "Feature",
      "id": "osm-way-540991279",
      "properties": {
        "kind": "road",
        "name": null,
        "osm_id": "540991279",
        "tags": {
          "highway": "residential"
        }
      },
      "geometry": {
        "type": "LineString",
        "coordinates": [
          [
            78.6566705,
            17.186633
          ],
          [
            78.6565508,
            17.185616
          ],
          [
            78.6563405,
            17.1845182
          ],
          [
            78.6563132,
            17.1838423
          ],
          [
            78.6561731,
            17.1834131
          ],
          [
            78.6560136,
            17.1824408
          ],
          [
            78.6559099,
            17.1817956
          ],
          [
            78.6558419,
            17.1813773
          ],
          [
            78.6557024,
            17.1805551
          ],
          [
            78.6554626,
            17.1791418
          ],
          [
            78.6554112,
            17.1784942
          ],
          [
            78.6553885,
            17.1782128
          ],
          [
            78.6546487,
            17.1783724
          ]
        ]
      }
    },
    {
      "type": "Feature",
      "id": "osm-way-540991280",
      "properties": {
        "kind": "road",
        "name": null,
        "osm_id": "540991280",
        "tags": {
          "highway": "residential"
        }
      },
      "geometry": {
        "type": "LineString",
        "coordinates": [
          [
            78.6554112,
            17.1784942
          ],
          [
            78.6563161,
            17.1784356
          ],
          [
            78.6563987,
            17.1790494
          ],
          [
            78.6568116,
            17.1804982
          ],
          [
            78.6568749,
            17.1806122
          ],
          [
            78.6573673,
            17.1807257
          ],
          [
            78.6575541,
            17.1808194
          ],
          [
            78.6576662,
            17.18098
          ],
          [
            78.6577771,
            17.181251
          ],
          [
            78.6581877,
            17.1822538
          ]
        ]
      }
    },
    {
      "type": "Feature",
      "id": "osm-way-540991281",
      "properties": {
        "kind": "road",
        "name": null,
        "osm_id": "540991281",
        "tags": {
          "highway": "residential"
        }
      },
      "geometry": {
        "type": "LineString",
        "coordinates": [
          [
            78.6563573,
            17.1866394
          ],
          [
            78.656219,
            17.1856666
          ],
          [
            78.6559942,
            17.1845703
          ],
          [
            78.6559639,
            17.1842611
          ],
          [
            78.6558324,
            17.1834623
          ],
          [
            78.6556754,
            17.1824939
          ],
          [
            78.6555619,
            17.1818486
          ],
          [
            78.6554824,
            17.181401
          ],
          [
            78.6553507,
            17.180621
          ],
          [
            78.6551049,
            17.1791771
          ]
        ]
      }
    },
    {
      "type": "Feature",
      "id": "osm-way-540991282",
      "properties": {
        "kind": "road",
        "name": null,
        "osm_id": "540991282",
        "tags": {
          "highway": "residential"
        }
      },
      "geometry": {
        "type": "LineString",
        "coordinates": [
          [
            78.6560147,
            17.1867557
          ],
          [
            78.6559624,
            17.1864935
          ],
          [
            78.6558547,
            17.1857222
          ],
          [
            78.6556324,
            17.1846522
          ]
        ]
      }
    },
    {
      "type": "Feature",
      "id": "osm-way-540991283",
      "properties": {
        "kind": "road",
        "name": null,
        "osm_id": "540991283",
        "tags": {
          "highway": "residential"
        }
      },
      "geometry": {
        "type": "LineString",
        "coordinates": [
          [
            78.6550167,
            17.1867232
          ],
          [
            78.6553033,
            17.1866297
          ],
          [
            78.6555991,
            17.1865635
          ],
          [
            78.6559624,
            17.1864935
          ]
        ]
      }
    },
    {
      "type": "Feature",
      "id": "osm-way-540991284",
      "properties": {
        "kind": "road",
        "name": null,
        "osm_id": "540991284",
        "tags": {
          "highway": "residential"
        }
      },
      "geometry": {
        "type": "LineString",
        "coordinates": [
          [
            78.6555991,
            17.1865635
          ],
          [
            78.6554925,
            17.1857774
          ],
          [
            78.6553372,
            17.1850074
          ]
        ]
      }
    },
    {
      "type": "Feature",
      "id": "osm-way-540991285",
      "properties": {
        "kind": "road",
        "name": null,
        "osm_id": "540991285",
        "tags": {
          "highway": "residential"
        }
      },
      "geometry": {
        "type": "LineString",
        "coordinates": [
          [
            78.654228,
            17.1836702
          ],
          [
            78.6548267,
            17.1835905
          ],
          [
            78.6551682,
            17.1835451
          ],
          [
            78.6554603,
            17.1835062
          ],
          [
            78.6558324,
            17.1834623
          ],
          [
            78.6561731,
            17.1834131
          ],
          [
            78.6567137,
            17.1833476
          ],
          [
            78.6568003,
            17.1833922
          ]
        ]
      }
    },
    {
      "type": "Feature",
      "id": "osm-way-540991286",
      "properties": {
        "kind": "road",
        "name": null,
        "osm_id": "540991286",
        "tags": {
          "highway": "residential"
        }
      },
      "geometry": {
        "type": "LineString",
        "coordinates": [
          [
            78.6551202,
            17.1853027
          ],
          [
            78.6548267,
            17.1835905
          ],
          [
            78.654666,
            17.1826311
          ],
          [
            78.6545562,
            17.1819762
          ],
          [
            78.6544578,
            17.1813883
          ],
          [
            78.6543909,
            17.1813935
          ],
          [
            78.653788,
            17.1814406
          ]
        ]
      }
    },
    {
      "type": "Feature",
      "id": "osm-way-540991287",
      "properties": {
        "kind": "road",
        "name": null,
        "osm_id": "540991287",
        "tags": {
          "highway": "residential"
        }
      },
      "geometry": {
        "type": "LineString",
        "coordinates": [
          [
            78.6553895,
            17.1849453
          ],
          [
            78.6551682,
            17.1835451
          ],
          [
            78.6550077,
            17.1825873
          ],
          [
            78.6549004,
            17.1819304
          ],
          [
            78.6548089,
            17.1813789
          ],
          [
            78.6547579,
            17.1813802
          ],
          [
            78.6544578,
            17.1813883
          ]
        ]
      }
    },
    {
      "type": "Feature",
      "id": "osm-way-540991288",
      "properties": {
        "kind": "road",
        "name": null,
        "osm_id": "540991288",
        "tags": {
          "highway": "residential"
        }
      },
      "geometry": {
        "type": "LineString",
        "coordinates": [
          [
            78.6548089,
            17.1813789
          ],
          [
            78.6551457,
            17.181398
          ],
          [
            78.6554824,
            17.181401
          ],
          [
            78.6558419,
            17.1813773
          ],
          [
            78.6561571,
            17.1813986
          ],
          [
            78.6562203,
            17.1814029
          ],
          [
            78.6568963,
            17.1813773
          ],
          [
            78.6570715,
            17.1813318
          ],
          [
            78.6574488,
            17.1812338
          ],
          [
            78.6577771,
            17.181251
          ]
        ]
      }
    },
    {
      "type": "Feature",
      "id": "osm-way-540991289",
      "properties": {
        "kind": "road",
        "name": null,
        "osm_id": "540991289",
        "tags": {
          "highway": "residential"
        }
      },
      "geometry": {
        "type": "LineString",
        "coordinates": [
          [
            78.6570715,
            17.1813318
          ],
          [
            78.6568749,
            17.1806122
          ]
        ]
      }
    },
    {
      "type": "Feature",
      "id": "osm-way-540991290",
      "properties": {
        "kind": "road",
        "name": null,
        "osm_id": "540991290",
        "tags": {
          "highway": "residential"
        }
      },
      "geometry": {
        "type": "LineString",
        "coordinates": [
          [
            78.6536678,
            17.1808316
          ],
          [
            78.6542817,
            17.1807551
          ],
          [
            78.6546619,
            17.1807077
          ],
          [
            78.6550167,
            17.1806635
          ],
          [
            78.6553507,
            17.180621
          ],
          [
            78.6557024,
            17.1805551
          ],
          [
            78.6560326,
            17.180506
          ],
          [
            78.6562203,
            17.1814029
          ]
        ]
      }
    },
    {
      "type": "Feature",
      "id": "osm-way-540991292",
      "properties": {
        "kind": "road",
        "name": null,
        "osm_id": "540991292",
        "tags": {
          "highway": "residential"
        }
      },
      "geometry": {
        "type": "LineString",
        "coordinates": [
          [
            78.6540366,
            17.1827005
          ],
          [
            78.654666,
            17.1826311
          ],
          [
            78.6550077,
            17.1825873
          ],
          [
            78.6553197,
            17.1825425
          ],
          [
            78.6556754,
            17.1824939
          ],
          [
            78.6560136,
            17.1824408
          ],
          [
            78.6563404,
            17.1823986
          ],
          [
            78.6566207,
            17.1823503
          ],
          [
            78.6567137,
            17.1833476
          ]
        ]
      }
    },
    {
      "type": "Feature",
      "id": "osm-way-540991294",
      "properties": {
        "kind": "road",
        "name": null,
        "osm_id": "540991294",
        "tags": {
          "highway": "residential"
        }
      },
      "geometry": {
        "type": "LineString",
        "coordinates": [
          [
            78.6563404,
            17.1823986
          ],
          [
            78.6562213,
            17.1817487
          ],
          [
            78.6561571,
            17.1813986
          ]
        ]
      }
    },
    {
      "type": "Feature",
      "id": "osm-way-540991296",
      "properties": {
        "kind": "road",
        "name": null,
        "osm_id": "540991296",
        "tags": {
          "highway": "residential"
        }
      },
      "geometry": {
        "type": "LineString",
        "coordinates": [
          [
            78.6539014,
            17.1820264
          ],
          [
            78.6545562,
            17.1819762
          ],
          [
            78.6549004,
            17.1819304
          ],
          [
            78.6552255,
            17.181897
          ],
          [
            78.6555619,
            17.1818486
          ],
          [
            78.6559099,
            17.1817956
          ],
          [
            78.6562213,
            17.1817487
          ]
        ]
      }
    },
    {
      "type": "Feature",
      "id": "osm-way-540991298",
      "properties": {
        "kind": "road",
        "name": null,
        "osm_id": "540991298",
        "tags": {
          "highway": "residential"
        }
      },
      "geometry": {
        "type": "LineString",
        "coordinates": [
          [
            78.6543909,
            17.1813935
          ],
          [
            78.6542817,
            17.1807551
          ],
          [
            78.6540784,
            17.1792762
          ]
        ]
      }
    },
    {
      "type": "Feature",
      "id": "osm-way-540991300",
      "properties": {
        "kind": "road",
        "name": null,
        "osm_id": "540991300",
        "tags": {
          "highway": "residential"
        }
      },
      "geometry": {
        "type": "LineString",
        "coordinates": [
          [
            78.6547579,
            17.1813802
          ],
          [
            78.6546619,
            17.1807077
          ],
          [
            78.6544416,
            17.1792415
          ],
          [
            78.6543248,
            17.1784528
          ]
        ]
      }
    },
    {
      "type": "Feature",
      "id": "osm-way-540991302",
      "properties": {
        "kind": "road",
        "name": null,
        "osm_id": "540991302",
        "tags": {
          "highway": "residential"
        }
      },
      "geometry": {
        "type": "LineString",
        "coordinates": [
          [
            78.6508172,
            17.1836256
          ],
          [
            78.6529749,
            17.1839155
          ]
        ]
      }
    },
    {
      "type": "Feature",
      "id": "osm-way-540991304",
      "properties": {
        "kind": "road",
        "name": null,
        "osm_id": "540991304",
        "tags": {
          "highway": "residential"
        }
      },
      "geometry": {
        "type": "LineString",
        "coordinates": [
          [
            78.6529749,
            17.1839155
          ],
          [
            78.6533146,
            17.1838776
          ],
          [
            78.6536613,
            17.1838094
          ],
          [
            78.6542474,
            17.1837689
          ]
        ]
      }
    },
    {
      "type": "Feature",
      "id": "osm-way-570315955",
      "properties": {
        "kind": "road",
        "name": null,
        "osm_id": "570315955",
        "tags": {
          "highway": "residential"
        }
      },
      "geometry": {
        "type": "LineString",
        "coordinates": [
          [
            78.6592124,
            17.1747737
          ],
          [
            78.6579893,
            17.1747019
          ],
          [
            78.6551088,
            17.1743149
          ]
        ]
      }
    },
    {
      "type": "Feature",
      "id": "osm-way-570315956",
      "properties": {
        "kind": "road",
        "name": null,
        "osm_id": "570315956",
        "tags": {
          "highway": "residential"
        }
      },
      "geometry": {
        "type": "LineString",
        "coordinates": [
          [
            78.6544026,
            17.1635514
          ],
          [
            78.6543003,
            17.1640134
          ],
          [
            78.6542756,
            17.1641119
          ],
          [
            78.6541683,
            17.1643579
          ],
          [
            78.6540214,
            17.1646605
          ],
          [
            78.6539209,
            17.164864
          ],
          [
            78.6538363,
            17.1650847
          ],
          [
            78.6536104,
            17.1657316
          ],
          [
            78.6534709,
            17.1664389
          ],
          [
            78.6534081,
            17.1666039
          ],
          [
            78.6533438,
            17.1672395
          ],
          [
            78.6532885,
            17.1676792
          ],
          [
            78.6532365,
            17.1678443
          ],
          [
            78.6530755,
            17.1680185
          ],
          [
            78.6530112,
            17.168162
          ],
          [
            78.6530096,
            17.1684788
          ],
          [
            78.6529253,
            17.1688078
          ],
          [
            78.6527859,
            17.1693614
          ],
          [
            78.6527306,
            17.1695859
          ],
          [
            78.6525589,
            17.1698934
          ],
          [
            78.6525346,
            17.1700178
          ],
          [
            78.6525171,
            17.1701071
          ],
          [
            78.6524854,
            17.1703864
          ],
          [
            78.6524747,
            17.1707452
          ],
          [
            78.6525176,
            17.1713192
          ],
          [
            78.6524962,
            17.171514
          ],
          [
            78.6524211,
            17.1718318
          ],
          [
            78.6522923,
            17.1719855
          ],
          [
            78.6522417,
            17.1721811
          ],
          [
            78.6522263,
            17.1722408
          ],
          [
            78.6521405,
            17.1724048
          ],
          [
            78.6519796,
            17.1725688
          ],
          [
            78.651713,
            17.1726723
          ],
          [
            78.6515306,
            17.1726928
          ]
        ]
      }
    },
    {
      "type": "Feature",
      "id": "osm-way-570315957",
      "properties": {
        "kind": "road",
        "name": null,
        "osm_id": "570315957",
        "tags": {
          "highway": "residential"
        }
      },
      "geometry": {
        "type": "LineString",
        "coordinates": [
          [
            78.6502217,
            17.1729798
          ],
          [
            78.6505789,
            17.1729798
          ],
          [
            78.6508654,
            17.1729798
          ],
          [
            78.651198,
            17.1730208
          ],
          [
            78.6515719,
            17.1731121
          ]
        ]
      }
    },
    {
      "type": "Feature",
      "id": "osm-way-570315958",
      "properties": {
        "kind": "road",
        "name": null,
        "osm_id": "570315958",
        "tags": {
          "highway": "residential"
        }
      },
      "geometry": {
        "type": "LineString",
        "coordinates": [
          [
            78.6525176,
            17.1713192
          ],
          [
            78.6522585,
            17.1713797
          ],
          [
            78.6515912,
            17.1714412
          ],
          [
            78.6514206,
            17.1715335
          ],
          [
            78.6512286,
            17.1716155
          ],
          [
            78.6511303,
            17.1716538
          ],
          [
            78.6507029,
            17.1718205
          ],
          [
            78.6505543,
            17.171883
          ],
          [
            78.6503272,
            17.1719004
          ],
          [
            78.6501664,
            17.1719128
          ],
          [
            78.6500492,
            17.1719253
          ],
          [
            78.6497711,
            17.1719548
          ],
          [
            78.6494277,
            17.1720983
          ],
          [
            78.6485678,
            17.1724458
          ],
          [
            78.6482889,
            17.172579
          ],
          [
            78.6481816,
            17.1726918
          ],
          [
            78.6480206,
            17.1729686
          ]
        ]
      }
    },
    {
      "type": "Feature",
      "id": "osm-way-570315959",
      "properties": {
        "kind": "road",
        "name": null,
        "osm_id": "570315959",
        "tags": {
          "highway": "residential"
        }
      },
      "geometry": {
        "type": "LineString",
        "coordinates": [
          [
            78.6472589,
            17.1648397
          ],
          [
            78.6472804,
            17.165219
          ],
          [
            78.6473678,
            17.1655071
          ],
          [
            78.6474413,
            17.1661006
          ],
          [
            78.6476773,
            17.1669104
          ],
          [
            78.6480314,
            17.168243
          ],
          [
            78.6481387,
            17.1686428
          ],
          [
            78.6482261,
            17.1689821
          ],
          [
            78.648548,
            17.1697406
          ],
          [
            78.6492759,
            17.1711337
          ],
          [
            78.6497711,
            17.1719548
          ],
          [
            78.6499733,
            17.1723535
          ],
          [
            78.6500822,
            17.1725083
          ],
          [
            78.6502201,
            17.1725688
          ],
          [
            78.6503702,
            17.1725662
          ],
          [
            78.6506223,
            17.1725619
          ],
          [
            78.6507581,
            17.1725596
          ],
          [
            78.6508852,
            17.1725593
          ],
          [
            78.6511542,
            17.1725586
          ],
          [
            78.6511736,
            17.1725586
          ],
          [
            78.6512178,
            17.1725585
          ],
          [
            78.6514324,
            17.1726098
          ],
          [
            78.6515306,
            17.1726928
          ],
          [
            78.6515306,
            17.1730208
          ],
          [
            78.6515719,
            17.1731121
          ],
          [
            78.6517221,
            17.1732351
          ],
          [
            78.6517754,
            17.173264
          ],
          [
            78.6520456,
            17.1734104
          ],
          [
            78.6522263,
            17.1735426
          ],
          [
            78.6523567,
            17.1736974
          ],
          [
            78.652464,
            17.1739536
          ],
          [
            78.6524838,
            17.1742909
          ],
          [
            78.6525284,
            17.1745277
          ],
          [
            78.6526662,
            17.1748854
          ],
          [
            78.6528272,
            17.1749879
          ],
          [
            78.6530417,
            17.1750494
          ],
          [
            78.6543399,
            17.1752339
          ],
          [
            78.6545584,
            17.1752745
          ],
          [
            78.6546498,
            17.1753081
          ]
        ]
      }
    },
    {
      "type": "Feature",
      "id": "osm-way-570315960",
      "properties": {
        "kind": "road",
        "name": null,
        "osm_id": "570315960",
        "tags": {
          "highway": "residential"
        }
      },
      "geometry": {
        "type": "LineString",
        "coordinates": [
          [
            78.656894,
            17.1703182
          ],
          [
            78.6564658,
            17.1702327
          ],
          [
            78.6558436,
            17.1701199
          ],
          [
            78.655166,
            17.1701086
          ],
          [
            78.6545132,
            17.1701199
          ],
          [
            78.6538373,
            17.1701712
          ],
          [
            78.6531168,
            17.1701701
          ],
          [
            78.6525171,
            17.1701071
          ]
        ]
      }
    },
    {
      "type": "Feature",
      "id": "osm-way-570316057",
      "properties": {
        "kind": "road",
        "name": null,
        "osm_id": "570316057",
        "tags": {
          "highway": "residential"
        }
      },
      "geometry": {
        "type": "LineString",
        "coordinates": [
          [
            78.6525346,
            17.1700178
          ],
          [
            78.652398,
            17.1699959
          ],
          [
            78.6522065,
            17.1699149
          ],
          [
            78.6516593,
            17.1698227
          ],
          [
            78.6514324,
            17.1698319
          ],
          [
            78.6512608,
            17.1697909
          ],
          [
            78.6511226,
            17.1696741
          ],
          [
            78.65108,
            17.1696381
          ],
          [
            78.6508852,
            17.1694424
          ],
          [
            78.6505757,
            17.1693409
          ],
          [
            78.6498982,
            17.1691451
          ],
          [
            78.6494368,
            17.1690016
          ],
          [
            78.6492866,
            17.1690016
          ],
          [
            78.6490721,
            17.1690323
          ],
          [
            78.6489111,
            17.1691246
          ],
          [
            78.6488146,
            17.1693091
          ],
          [
            78.6487824,
            17.1694834
          ],
          [
            78.648718,
            17.1696064
          ],
          [
            78.648548,
            17.1697406
          ]
        ]
      }
    },
    {
      "type": "Feature",
      "id": "osm-way-570316092",
      "properties": {
        "kind": "road",
        "name": null,
        "osm_id": "570316092",
        "tags": {
          "highway": "residential"
        }
      },
      "geometry": {
        "type": "LineString",
        "coordinates": [
          [
            78.6508654,
            17.1729798
          ],
          [
            78.6508852,
            17.1725593
          ]
        ]
      }
    },
    {
      "type": "Feature",
      "id": "osm-way-570316094",
      "properties": {
        "kind": "road",
        "name": null,
        "osm_id": "570316094",
        "tags": {
          "highway": "residential"
        }
      },
      "geometry": {
        "type": "LineString",
        "coordinates": [
          [
            78.6503702,
            17.1725662
          ],
          [
            78.6503272,
            17.1719004
          ]
        ]
      }
    },
    {
      "type": "Feature",
      "id": "osm-way-570316095",
      "properties": {
        "kind": "road",
        "name": null,
        "osm_id": "570316095",
        "tags": {
          "highway": "residential"
        }
      },
      "geometry": {
        "type": "LineString",
        "coordinates": [
          [
            78.6517754,
            17.173264
          ],
          [
            78.651713,
            17.1726723
          ],
          [
            78.6516684,
            17.1722408
          ],
          [
            78.6515912,
            17.1714412
          ]
        ]
      }
    },
    {
      "type": "Feature",
      "id": "osm-way-570316100",
      "properties": {
        "kind": "road",
        "name": null,
        "osm_id": "570316100",
        "tags": {
          "highway": "residential"
        }
      },
      "geometry": {
        "type": "LineString",
        "coordinates": [
          [
            78.6503703,
            17.1792315
          ],
          [
            78.6527756,
            17.1791696
          ]
        ]
      }
    },
    {
      "type": "Feature",
      "id": "osm-way-570316101",
      "properties": {
        "kind": "road",
        "name": null,
        "osm_id": "570316101",
        "tags": {
          "highway": "residential"
        }
      },
      "geometry": {
        "type": "LineString",
        "coordinates": [
          [
            78.6503703,
            17.1792315
          ],
          [
            78.6504126,
            17.1802478
          ]
        ]
      }
    },
    {
      "type": "Feature",
      "id": "osm-way-570316553",
      "properties": {
        "kind": "road",
        "name": null,
        "osm_id": "570316553",
        "tags": {
          "highway": "residential"
        }
      },
      "geometry": {
        "type": "LineString",
        "coordinates": [
          [
            78.6337615,
            17.1679744
          ],
          [
            78.6341928,
            17.1677598
          ],
          [
            78.6345827,
            17.1675659
          ],
          [
            78.6346847,
            17.1675152
          ],
          [
            78.6349122,
            17.167424
          ],
          [
            78.6351053,
            17.1673625
          ],
          [
            78.6353091,
            17.167342
          ]
        ]
      }
    },
    {
      "type": "Feature",
      "id": "osm-way-570316554",
      "properties": {
        "kind": "road",
        "name": null,
        "osm_id": "570316554",
        "tags": {
          "highway": "residential",
          "source": "Bing"
        }
      },
      "geometry": {
        "type": "LineString",
        "coordinates": [
          [
            78.6443712,
            17.1798281
          ],
          [
            78.6453706,
            17.1829626
          ],
          [
            78.6454779,
            17.1830548
          ],
          [
            78.6456388,
            17.1831471
          ],
          [
            78.6458105,
            17.1833315
          ],
          [
            78.6458534,
            17.1835468
          ],
          [
            78.6458856,
            17.1836493
          ],
          [
            78.6459822,
            17.183762
          ],
          [
            78.6459761,
            17.1838582
          ]
        ]
      }
    },
    {
      "type": "Feature",
      "id": "osm-way-570316555",
      "properties": {
        "kind": "road",
        "name": null,
        "osm_id": "570316555",
        "tags": {
          "highway": "tertiary",
          "source": "Bing"
        }
      },
      "geometry": {
        "type": "LineString",
        "coordinates": [
          [
            78.6331945,
            17.1700564
          ],
          [
            78.6331837,
            17.1698729
          ],
          [
            78.6332224,
            17.1697286
          ],
          [
            78.633291,
            17.169561
          ],
          [
            78.6333355,
            17.1694521
          ],
          [
            78.6334683,
            17.1690078
          ],
          [
            78.6335378,
            17.168775
          ],
          [
            78.6335925,
            17.1685926
          ],
          [
            78.6336354,
            17.168367
          ],
          [
            78.6336655,
            17.1682328
          ],
          [
            78.6336655,
            17.1681303
          ],
          [
            78.6336467,
            17.1680639
          ]
        ]
      }
    },
    {
      "type": "Feature",
      "id": "osm-way-570317235",
      "properties": {
        "kind": "road",
        "name": null,
        "osm_id": "570317235",
        "tags": {
          "highway": "residential"
        }
      },
      "geometry": {
        "type": "LineString",
        "coordinates": [
          [
            78.6342877,
            17.1673204
          ],
          [
            78.6342653,
            17.1672174
          ],
          [
            78.6342096,
            17.1669613
          ],
          [
            78.6341653,
            17.1667577
          ],
          [
            78.6341303,
            17.1665968
          ],
          [
            78.6340927,
            17.1664238
          ],
          [
            78.6340584,
            17.1662662
          ],
          [
            78.6340538,
            17.1662451
          ],
          [
            78.6340157,
            17.1660951
          ],
          [
            78.6339337,
            17.1657726
          ]
        ]
      }
    },
    {
      "type": "Feature",
      "id": "osm-way-570317236",
      "properties": {
        "kind": "road",
        "name": null,
        "osm_id": "570317236",
        "tags": {
          "highway": "residential"
        }
      },
      "geometry": {
        "type": "LineString",
        "coordinates": [
          [
            78.6332577,
            17.1673513
          ],
          [
            78.6333029,
            17.1676945
          ],
          [
            78.6333319,
            17.1679151
          ],
          [
            78.6333599,
            17.1681281
          ],
          [
            78.6333798,
            17.1682802
          ]
        ]
      }
    },
    {
      "type": "Feature",
      "id": "osm-way-570317237",
      "properties": {
        "kind": "road",
        "name": null,
        "osm_id": "570317237",
        "tags": {
          "highway": "residential"
        }
      },
      "geometry": {
        "type": "LineString",
        "coordinates": [
          [
            78.6357254,
            17.1658853
          ],
          [
            78.6350924,
            17.1660493
          ],
          [
            78.6349873,
            17.1661119
          ],
          [
            78.6348971,
            17.1662041
          ]
        ]
      }
    },
    {
      "type": "Feature",
      "id": "osm-way-570317238",
      "properties": {
        "kind": "road",
        "name": null,
        "osm_id": "570317238",
        "tags": {
          "highway": "residential",
          "source": "Bing"
        }
      },
      "geometry": {
        "type": "LineString",
        "coordinates": [
          [
            78.6328608,
            17.1695756
          ],
          [
            78.6327991,
            17.1691229
          ],
          [
            78.6327651,
            17.1688733
          ],
          [
            78.6327535,
            17.1687878
          ],
          [
            78.6326923,
            17.1682107
          ],
          [
            78.6326709,
            17.168009
          ],
          [
            78.6326461,
            17.1677755
          ],
          [
            78.6326035,
            17.1673742
          ]
        ]
      }
    },
    {
      "type": "Feature",
      "id": "osm-way-570317239",
      "properties": {
        "kind": "road",
        "name": null,
        "osm_id": "570317239",
        "tags": {
          "highway": "residential"
        }
      },
      "geometry": {
        "type": "LineString",
        "coordinates": [
          [
            78.635661,
            17.1681918
          ],
          [
            78.6353713,
            17.1676792
          ],
          [
            78.6353091,
            17.167342
          ],
          [
            78.6352748,
            17.1671769
          ],
          [
            78.6352962,
            17.1670949
          ],
          [
            78.6353821,
            17.1670334
          ],
          [
            78.6357254,
            17.1669514
          ],
          [
            78.6358327,
            17.1668797
          ],
          [
            78.6359507,
            17.1668181
          ],
          [
            78.6359722,
            17.1667156
          ],
          [
            78.6359421,
            17.1665219
          ],
          [
            78.6357254,
            17.1658853
          ],
          [
            78.6356417,
            17.1656096
          ],
          [
            78.6356417,
            17.1655071
          ],
          [
            78.6357147,
            17.1654035
          ],
          [
            78.6358563,
            17.1651585
          ],
          [
            78.6360923,
            17.164933
          ],
          [
            78.6363605,
            17.164728
          ],
          [
            78.6370901,
            17.1642052
          ],
          [
            78.6372703,
            17.1640196
          ],
          [
            78.6375922,
            17.1636609
          ],
          [
            78.6379785,
            17.1632508
          ],
          [
            78.6383325,
            17.1629945
          ],
          [
            78.6394392,
            17.162155
          ],
          [
            78.6400507,
            17.1616014
          ],
          [
            78.6407803,
            17.1608121
          ],
          [
            78.6411327,
            17.1603395
          ],
          [
            78.6412293,
            17.1601447
          ],
          [
            78.6414546,
            17.1596014
          ],
          [
            78.6416708,
            17.1592129
          ],
          [
            78.6418317,
            17.1590284
          ],
          [
            78.6420554,
            17.1589043
          ],
          [
            78.6421965,
            17.1587618
          ],
          [
            78.6423236,
            17.1586993
          ],
          [
            78.6424524,
            17.1586993
          ],
          [
            78.6425234,
            17.1587333
          ],
          [
            78.6426042,
            17.1587721
          ],
          [
            78.6427421,
            17.1587608
          ],
          [
            78.642903,
            17.1586788
          ],
          [
            78.6430961,
            17.1586685
          ],
          [
            78.6432586,
            17.1586183
          ],
          [
            78.6434303,
            17.1585055
          ],
          [
            78.6435896,
            17.1584123
          ],
          [
            78.6437613,
            17.1583917
          ],
          [
            78.6446411,
            17.158402
          ],
          [
            78.6451239,
            17.158402
          ],
          [
            78.6458336,
            17.1585055
          ],
          [
            78.6458963,
            17.1585865
          ],
          [
            78.64595,
            17.1586788
          ],
          [
            78.64595,
            17.1587813
          ],
          [
            78.6459516,
            17.1588951
          ],
          [
            78.6460481,
            17.1593769
          ]
        ]
      }
    },
    {
      "type": "Feature",
      "id": "osm-way-570317240",
      "properties": {
        "kind": "road",
        "name": null,
        "osm_id": "570317240",
        "tags": {
          "highway": "residential"
        }
      },
      "geometry": {
        "type": "LineString",
        "coordinates": [
          [
            78.6360923,
            17.167219
          ],
          [
            78.6356632,
            17.1672907
          ],
          [
            78.6353091,
            17.167342
          ]
        ]
      }
    },
    {
      "type": "Feature",
      "id": "osm-way-570317241",
      "properties": {
        "kind": "road",
        "name": null,
        "osm_id": "570317241",
        "tags": {
          "highway": "residential"
        }
      },
      "geometry": {
        "type": "LineString",
        "coordinates": [
          [
            78.6341171,
            17.1657131
          ],
          [
            78.6342126,
            17.1657213
          ],
          [
            78.6343006,
            17.1657531
          ],
          [
            78.6345506,
            17.1659421
          ],
          [
            78.6348971,
            17.1662041
          ],
          [
            78.6349851,
            17.1663056
          ],
          [
            78.6350945,
            17.1664809
          ],
          [
            78.6352962,
            17.1670949
          ]
        ]
      }
    },
    {
      "type": "Feature",
      "id": "osm-way-570317242",
      "properties": {
        "kind": "road",
        "name": null,
        "osm_id": "570317242",
        "tags": {
          "highway": "residential"
        }
      },
      "geometry": {
        "type": "LineString",
        "coordinates": [
          [
            78.63227689241319,
            17.16740187239529
          ],
          [
            78.632293,
            17.1674005
          ],
          [
            78.6326035,
            17.1673742
          ],
          [
            78.6328629,
            17.1673522
          ],
          [
            78.6330133,
            17.1673519
          ],
          [
            78.6332577,
            17.1673513
          ],
          [
            78.6336712,
            17.1673504
          ],
          [
            78.6340302,
            17.1673409
          ],
          [
            78.634142,
            17.1673256
          ],
          [
            78.6341804,
            17.1673204
          ],
          [
            78.6342877,
            17.1673204
          ],
          [
            78.6344057,
            17.1673922
          ],
          [
            78.6345827,
            17.1675659
          ]
        ]
      }
    },
    {
      "type": "Feature",
      "id": "osm-way-570317834",
      "properties": {
        "kind": "road",
        "name": null,
        "osm_id": "570317834",
        "tags": {
          "highway": "residential"
        }
      },
      "geometry": {
        "type": "LineString",
        "coordinates": [
          [
            78.6328547,
            17.1650294
          ],
          [
            78.6330565,
            17.1656593
          ],
          [
            78.6331118,
            17.165848
          ],
          [
            78.6331741,
            17.1660606
          ]
        ]
      }
    },
    {
      "type": "Feature",
      "id": "osm-way-570317836",
      "properties": {
        "kind": "road",
        "name": null,
        "osm_id": "570317836",
        "tags": {
          "highway": "residential"
        }
      },
      "geometry": {
        "type": "LineString",
        "coordinates": [
          [
            78.632584,
            17.1663169
          ],
          [
            78.6331741,
            17.1660606
          ],
          [
            78.6333216,
            17.1660078
          ]
        ]
      }
    },
    {
      "type": "Feature",
      "id": "osm-way-570317837",
      "properties": {
        "kind": "road",
        "name": null,
        "osm_id": "570317837",
        "tags": {
          "highway": "tertiary"
        }
      },
      "geometry": {
        "type": "LineString",
        "coordinates": [
          [
            78.6336467,
            17.1680639
          ],
          [
            78.6333798,
            17.1682802
          ],
          [
            78.6331429,
            17.1684722
          ],
          [
            78.6327535,
            17.1687878
          ],
          [
            78.63264315575249,
            17.168861456363558
          ]
        ]
      }
    },
    {
      "type": "Feature",
      "id": "osm-way-570317838",
      "properties": {
        "kind": "road",
        "name": null,
        "osm_id": "570317838",
        "tags": {
          "highway": "tertiary",
          "source": "Bing"
        }
      },
      "geometry": {
        "type": "LineString",
        "coordinates": [
          [
            78.63171257754598,
            17.160414198745226
          ],
          [
            78.6318768,
            17.1606657
          ],
          [
            78.6320368,
            17.161015
          ],
          [
            78.6321625,
            17.1613751
          ],
          [
            78.632444,
            17.1619202
          ],
          [
            78.6327965,
            17.1623319
          ],
          [
            78.6329874,
            17.162668
          ],
          [
            78.6332792,
            17.1633041
          ],
          [
            78.6335581,
            17.1640226
          ],
          [
            78.6335802,
            17.1640796
          ],
          [
            78.633696,
            17.1644318
          ],
          [
            78.6337332,
            17.1645452
          ],
          [
            78.6338167,
            17.1647991
          ],
          [
            78.6338624,
            17.1649381
          ],
          [
            78.633986,
            17.1653144
          ],
          [
            78.6339962,
            17.1653453
          ],
          [
            78.634044,
            17.1654908
          ],
          [
            78.6340609,
            17.165542
          ],
          [
            78.6341171,
            17.1657131
          ]
        ]
      }
    },
    {
      "type": "Feature",
      "id": "osm-way-570317839",
      "properties": {
        "kind": "road",
        "name": null,
        "osm_id": "570317839",
        "tags": {
          "highway": "tertiary"
        }
      },
      "geometry": {
        "type": "LineString",
        "coordinates": [
          [
            78.6341171,
            17.1657131
          ],
          [
            78.6339337,
            17.1657726
          ],
          [
            78.6333543,
            17.1659566
          ],
          [
            78.6333216,
            17.1660078
          ],
          [
            78.6333878,
            17.1662248
          ],
          [
            78.6334412,
            17.1663997
          ],
          [
            78.6334888,
            17.1665556
          ],
          [
            78.6335366,
            17.1667121
          ],
          [
            78.6336171,
            17.166976
          ],
          [
            78.6336712,
            17.1673504
          ],
          [
            78.6337615,
            17.1679744
          ],
          [
            78.6336467,
            17.1680639
          ]
        ]
      }
    },
    {
      "type": "Feature",
      "id": "osm-way-570324107",
      "properties": {
        "kind": "road",
        "name": null,
        "osm_id": "570324107",
        "tags": {
          "highway": "unclassified"
        }
      },
      "geometry": {
        "type": "LineString",
        "coordinates": [
          [
            78.6330692023183,
            17.170229010015426
          ],
          [
            78.6330732,
            17.1701917
          ],
          [
            78.6331306,
            17.1700974
          ],
          [
            78.6331945,
            17.1700564
          ]
        ]
      }
    },
    {
      "type": "Feature",
      "id": "osm-way-570324452",
      "properties": {
        "kind": "road",
        "name": null,
        "osm_id": "570324452",
        "tags": {
          "highway": "residential",
          "source": "Bing"
        }
      },
      "geometry": {
        "type": "LineString",
        "coordinates": [
          [
            78.6327991,
            17.1691229
          ],
          [
            78.6332122,
            17.1690518
          ],
          [
            78.6334683,
            17.1690078
          ]
        ]
      }
    },
    {
      "type": "Feature",
      "id": "osm-way-570324454",
      "properties": {
        "kind": "road",
        "name": null,
        "osm_id": "570324454",
        "tags": {
          "highway": "residential",
          "source": "Bing"
        }
      },
      "geometry": {
        "type": "LineString",
        "coordinates": [
          [
            78.6326709,
            17.168009
          ],
          [
            78.6330763,
            17.1679514
          ],
          [
            78.6333319,
            17.1679151
          ]
        ]
      }
    },
    {
      "type": "Feature",
      "id": "osm-way-673612649",
      "properties": {
        "kind": "road",
        "name": null,
        "osm_id": "673612649",
        "tags": {
          "highway": "service"
        }
      },
      "geometry": {
        "type": "LineString",
        "coordinates": [
          [
            78.661127,
            17.1613579
          ],
          [
            78.6609353,
            17.1613253
          ],
          [
            78.6604545,
            17.16124
          ],
          [
            78.6598805,
            17.1611631
          ],
          [
            78.6595425,
            17.1611632
          ],
          [
            78.6594942,
            17.1611017
          ],
          [
            78.6594808,
            17.1609761
          ],
          [
            78.659521,
            17.1605917
          ],
          [
            78.6595291,
            17.1603815
          ]
        ]
      }
    },
    {
      "type": "Feature",
      "id": "osm-way-673612650",
      "properties": {
        "kind": "road",
        "name": null,
        "osm_id": "673612650",
        "tags": {
          "highway": "service"
        }
      },
      "geometry": {
        "type": "LineString",
        "coordinates": [
          [
            78.6597303,
            17.1623395
          ],
          [
            78.6597865,
            17.1620934
          ],
          [
            78.6598429,
            17.1616219
          ],
          [
            78.6598805,
            17.1611631
          ]
        ]
      }
    },
    {
      "type": "Feature",
      "id": "osm-way-673612651",
      "properties": {
        "kind": "road",
        "name": null,
        "osm_id": "673612651",
        "tags": {
          "highway": "service"
        }
      },
      "geometry": {
        "type": "LineString",
        "coordinates": [
          [
            78.6569595,
            17.1628495
          ],
          [
            78.6577722,
            17.1628725
          ],
          [
            78.6589524,
            17.1629187
          ],
          [
            78.6593547,
            17.1629289
          ]
        ]
      }
    },
    {
      "type": "Feature",
      "id": "osm-way-673612652",
      "properties": {
        "kind": "road",
        "name": null,
        "osm_id": "673612652",
        "tags": {
          "highway": "service"
        }
      },
      "geometry": {
        "type": "LineString",
        "coordinates": [
          [
            78.6571205,
            17.162055
          ],
          [
            78.6570078,
            17.1623241
          ],
          [
            78.6569434,
            17.1625855
          ],
          [
            78.6569408,
            17.1627598
          ],
          [
            78.6569595,
            17.1628495
          ],
          [
            78.6570024,
            17.162993
          ]
        ]
      }
    },
    {
      "type": "Feature",
      "id": "osm-way-673612653",
      "properties": {
        "kind": "road",
        "name": null,
        "osm_id": "673612653",
        "tags": {
          "highway": "service"
        }
      },
      "geometry": {
        "type": "LineString",
        "coordinates": [
          [
            78.6604921,
            17.1626883
          ],
          [
            78.6601701,
            17.1625368
          ],
          [
            78.6597303,
            17.1623395
          ],
          [
            78.6593252,
            17.1622242
          ],
          [
            78.6583301,
            17.1621242
          ],
          [
            78.6577079,
            17.1620729
          ],
          [
            78.6571205,
            17.162055
          ],
          [
            78.6569139,
            17.1620396
          ],
          [
            78.6567906,
            17.1620166
          ]
        ]
      }
    },
    {
      "type": "Feature",
      "id": "osm-way-740792970",
      "properties": {
        "kind": "road",
        "name": null,
        "osm_id": "740792970",
        "tags": {
          "highway": "unclassified"
        }
      },
      "geometry": {
        "type": "LineString",
        "coordinates": [
          [
            78.635695,
            17.1749258
          ],
          [
            78.636144,
            17.174725
          ],
          [
            78.6366001,
            17.1745154
          ],
          [
            78.6365973,
            17.1744906
          ],
          [
            78.6365193,
            17.1740741
          ]
        ]
      }
    },
    {
      "type": "Feature",
      "id": "osm-way-762999834",
      "properties": {
        "kind": "road",
        "name": null,
        "osm_id": "762999834",
        "tags": {
          "highway": "primary",
          "oneway": "yes",
          "ref": "SH19"
        }
      },
      "geometry": {
        "type": "LineString",
        "coordinates": [
          [
            78.64932603680484,
            17.186861566848904
          ],
          [
            78.6495104,
            17.1864545
          ],
          [
            78.6496545,
            17.1861363
          ],
          [
            78.6499295,
            17.1855529
          ],
          [
            78.6501576,
            17.1851009
          ],
          [
            78.6503224,
            17.1847275
          ],
          [
            78.6506949,
            17.1838969
          ],
          [
            78.6508172,
            17.1836256
          ],
          [
            78.6511719,
            17.1828392
          ],
          [
            78.6513312,
            17.1825345
          ],
          [
            78.6515823,
            17.1819992
          ],
          [
            78.6521097,
            17.1808169
          ],
          [
            78.6522026,
            17.1806086
          ],
          [
            78.6527283,
            17.1794568
          ],
          [
            78.6531808,
            17.1784794
          ],
          [
            78.6536698,
            17.1774016
          ],
          [
            78.6541982,
            17.176251
          ],
          [
            78.6546233,
            17.1753656
          ],
          [
            78.6546498,
            17.1753081
          ],
          [
            78.6551088,
            17.1743149
          ],
          [
            78.6553569,
            17.1737512
          ],
          [
            78.6561134,
            17.1720882
          ]
        ]
      }
    },
    {
      "type": "Feature",
      "id": "osm-way-774882127",
      "properties": {
        "kind": "road",
        "name": null,
        "osm_id": "774882127",
        "tags": {
          "highway": "primary",
          "oneway": "yes",
          "ref": "SH19",
          "source": "Yahoo hires"
        }
      },
      "geometry": {
        "type": "LineString",
        "coordinates": [
          [
            78.6497599,
            17.1857013
          ],
          [
            78.6495662,
            17.18612
          ],
          [
            78.6494252,
            17.186429
          ],
          [
            78.64924255882812,
            17.186829100640438
          ]
        ]
      }
    },
    {
      "type": "Feature",
      "id": "osm-way-815289047",
      "properties": {
        "kind": "road",
        "name": null,
        "osm_id": "815289047",
        "tags": {
          "highway": "tertiary",
          "source": "Yahoo hires"
        }
      },
      "geometry": {
        "type": "LineString",
        "coordinates": [
          [
            78.6781231,
            17.17806
          ],
          [
            78.6781379,
            17.1778249
          ],
          [
            78.6780985,
            17.1777309
          ],
          [
            78.6780591,
            17.1776251
          ],
          [
            78.6780837,
            17.1775122
          ],
          [
            78.6782781,
            17.1770796
          ],
          [
            78.6783027,
            17.177042
          ],
          [
            78.6783569,
            17.177002
          ],
          [
            78.6794962,
            17.1764942
          ],
          [
            78.6797571,
            17.1764825
          ],
          [
            78.6799072,
            17.1764284
          ],
          [
            78.6801065,
            17.1763837
          ],
          [
            78.6802985,
            17.1763767
          ],
          [
            78.6803507,
            17.1763432
          ],
          [
            78.680396,
            17.1762734
          ],
          [
            78.6804586,
            17.1762002
          ],
          [
            78.6805352,
            17.1761769
          ],
          [
            78.680643,
            17.1761537
          ],
          [
            78.6806604,
            17.1760772
          ],
          [
            78.6807057,
            17.1758278
          ],
          [
            78.6807335,
            17.1756815
          ],
          [
            78.6807405,
            17.1755718
          ],
          [
            78.6807245,
            17.175534
          ],
          [
            78.6806535,
            17.1753657
          ],
          [
            78.6805073,
            17.1750664
          ],
          [
            78.6804342,
            17.1750032
          ],
          [
            78.6802602,
            17.1749334
          ],
          [
            78.6801349,
            17.1748603
          ],
          [
            78.6800566,
            17.1747838
          ],
          [
            78.6799766,
            17.1746608
          ],
          [
            78.6798061,
            17.1745577
          ],
          [
            78.67968,
            17.1744995
          ]
        ]
      }
    }
  ]
}
