{
  "type": "FeatureCollection",
  "metadata": {
    "center": {
      "lat": 17.161849,
      "lon": 78.659909
    },
    "radius_m": 1500,
    "source": "OpenStreetMap",
    "attribution": "© OpenStreetMap contributors",
    "license": "ODbL-1.0",
    "license_url": "https://opendatacommons.org/licenses/odbl/1-0/",
    "source_url": "https://api.openstreetmap.org/api/0.6/map?bbox=78.6458,17.1484,78.6740,17.1753",
    "retrieved": "2026-10-10",
    "bounds": {
      "west": 78.6458,
      "south": 17.1484,
      "east": 78.674,
      "north": 17.1753
    },
    "clip": "feature geometries intersected with a 1,500 m local metric circle centered at supplied coordinates; local equirectangular projection",
    "source_sha256": "040d4857a49eb0716db24be5c9e86c47c252dfde36a76f0db878892ca7f0cdd0"
  },
  "features": [
    {
      "type": "Feature",
      "id": "osm-way-1070118852",
      "properties": {
        "kind": "building",
        "name": null,
        "osm_id": "1070118852",
        "tags": {
          "building": "yes"
        }
      },
      "geometry": {
        "type": "Polygon",
        "coordinates": [
          [
            [
              78.6519065,
              17.1725331
            ],
            [
              78.6519058,
              17.1724479
            ],
            [
              78.6518259,
              17.1724496
            ],
            [
              78.651828,
              17.1725356
            ],
            [
              78.6519065,
              17.1725331
            ]
          ]
        ]
      }
    },
    {
      "type": "Feature",
      "id": "osm-way-1070118853",
      "properties": {
        "kind": "building",
        "name": null,
        "osm_id": "1070118853",
        "tags": {
          "building": "yes"
        }
      },
      "geometry": {
        "type": "Polygon",
        "coordinates": [
          [
            [
              78.6517518,
              17.1721784
            ],
            [
              78.6517404,
              17.1720804
            ],
            [
              78.6516627,
              17.1720898
            ],
            [
              78.6516761,
              17.1721906
            ],
            [
              78.6517518,
              17.1721784
            ]
          ]
        ]
      }
    },
    {
      "type": "Feature",
      "id": "osm-way-1070118854",
      "properties": {
        "kind": "building",
        "name": null,
        "osm_id": "1070118854",
        "tags": {
          "building": "yes"
        }
      },
      "geometry": {
        "type": "Polygon",
        "coordinates": [
          [
            [
              78.6514611,
              17.1720366
            ],
            [
              78.651435,
              17.1719431
            ],
            [
              78.6513656,
              17.1719608
            ],
            [
              78.6513917,
              17.1720543
            ],
            [
              78.6514611,
              17.1720366
            ]
          ]
        ]
      }
    },
    {
      "type": "Feature",
      "id": "osm-way-1070118855",
      "properties": {
        "kind": "building",
        "name": null,
        "osm_id": "1070118855",
        "tags": {
          "building": "yes"
        }
      },
      "geometry": {
        "type": "Polygon",
        "coordinates": [
          [
            [
              78.6518584,
              17.1721819
            ],
            [
              78.6518578,
              17.1721179
            ],
            [
              78.6517647,
              17.1721212
            ],
            [
              78.6517673,
              17.1721858
            ],
            [
              78.6518584,
              17.1721819
            ]
          ]
        ]
      }
    },
    {
      "type": "Feature",
      "id": "osm-way-1133164421",
      "properties": {
        "kind": "building",
        "name": null,
        "osm_id": "1133164421",
        "tags": {
          "building": "yes"
        }
      },
      "geometry": {
        "type": "Polygon",
        "coordinates": [
          [
            [
              78.6589712,
              17.1627418
            ],
            [
              78.6589857,
              17.1626227
            ],
            [
              78.6580174,
              17.1625151
            ],
            [
              78.6580029,
              17.1626342
            ],
            [
              78.6589712,
              17.1627418
            ]
          ]
        ]
      }
    },
    {
      "type": "Feature",
      "id": "osm-way-1133164422",
      "properties": {
        "kind": "building",
        "name": null,
        "osm_id": "1133164422",
        "tags": {
          "building": "yes"
        }
      },
      "geometry": {
        "type": "Polygon",
        "coordinates": [
          [
            [
              78.6586225,
              17.1624651
            ],
            [
              78.6586439,
              17.1622716
            ],
            [
              78.658365,
              17.1622434
            ],
            [
              78.6583436,
              17.1624369
            ],
            [
              78.6586225,
              17.1624651
            ]
          ]
        ]
      }
    },
    {
      "type": "Feature",
      "id": "osm-way-1133164423",
      "properties": {
        "kind": "building",
        "name": null,
        "osm_id": "1133164423",
        "tags": {
          "building": "yes"
        }
      },
      "geometry": {
        "type": "Polygon",
        "coordinates": [
          [
            [
              78.6582819,
              17.1624343
            ],
            [
              78.6583116,
              17.1622325
            ],
            [
              78.6581024,
              17.1622043
            ],
            [
              78.6580726,
              17.1624061
            ],
            [
              78.6582819,
              17.1624343
            ]
          ]
        ]
      }
    },
    {
      "type": "Feature",
      "id": "osm-way-1133164424",
      "properties": {
        "kind": "building",
        "name": null,
        "osm_id": "1133164424",
        "tags": {
          "building": "yes"
        }
      },
      "geometry": {
        "type": "Polygon",
        "coordinates": [
          [
            [
              78.6565284,
              17.1610513
            ],
            [
              78.6568335,
              17.1610786
            ],
            [
              78.6568489,
              17.1609214
            ],
            [
              78.6565438,
              17.1608941
            ],
            [
              78.6565284,
              17.1610513
            ]
          ]
        ]
      }
    },
    {
      "type": "Feature",
      "id": "osm-way-1133164425",
      "properties": {
        "kind": "building",
        "name": null,
        "osm_id": "1133164425",
        "tags": {
          "building": "yes"
        }
      },
      "geometry": {
        "type": "Polygon",
        "coordinates": [
          [
            [
              78.65689,
              17.160879
            ],
            [
              78.6569166,
              17.160607
            ],
            [
              78.6565409,
              17.1605734
            ],
            [
              78.6565143,
              17.1608454
            ],
            [
              78.65689,
              17.160879
            ]
          ]
        ]
      }
    },
    {
      "type": "Feature",
      "id": "osm-way-1133164426",
      "properties": {
        "kind": "building",
        "name": null,
        "osm_id": "1133164426",
        "tags": {
          "building": "yes"
        }
      },
      "geometry": {
        "type": "Polygon",
        "coordinates": [
          [
            [
              78.6578795,
              17.1619474
            ],
            [
              78.6579038,
              17.1616998
            ],
            [
              78.6572735,
              17.1616434
            ],
            [
              78.6572492,
              17.161891
            ],
            [
              78.6578795,
              17.1619474
            ]
          ]
        ]
      }
    },
    {
      "type": "Feature",
      "id": "osm-way-1133164427",
      "properties": {
        "kind": "building",
        "name": null,
        "osm_id": "1133164427",
        "tags": {
          "building": "yes"
        }
      },
      "geometry": {
        "type": "Polygon",
        "coordinates": [
          [
            [
              78.6582953,
              17.1619448
            ],
            [
              78.6583986,
              17.1610932
            ],
            [
              78.6582135,
              17.1610727
            ],
            [
              78.6581102,
              17.1619243
            ],
            [
              78.6582953,
              17.1619448
            ]
          ]
        ]
      }
    },
    {
      "type": "Feature",
      "id": "osm-way-1133164428",
      "properties": {
        "kind": "building",
        "name": null,
        "osm_id": "1133164428",
        "tags": {
          "building": "yes"
        }
      },
      "geometry": {
        "type": "Polygon",
        "coordinates": [
          [
            [
              78.658652,
              17.1620166
            ],
            [
              78.6587475,
              17.161111
            ],
            [
              78.6586215,
              17.1610956
            ],
            [
              78.6585259,
              17.1620089
            ],
            [
              78.658652,
              17.1620166
            ]
          ]
        ]
      }
    },
    {
      "type": "Feature",
      "id": "osm-way-1133164429",
      "properties": {
        "kind": "building",
        "name": null,
        "osm_id": "1133164429",
        "tags": {
          "building": "yes"
        }
      },
      "geometry": {
        "type": "Polygon",
        "coordinates": [
          [
            [
              78.6594781,
              17.1620499
            ],
            [
              78.6595035,
              17.1617621
            ],
            [
              78.6592487,
              17.1617416
            ],
            [
              78.6592233,
              17.1620294
            ],
            [
              78.6594781,
              17.1620499
            ]
          ]
        ]
      }
    },
    {
      "type": "Feature",
      "id": "osm-way-1133164430",
      "properties": {
        "kind": "building",
        "name": null,
        "osm_id": "1133164430",
        "tags": {
          "building": "yes"
        }
      },
      "geometry": {
        "type": "Polygon",
        "coordinates": [
          [
            [
              78.6595345,
              17.161504
            ],
            [
              78.6595657,
              17.1611829
            ],
            [
              78.659335,
              17.1611624
            ],
            [
              78.6593038,
              17.1614835
            ],
            [
              78.6595345,
              17.161504
            ]
          ]
        ]
      }
    },
    {
      "type": "Feature",
      "id": "osm-way-1133164431",
      "properties": {
        "kind": "building",
        "name": null,
        "osm_id": "1133164431",
        "tags": {
          "building": "yes"
        }
      },
      "geometry": {
        "type": "Polygon",
        "coordinates": [
          [
            [
              78.6597624,
              17.1620832
            ],
            [
              78.6598477,
              17.161211
            ],
            [
              78.6597056,
              17.1612059
            ],
            [
              78.659631,
              17.1620729
            ],
            [
              78.6597624,
              17.1620832
            ]
          ]
        ]
      }
    },
    {
      "type": "Feature",
      "id": "osm-way-1133164432",
      "properties": {
        "kind": "building",
        "name": null,
        "osm_id": "1133164432",
        "tags": {
          "building": "yes"
        }
      },
      "geometry": {
        "type": "Polygon",
        "coordinates": [
          [
            [
              78.6606207,
              17.1616245
            ],
            [
              78.6606523,
              17.161357
            ],
            [
              78.6601293,
              17.1613007
            ],
            [
              78.6600977,
              17.1615681
            ],
            [
              78.6606207,
              17.1616245
            ]
          ]
        ]
      }
    },
    {
      "type": "Feature",
      "id": "osm-way-1133165094",
      "properties": {
        "kind": "road",
        "name": null,
        "osm_id": "1133165094",
        "tags": {
          "highway": "residential"
        }
      },
      "geometry": {
        "type": "LineString",
        "coordinates": [
          [
            78.6621739,
            17.1655485
          ],
          [
            78.6622247,
            17.1666141
          ]
        ]
      }
    },
    {
      "type": "Feature",
      "id": "osm-way-1133165095",
      "properties": {
        "kind": "road",
        "name": null,
        "osm_id": "1133165095",
        "tags": {
          "highway": "residential"
        }
      },
      "geometry": {
        "type": "LineString",
        "coordinates": [
          [
            78.6618145,
            17.1655636
          ],
          [
            78.6618599,
            17.1666475
          ]
        ]
      }
    },
    {
      "type": "Feature",
      "id": "osm-way-1133165096",
      "properties": {
        "kind": "road",
        "name": null,
        "osm_id": "1133165096",
        "tags": {
          "highway": "residential"
        }
      },
      "geometry": {
        "type": "LineString",
        "coordinates": [
          [
            78.6614253,
            17.1655801
          ],
          [
            78.6614764,
            17.166668
          ]
        ]
      }
    },
    {
      "type": "Feature",
      "id": "osm-way-1133165097",
      "properties": {
        "kind": "road",
        "name": null,
        "osm_id": "1133165097",
        "tags": {
          "highway": "residential"
        }
      },
      "geometry": {
        "type": "LineString",
        "coordinates": [
          [
            78.6610284,
            17.1655968
          ],
          [
            78.6610955,
            17.1666859
          ]
        ]
      }
    },
    {
      "type": "Feature",
      "id": "osm-way-1133165098",
      "properties": {
        "kind": "road",
        "name": null,
        "osm_id": "1133165098",
        "tags": {
          "highway": "residential"
        }
      },
      "geometry": {
        "type": "LineString",
        "coordinates": [
          [
            78.6599066,
            17.1656441
          ],
          [
            78.6610284,
            17.1655968
          ],
          [
            78.6614253,
            17.1655801
          ],
          [
            78.6618145,
            17.1655636
          ],
          [
            78.6621739,
            17.1655485
          ],
          [
            78.6624876,
            17.1655352
          ]
        ]
      }
    },
    {
      "type": "Feature",
      "id": "osm-way-1133165099",
      "properties": {
        "kind": "road",
        "name": null,
        "osm_id": "1133165099",
        "tags": {
          "highway": "residential"
        }
      },
      "geometry": {
        "type": "LineString",
        "coordinates": [
          [
            78.6593473,
            17.1650959
          ],
          [
            78.6598536,
            17.1652995
          ],
          [
            78.6598858,
            17.16532
          ],
          [
            78.6598992,
            17.1653507
          ],
          [
            78.6599033,
            17.1653853
          ],
          [
            78.6599066,
            17.1656441
          ],
          [
            78.6599086,
            17.1657979
          ]
        ]
      }
    },
    {
      "type": "Feature",
      "id": "osm-way-1283207822",
      "properties": {
        "kind": "road",
        "name": null,
        "osm_id": "1283207822",
        "tags": {
          "highway": "service"
        }
      },
      "geometry": {
        "type": "LineString",
        "coordinates": [
          [
            78.6589817,
            17.1658616
          ],
          [
            78.6596362,
            17.1661257
          ]
        ]
      }
    },
    {
      "type": "Feature",
      "id": "osm-way-1283207823",
      "properties": {
        "kind": "road",
        "name": null,
        "osm_id": "1283207823",
        "tags": {
          "highway": "residential"
        }
      },
      "geometry": {
        "type": "LineString",
        "coordinates": [
          [
            78.6582,
            17.1675139
          ],
          [
            78.6582954,
            17.1675398
          ],
          [
            78.6583456,
            17.1675488
          ],
          [
            78.6584038,
            17.1675531
          ],
          [
            78.6586629,
            17.1675493
          ],
          [
            78.6590976,
            17.167543
          ],
          [
            78.6600295,
            17.167531
          ],
          [
            78.6604769,
            17.1675232
          ],
          [
            78.6608089,
            17.1675174
          ],
          [
            78.6608387,
            17.1675175
          ],
          [
            78.6608575,
            17.1675201
          ],
          [
            78.6608931,
            17.1681756
          ]
        ]
      }
    },
    {
      "type": "Feature",
      "id": "osm-way-1283207824",
      "properties": {
        "kind": "road",
        "name": null,
        "osm_id": "1283207824",
        "tags": {
          "highway": "residential"
        }
      },
      "geometry": {
        "type": "LineString",
        "coordinates": [
          [
            78.6604769,
            17.1675232
          ],
          [
            78.6604796,
            17.1683672
          ]
        ]
      }
    },
    {
      "type": "Feature",
      "id": "osm-way-1283207825",
      "properties": {
        "kind": "road",
        "name": null,
        "osm_id": "1283207825",
        "tags": {
          "highway": "service"
        }
      },
      "geometry": {
        "type": "LineString",
        "coordinates": [
          [
            78.6563109,
            17.167839
          ],
          [
            78.6565551,
            17.1678228
          ],
          [
            78.6568077,
            17.1678033
          ],
          [
            78.6570032,
            17.1677974
          ],
          [
            78.6572639,
            17.1677877
          ],
          [
            78.6574978,
            17.1677758
          ],
          [
            78.6576545,
            17.1677715
          ],
          [
            78.6578626,
            17.1677709
          ],
          [
            78.657937,
            17.1677725
          ],
          [
            78.6580786,
            17.1677779
          ]
        ]
      }
    },
    {
      "type": "Feature",
      "id": "osm-way-1306367752",
      "properties": {
        "kind": "road",
        "name": null,
        "osm_id": "1306367752",
        "tags": {
          "access": "private",
          "highway": "service",
          "service": "driveway"
        }
      },
      "geometry": {
        "type": "LineString",
        "coordinates": [
          [
            78.6599516,
            17.1638298
          ],
          [
            78.6597155,
            17.1637328
          ],
          [
            78.6595245,
            17.1636517
          ],
          [
            78.659185,
            17.1635199
          ]
        ]
      }
    },
    {
      "type": "Feature",
      "id": "osm-way-1306367753",
      "properties": {
        "kind": "road",
        "name": null,
        "osm_id": "1306367753",
        "tags": {
          "highway": "primary",
          "oneway": "yes",
          "placement": "transition",
          "ref": "SH19",
          "source": "Yahoo hires"
        }
      },
      "geometry": {
        "type": "LineString",
        "coordinates": [
          [
            78.656259,
            17.1716787
          ],
          [
            78.6560441,
            17.1720667
          ]
        ]
      }
    },
    {
      "type": "Feature",
      "id": "osm-way-1306367754",
      "properties": {
        "kind": "road",
        "name": null,
        "osm_id": "1306367754",
        "tags": {
          "highway": "primary",
          "oneway": "yes",
          "placement": "transition",
          "ref": "SH19"
        }
      },
      "geometry": {
        "type": "LineString",
        "coordinates": [
          [
            78.6561134,
            17.1720882
          ],
          [
            78.656259,
            17.1716787
          ]
        ]
      }
    },
    {
      "type": "Feature",
      "id": "osm-way-1334317096",
      "properties": {
        "kind": "road",
        "name": null,
        "osm_id": "1334317096",
        "tags": {
          "highway": "unclassified"
        }
      },
      "geometry": {
        "type": "LineString",
        "coordinates": [
          [
            78.6626443,
            17.1582654
          ],
          [
            78.6623518,
            17.1581605
          ],
          [
            78.6622666,
            17.1581157
          ],
          [
            78.6622442,
            17.1580878
          ],
          [
            78.6622241,
            17.1580628
          ],
          [
            78.6622155,
            17.1579855
          ],
          [
            78.6621772,
            17.1579081
          ],
          [
            78.6621335,
            17.1578477
          ],
          [
            78.6620903,
            17.1578064
          ],
          [
            78.6619859,
            17.1577582
          ],
          [
            78.6613748,
            17.1574852
          ],
          [
            78.6608252,
            17.1572395
          ],
          [
            78.6603684,
            17.1570354
          ]
        ]
      }
    },
    {
      "type": "Feature",
      "id": "osm-way-1334317097",
      "properties": {
        "kind": "road",
        "name": null,
        "osm_id": "1334317097",
        "tags": {
          "highway": "unclassified"
        }
      },
      "geometry": {
        "type": "LineString",
        "coordinates": [
          [
            78.6603998,
            17.1569671
          ],
          [
            78.6604841,
            17.1570036
          ],
          [
            78.6605518,
            17.1570328
          ],
          [
            78.6622055,
            17.1577479
          ],
          [
            78.6622811,
            17.1577479
          ],
          [
            78.6623891,
            17.1577307
          ],
          [
            78.6624971,
            17.1577204
          ],
          [
            78.6625619,
            17.1577273
          ],
          [
            78.6628588,
            17.1578331
          ]
        ]
      }
    },
    {
      "type": "Feature",
      "id": "osm-way-1334317098",
      "properties": {
        "kind": "road",
        "name": null,
        "osm_id": "1334317098",
        "tags": {
          "highway": "unclassified"
        }
      },
      "geometry": {
        "type": "LineString",
        "coordinates": [
          [
            78.6602069,
            17.1570572
          ],
          [
            78.6602441,
            17.1570722
          ],
          [
            78.6603026,
            17.1570736
          ],
          [
            78.6603455,
            17.1570558
          ],
          [
            78.6603684,
            17.1570354
          ],
          [
            78.6603884,
            17.1570026
          ],
          [
            78.6603998,
            17.1569671
          ],
          [
            78.6604012,
            17.1569275
          ],
          [
            78.6603969,
            17.1569043
          ],
          [
            78.6603841,
            17.1568865
          ],
          [
            78.6603498,
            17.1568647
          ],
          [
            78.6602998,
            17.1568497
          ],
          [
            78.6602469,
            17.1568524
          ],
          [
            78.6602055,
            17.1568688
          ],
          [
            78.6601755,
            17.1568947
          ],
          [
            78.6601598,
            17.1569275
          ],
          [
            78.6601569,
            17.156963
          ],
          [
            78.6601612,
            17.1570012
          ],
          [
            78.6601812,
            17.1570381
          ],
          [
            78.6602069,
            17.1570572
          ]
        ]
      }
    },
    {
      "type": "Feature",
      "id": "osm-way-1334317099",
      "properties": {
        "kind": "road",
        "name": null,
        "osm_id": "1334317099",
        "tags": {
          "highway": "unclassified"
        }
      },
      "geometry": {
        "type": "LineString",
        "coordinates": [
          [
            78.6601569,
            17.156963
          ],
          [
            78.6596685,
            17.1567421
          ],
          [
            78.6594455,
            17.1566413
          ],
          [
            78.6592755,
            17.1565496
          ],
          [
            78.6591294,
            17.1564524
          ],
          [
            78.6590516,
            17.1564006
          ],
          [
            78.6589866,
            17.1563639
          ],
          [
            78.6586996,
            17.1562019
          ],
          [
            78.6585922,
            17.1561373
          ],
          [
            78.6583917,
            17.1560166
          ],
          [
            78.6579158,
            17.1557472
          ],
          [
            78.6576379,
            17.1555829
          ],
          [
            78.657408,
            17.1554472
          ],
          [
            78.657284,
            17.155388
          ],
          [
            78.657188,
            17.1553536
          ],
          [
            78.657056,
            17.1553307
          ],
          [
            78.6566541,
            17.155281
          ],
          [
            78.6563102,
            17.1552275
          ],
          [
            78.6562402,
            17.155218
          ],
          [
            78.6561662,
            17.1551931
          ],
          [
            78.6560703,
            17.155153
          ],
          [
            78.6558683,
            17.1550632
          ],
          [
            78.6554624,
            17.1548874
          ],
          [
            78.6547846,
            17.1546066
          ]
        ]
      }
    },
    {
      "type": "Feature",
      "id": "osm-way-1334317100",
      "properties": {
        "kind": "road",
        "name": null,
        "osm_id": "1334317100",
        "tags": {
          "highway": "unclassified"
        }
      },
      "geometry": {
        "type": "LineString",
        "coordinates": [
          [
            78.6548246,
            17.1544958
          ],
          [
            78.6556144,
            17.1548607
          ],
          [
            78.6561183,
            17.1550632
          ],
          [
            78.6563042,
            17.1551262
          ],
          [
            78.6564802,
            17.1551625
          ],
          [
            78.6565166,
            17.1551677
          ],
          [
            78.6569641,
            17.1552313
          ],
          [
            78.657196,
            17.15526
          ],
          [
            78.657332,
            17.1553001
          ],
          [
            78.6574579,
            17.155367
          ],
          [
            78.6576379,
            17.1554797
          ],
          [
            78.6582857,
            17.1558465
          ],
          [
            78.6590563,
            17.1562802
          ],
          [
            78.6590935,
            17.1563012
          ],
          [
            78.6594955,
            17.1565649
          ],
          [
            78.6596714,
            17.1566432
          ],
          [
            78.6602055,
            17.1568688
          ]
        ]
      }
    },
    {
      "type": "Feature",
      "id": "osm-way-1334317101",
      "properties": {
        "kind": "road",
        "name": null,
        "osm_id": "1334317101",
        "tags": {
          "highway": "unclassified"
        }
      },
      "geometry": {
        "type": "LineString",
        "coordinates": [
          [
            78.6589866,
            17.1563639
          ],
          [
            78.6590563,
            17.1562802
          ]
        ]
      }
    },
    {
      "type": "Feature",
      "id": "osm-way-1334317102",
      "properties": {
        "kind": "road",
        "name": null,
        "osm_id": "1334317102",
        "tags": {
          "highway": "unclassified"
        }
      },
      "geometry": {
        "type": "LineString",
        "coordinates": [
          [
            78.6591294,
            17.1564524
          ],
          [
            78.6593355,
            17.1571553
          ],
          [
            78.6594861,
            17.1576406
          ],
          [
            78.6597354,
            17.158441
          ],
          [
            78.6598454,
            17.1587735
          ]
        ]
      }
    },
    {
      "type": "Feature",
      "id": "osm-way-1334317103",
      "properties": {
        "kind": "road",
        "name": null,
        "osm_id": "1334317103",
        "tags": {
          "highway": "unclassified"
        }
      },
      "geometry": {
        "type": "LineString",
        "coordinates": [
          [
            78.6596685,
            17.1567421
          ],
          [
            78.6599074,
            17.1575201
          ],
          [
            78.6602673,
            17.1586531
          ]
        ]
      }
    },
    {
      "type": "Feature",
      "id": "osm-way-1334317104",
      "properties": {
        "kind": "road",
        "name": null,
        "osm_id": "1334317104",
        "tags": {
          "highway": "unclassified"
        }
      },
      "geometry": {
        "type": "LineString",
        "coordinates": [
          [
            78.6602441,
            17.1570722
          ],
          [
            78.6603273,
            17.1573922
          ],
          [
            78.6603296,
            17.1573993
          ],
          [
            78.6606072,
            17.1582729
          ],
          [
            78.6606812,
            17.1585041
          ]
        ]
      }
    },
    {
      "type": "Feature",
      "id": "osm-way-1334317105",
      "properties": {
        "kind": "road",
        "name": null,
        "osm_id": "1334317105",
        "tags": {
          "highway": "unclassified"
        }
      },
      "geometry": {
        "type": "LineString",
        "coordinates": [
          [
            78.6603026,
            17.1570736
          ],
          [
            78.6604035,
            17.1573781
          ],
          [
            78.6604872,
            17.157631
          ],
          [
            78.6607532,
            17.1584812
          ]
        ]
      }
    },
    {
      "type": "Feature",
      "id": "osm-way-1334317106",
      "properties": {
        "kind": "road",
        "name": null,
        "osm_id": "1334317106",
        "tags": {
          "highway": "unclassified"
        }
      },
      "geometry": {
        "type": "LineString",
        "coordinates": [
          [
            78.6608252,
            17.1572395
          ],
          [
            78.6611669,
            17.1584044
          ],
          [
            78.6612693,
            17.1586652
          ]
        ]
      }
    },
    {
      "type": "Feature",
      "id": "osm-way-1334317107",
      "properties": {
        "kind": "road",
        "name": null,
        "osm_id": "1334317107",
        "tags": {
          "highway": "unclassified"
        }
      },
      "geometry": {
        "type": "LineString",
        "coordinates": [
          [
            78.6613748,
            17.1574852
          ],
          [
            78.6614228,
            17.1577236
          ],
          [
            78.6615971,
            17.1582686
          ]
        ]
      }
    },
    {
      "type": "Feature",
      "id": "osm-way-1334317108",
      "properties": {
        "kind": "road",
        "name": null,
        "osm_id": "1334317108",
        "tags": {
          "highway": "unclassified"
        }
      },
      "geometry": {
        "type": "LineString",
        "coordinates": [
          [
            78.6622442,
            17.1580878
          ],
          [
            78.6615971,
            17.1582686
          ],
          [
            78.6611669,
            17.1584044
          ],
          [
            78.6608021,
            17.1585165
          ]
        ]
      }
    },
    {
      "type": "Feature",
      "id": "osm-way-1334317109",
      "properties": {
        "kind": "road",
        "name": null,
        "osm_id": "1334317109",
        "tags": {
          "highway": "unclassified"
        }
      },
      "geometry": {
        "type": "LineString",
        "coordinates": [
          [
            78.6615971,
            17.1582686
          ],
          [
            78.6617214,
            17.15864
          ]
        ]
      }
    },
    {
      "type": "Feature",
      "id": "osm-way-1334317110",
      "properties": {
        "kind": "road",
        "name": null,
        "osm_id": "1334317110",
        "tags": {
          "highway": "unclassified"
        }
      },
      "geometry": {
        "type": "LineString",
        "coordinates": [
          [
            78.6606812,
            17.1585041
          ],
          [
            78.6607076,
            17.1584906
          ],
          [
            78.6607282,
            17.1584841
          ],
          [
            78.6607532,
            17.1584812
          ],
          [
            78.6607786,
            17.1584917
          ],
          [
            78.6608021,
            17.1585165
          ],
          [
            78.6608175,
            17.1585464
          ],
          [
            78.6608186,
            17.1585737
          ],
          [
            78.6608095,
            17.1585978
          ],
          [
            78.6607866,
            17.1586186
          ],
          [
            78.6607534,
            17.1586372
          ],
          [
            78.6607236,
            17.1586426
          ],
          [
            78.6606961,
            17.1586339
          ],
          [
            78.6606744,
            17.1586208
          ],
          [
            78.6606606,
            17.1586022
          ],
          [
            78.6606503,
            17.1585759
          ],
          [
            78.6606492,
            17.1585519
          ],
          [
            78.6606584,
            17.1585278
          ],
          [
            78.6606812,
            17.1585041
          ]
        ]
      }
    },
    {
      "type": "Feature",
      "id": "osm-way-1334317111",
      "properties": {
        "kind": "road",
        "name": null,
        "osm_id": "1334317111",
        "tags": {
          "highway": "unclassified"
        }
      },
      "geometry": {
        "type": "LineString",
        "coordinates": [
          [
            78.6606606,
            17.1586022
          ],
          [
            78.6603676,
            17.1586492
          ],
          [
            78.6602673,
            17.1586531
          ],
          [
            78.6598454,
            17.1587735
          ],
          [
            78.6594228,
            17.1589008
          ],
          [
            78.6591942,
            17.1589697
          ],
          [
            78.6589988,
            17.1590267
          ],
          [
            78.6586646,
            17.1591243
          ],
          [
            78.6586405,
            17.1591311
          ],
          [
            78.6582732,
            17.1592349
          ],
          [
            78.6581983,
            17.1592561
          ],
          [
            78.6579117,
            17.159331
          ],
          [
            78.6577099,
            17.1593937
          ],
          [
            78.657524,
            17.1594519
          ],
          [
            78.6573702,
            17.1594917
          ],
          [
            78.6572437,
            17.1595085
          ],
          [
            78.6567375,
            17.1595682
          ],
          [
            78.6564347,
            17.1596157
          ],
          [
            78.6563738,
            17.1596295
          ],
          [
            78.6563097,
            17.1596631
          ],
          [
            78.6561732,
            17.1597132
          ],
          [
            78.6560769,
            17.1597485
          ],
          [
            78.6556581,
            17.1599022
          ]
        ]
      }
    },
    {
      "type": "Feature",
      "id": "osm-way-1334317547",
      "properties": {
        "kind": "road",
        "name": null,
        "osm_id": "1334317547",
        "tags": {
          "highway": "unclassified"
        }
      },
      "geometry": {
        "type": "LineString",
        "coordinates": [
          [
            78.6603676,
            17.1586492
          ],
          [
            78.6603261,
            17.1587052
          ],
          [
            78.6599483,
            17.1588165
          ],
          [
            78.6591101,
            17.1590533
          ],
          [
            78.6583206,
            17.159281
          ],
          [
            78.6577559,
            17.1594441
          ],
          [
            78.657462,
            17.1595204
          ],
          [
            78.6572779,
            17.1595592
          ],
          [
            78.6570815,
            17.1595838
          ],
          [
            78.6564356,
            17.1596757
          ],
          [
            78.6563611,
            17.1596873
          ],
          [
            78.6563097,
            17.1596631
          ]
        ]
      }
    },
    {
      "type": "Feature",
      "id": "osm-way-1334317548",
      "properties": {
        "kind": "road",
        "name": null,
        "osm_id": "1334317548",
        "tags": {
          "highway": "unclassified"
        }
      },
      "geometry": {
        "type": "LineString",
        "coordinates": [
          [
            78.6561732,
            17.1597132
          ],
          [
            78.656134,
            17.1615689
          ],
          [
            78.6561302,
            17.1623894
          ],
          [
            78.6561051,
            17.1633217
          ],
          [
            78.6561062,
            17.1634334
          ],
          [
            78.6561134,
            17.16364
          ]
        ]
      }
    },
    {
      "type": "Feature",
      "id": "osm-way-1334317549",
      "properties": {
        "kind": "road",
        "name": null,
        "osm_id": "1334317549",
        "tags": {
          "highway": "unclassified"
        }
      },
      "geometry": {
        "type": "LineString",
        "coordinates": [
          [
            78.6560769,
            17.1597485
          ],
          [
            78.6560737,
            17.1605669
          ],
          [
            78.6560486,
            17.1613073
          ],
          [
            78.6560459,
            17.1616844
          ],
          [
            78.6560392,
            17.1626293
          ],
          [
            78.6560329,
            17.1632378
          ],
          [
            78.6560405,
            17.1634306
          ],
          [
            78.6560486,
            17.1636365
          ]
        ]
      }
    },
    {
      "type": "Feature",
      "id": "osm-way-1334317550",
      "properties": {
        "kind": "road",
        "name": null,
        "osm_id": "1334317550",
        "tags": {
          "highway": "unclassified"
        }
      },
      "geometry": {
        "type": "LineString",
        "coordinates": [
          [
            78.6604035,
            17.1573781
          ],
          [
            78.6603296,
            17.1573993
          ],
          [
            78.6599074,
            17.1575201
          ],
          [
            78.6594861,
            17.1576406
          ],
          [
            78.659068,
            17.1577603
          ],
          [
            78.6586583,
            17.1578775
          ],
          [
            78.6586452,
            17.1578812
          ],
          [
            78.6582732,
            17.1579869
          ],
          [
            78.6579115,
            17.1580897
          ],
          [
            78.6575506,
            17.1581922
          ],
          [
            78.6573141,
            17.1582594
          ]
        ]
      }
    },
    {
      "type": "Feature",
      "id": "osm-way-1334317551",
      "properties": {
        "kind": "road",
        "name": null,
        "osm_id": "1334317551",
        "tags": {
          "highway": "unclassified"
        }
      },
      "geometry": {
        "type": "LineString",
        "coordinates": [
          [
            78.6585922,
            17.1561373
          ],
          [
            78.659068,
            17.1577603
          ],
          [
            78.6594228,
            17.1589008
          ]
        ]
      }
    },
    {
      "type": "Feature",
      "id": "osm-way-1334317552",
      "properties": {
        "kind": "road",
        "name": null,
        "osm_id": "1334317552",
        "tags": {
          "highway": "unclassified"
        }
      },
      "geometry": {
        "type": "LineString",
        "coordinates": [
          [
            78.6589988,
            17.1590267
          ],
          [
            78.6586452,
            17.1578812
          ],
          [
            78.658381,
            17.1569954
          ]
        ]
      }
    },
    {
      "type": "Feature",
      "id": "osm-way-1334317553",
      "properties": {
        "kind": "road",
        "name": null,
        "osm_id": "1334317553",
        "tags": {
          "highway": "unclassified"
        }
      },
      "geometry": {
        "type": "LineString",
        "coordinates": [
          [
            78.6579949,
            17.1570673
          ],
          [
            78.6582732,
            17.1579869
          ],
          [
            78.6585588,
            17.1588551
          ],
          [
            78.6586405,
            17.1591311
          ]
        ]
      }
    },
    {
      "type": "Feature",
      "id": "osm-way-1334317554",
      "properties": {
        "kind": "road",
        "name": null,
        "osm_id": "1334317554",
        "tags": {
          "highway": "unclassified"
        }
      },
      "geometry": {
        "type": "LineString",
        "coordinates": [
          [
            78.6582732,
            17.1592349
          ],
          [
            78.6579115,
            17.1580897
          ]
        ]
      }
    },
    {
      "type": "Feature",
      "id": "osm-way-1334317555",
      "properties": {
        "kind": "road",
        "name": null,
        "osm_id": "1334317555",
        "tags": {
          "highway": "unclassified"
        }
      },
      "geometry": {
        "type": "LineString",
        "coordinates": [
          [
            78.6579115,
            17.1580897
          ],
          [
            78.6576206,
            17.1571459
          ]
        ]
      }
    },
    {
      "type": "Feature",
      "id": "osm-way-1334317556",
      "properties": {
        "kind": "road",
        "name": null,
        "osm_id": "1334317556",
        "tags": {
          "highway": "unclassified"
        }
      },
      "geometry": {
        "type": "LineString",
        "coordinates": [
          [
            78.6572579,
            17.1572301
          ],
          [
            78.6575506,
            17.1581922
          ],
          [
            78.6579117,
            17.159331
          ]
        ]
      }
    },
    {
      "type": "Feature",
      "id": "osm-way-1334317557",
      "properties": {
        "kind": "road",
        "name": null,
        "osm_id": "1334317557",
        "tags": {
          "highway": "unclassified"
        }
      },
      "geometry": {
        "type": "LineString",
        "coordinates": [
          [
            78.6604841,
            17.1570036
          ],
          [
            78.6601006,
            17.1556365
          ],
          [
            78.6599722,
            17.1551787
          ],
          [
            78.6599165,
            17.1550089
          ],
          [
            78.6598979,
            17.1549278
          ],
          [
            78.6598793,
            17.1547808
          ],
          [
            78.6597892,
            17.1536734
          ],
          [
            78.6596831,
            17.1525001
          ],
          [
            78.6596539,
            17.1521428
          ],
          [
            78.6596566,
            17.152044
          ],
          [
            78.6596592,
            17.1519857
          ],
          [
            78.6596725,
            17.1519198
          ],
          [
            78.6597176,
            17.1517956
          ],
          [
            78.6598873,
            17.1513142
          ],
          [
            78.6599032,
            17.1512331
          ],
          [
            78.6599112,
            17.1511469
          ],
          [
            78.6599244,
            17.1508428
          ],
          [
            78.6599085,
            17.1507642
          ],
          [
            78.6598395,
            17.1505336
          ],
          [
            78.6597043,
            17.1500876
          ],
          [
            78.6597118,
            17.1500364
          ]
        ]
      }
    },
    {
      "type": "Feature",
      "id": "osm-way-1334317558",
      "properties": {
        "kind": "road",
        "name": null,
        "osm_id": "1334317558",
        "tags": {
          "highway": "unclassified"
        }
      },
      "geometry": {
        "type": "LineString",
        "coordinates": [
          [
            78.6597118,
            17.1500364
          ],
          [
            78.6597574,
            17.1500716
          ],
          [
            78.659859,
            17.1503756
          ],
          [
            78.6599706,
            17.1508093
          ],
          [
            78.6599748,
            17.1508665
          ],
          [
            78.6599748,
            17.1511363
          ],
          [
            78.6599624,
            17.1512466
          ],
          [
            78.6599459,
            17.1513135
          ],
          [
            78.6599129,
            17.1514061
          ],
          [
            78.6597336,
            17.1519438
          ],
          [
            78.659715,
            17.1520403
          ],
          [
            78.6597109,
            17.1521427
          ],
          [
            78.6597274,
            17.1522766
          ],
          [
            78.6597439,
            17.1524775
          ],
          [
            78.6597913,
            17.1530369
          ],
          [
            78.6598284,
            17.1535805
          ],
          [
            78.6598758,
            17.1539862
          ],
          [
            78.6599356,
            17.1547189
          ],
          [
            78.6599645,
            17.1549079
          ],
          [
            78.6599809,
            17.1549907
          ],
          [
            78.6600077,
            17.1550734
          ],
          [
            78.6600634,
            17.155294
          ],
          [
            78.6602242,
            17.1558612
          ],
          [
            78.6603705,
            17.1564107
          ],
          [
            78.6605518,
            17.1570328
          ]
        ]
      }
    },
    {
      "type": "Feature",
      "id": "osm-way-1334466224",
      "properties": {
        "kind": "road",
        "name": null,
        "osm_id": "1334466224",
        "tags": {
          "highway": "unclassified"
        }
      },
      "geometry": {
        "type": "LineString",
        "coordinates": [
          [
            78.6547846,
            17.1546066
          ],
          [
            78.6548128,
            17.1545628
          ],
          [
            78.6548217,
            17.154535
          ],
          [
            78.6548246,
            17.1544958
          ],
          [
            78.6548217,
            17.1544343
          ],
          [
            78.6548038,
            17.1543808
          ],
          [
            78.6547612,
            17.1543443
          ],
          [
            78.6547097,
            17.1543165
          ],
          [
            78.6546536,
            17.1543036
          ],
          [
            78.6545886,
            17.1543186
          ],
          [
            78.6545505,
            17.1543401
          ],
          [
            78.6545101,
            17.1543701
          ],
          [
            78.6544765,
            17.1544043
          ],
          [
            78.6544496,
            17.1544557
          ],
          [
            78.6544474,
            17.1545221
          ],
          [
            78.654472,
            17.1545907
          ],
          [
            78.6545258,
            17.15464
          ],
          [
            78.6545931,
            17.15467
          ],
          [
            78.6546827,
            17.1546678
          ],
          [
            78.6547433,
            17.1546357
          ],
          [
            78.6547846,
            17.1546066
          ]
        ]
      }
    },
    {
      "type": "Feature",
      "id": "osm-way-1334466225",
      "properties": {
        "kind": "road",
        "name": null,
        "osm_id": "1334466225",
        "tags": {
          "highway": "unclassified"
        }
      },
      "geometry": {
        "type": "LineString",
        "coordinates": [
          [
            78.6544496,
            17.1544557
          ],
          [
            78.6531943,
            17.1538972
          ],
          [
            78.6522874,
            17.1534864
          ],
          [
            78.6521963,
            17.1534452
          ],
          [
            78.651452,
            17.1531089
          ],
          [
            78.6512357,
            17.1530152
          ]
        ]
      }
    },
    {
      "type": "Feature",
      "id": "osm-way-1334466226",
      "properties": {
        "kind": "road",
        "name": null,
        "osm_id": "1334466226",
        "tags": {
          "highway": "unclassified"
        }
      },
      "geometry": {
        "type": "LineString",
        "coordinates": [
          [
            78.6512559,
            17.1529215
          ],
          [
            78.6515696,
            17.1530639
          ],
          [
            78.6521035,
            17.1533063
          ],
          [
            78.6521847,
            17.1533432
          ],
          [
            78.6523233,
            17.1534087
          ],
          [
            78.652581,
            17.1535304
          ],
          [
            78.6526924,
            17.153583
          ],
          [
            78.6530818,
            17.1537566
          ],
          [
            78.6534944,
            17.15394
          ],
          [
            78.6536212,
            17.1539964
          ],
          [
            78.6539177,
            17.1541258
          ],
          [
            78.6539876,
            17.1541563
          ],
          [
            78.6545101,
            17.1543701
          ]
        ]
      }
    },
    {
      "type": "Feature",
      "id": "osm-way-1334466227",
      "properties": {
        "kind": "road",
        "name": null,
        "osm_id": "1334466227",
        "tags": {
          "highway": "unclassified"
        }
      },
      "geometry": {
        "type": "LineString",
        "coordinates": [
          [
            78.6512357,
            17.1530152
          ],
          [
            78.6512524,
            17.1529758
          ],
          [
            78.6512559,
            17.1529215
          ],
          [
            78.6512524,
            17.15286
          ],
          [
            78.6512392,
            17.1528147
          ],
          [
            78.6512126,
            17.1527767
          ],
          [
            78.651171,
            17.1527477
          ],
          [
            78.6511179,
            17.1527314
          ],
          [
            78.6510478,
            17.1527332
          ],
          [
            78.6509909,
            17.1527567
          ],
          [
            78.6509416,
            17.152793
          ],
          [
            78.6509056,
            17.15284
          ],
          [
            78.6508905,
            17.1528925
          ],
          [
            78.6508924,
            17.1529523
          ],
          [
            78.6509132,
            17.1529958
          ],
          [
            78.6509606,
            17.1530392
          ],
          [
            78.6510193,
            17.1530664
          ],
          [
            78.6510838,
            17.1530754
          ],
          [
            78.6511501,
            17.153061
          ],
          [
            78.6511937,
            17.1530392
          ],
          [
            78.6512357,
            17.1530152
          ]
        ]
      }
    },
    {
      "type": "Feature",
      "id": "osm-way-1334466228",
      "properties": {
        "kind": "road",
        "name": null,
        "osm_id": "1334466228",
        "tags": {
          "highway": "unclassified"
        }
      },
      "geometry": {
        "type": "LineString",
        "coordinates": [
          [
            78.6508905,
            17.1528925
          ],
          [
            78.6505674,
            17.1527434
          ],
          [
            78.6501344,
            17.1525365
          ],
          [
            78.64983187362832,
            17.152401084718154
          ]
        ]
      }
    },
    {
      "type": "Feature",
      "id": "osm-way-1334466229",
      "properties": {
        "kind": "road",
        "name": null,
        "osm_id": "1334466229",
        "tags": {
          "highway": "unclassified"
        }
      },
      "geometry": {
        "type": "LineString",
        "coordinates": [
          [
            78.64989500094183,
            17.15234002337013
          ],
          [
            78.6499977,
            17.1523865
          ],
          [
            78.6502098,
            17.1524777
          ],
          [
            78.6505862,
            17.1526395
          ],
          [
            78.6506984,
            17.1526878
          ],
          [
            78.6509416,
            17.152793
          ]
        ]
      }
    },
    {
      "type": "Feature",
      "id": "osm-way-1334466231",
      "properties": {
        "kind": "road",
        "name": null,
        "osm_id": "1334466231",
        "tags": {
          "highway": "unclassified"
        }
      },
      "geometry": {
        "type": "LineString",
        "coordinates": [
          [
            78.6510838,
            17.1530754
          ],
          [
            78.6510938,
            17.1534341
          ],
          [
            78.6511186,
            17.1540373
          ],
          [
            78.6511256,
            17.15461
          ],
          [
            78.6511186,
            17.1551827
          ],
          [
            78.6511115,
            17.1555425
          ],
          [
            78.651108,
            17.1561575
          ],
          [
            78.6510973,
            17.1566271
          ],
          [
            78.6510973,
            17.1570832
          ],
          [
            78.6510938,
            17.157536
          ],
          [
            78.6510779,
            17.1579093
          ],
          [
            78.6510814,
            17.1583384
          ],
          [
            78.6510814,
            17.1587388
          ],
          [
            78.6510787,
            17.1591229
          ],
          [
            78.6510776,
            17.1595058
          ],
          [
            78.6510694,
            17.1599853
          ]
        ]
      }
    },
    {
      "type": "Feature",
      "id": "osm-way-1334466232",
      "properties": {
        "kind": "road",
        "name": null,
        "osm_id": "1334466232",
        "tags": {
          "highway": "unclassified"
        }
      },
      "geometry": {
        "type": "LineString",
        "coordinates": [
          [
            78.651016,
            17.1600197
          ],
          [
            78.6510253,
            17.1593948
          ],
          [
            78.651023,
            17.1589975
          ],
          [
            78.6510241,
            17.1586734
          ],
          [
            78.651023,
            17.1582061
          ],
          [
            78.6510334,
            17.1578809
          ],
          [
            78.6510264,
            17.1576001
          ],
          [
            78.6510288,
            17.1573449
          ],
          [
            78.6510323,
            17.1568276
          ],
          [
            78.6510427,
            17.1564125
          ],
          [
            78.6510427,
            17.1560452
          ],
          [
            78.6510462,
            17.1557244
          ],
          [
            78.6510543,
            17.1554525
          ],
          [
            78.6510543,
            17.1551162
          ],
          [
            78.6510613,
            17.1548442
          ],
          [
            78.6510625,
            17.1545645
          ],
          [
            78.6510625,
            17.1542493
          ],
          [
            78.651059,
            17.1540073
          ],
          [
            78.6510467,
            17.1538281
          ],
          [
            78.6510381,
            17.1537032
          ],
          [
            78.6510369,
            17.1535367
          ],
          [
            78.6510415,
            17.1532826
          ],
          [
            78.6510374,
            17.1531689
          ],
          [
            78.6510193,
            17.1530664
          ]
        ]
      }
    },
    {
      "type": "Feature",
      "id": "osm-way-1334466233",
      "properties": {
        "kind": "road",
        "name": null,
        "osm_id": "1334466233",
        "tags": {
          "highway": "unclassified"
        }
      },
      "geometry": {
        "type": "LineString",
        "coordinates": [
          [
            78.6505674,
            17.1527434
          ],
          [
            78.6505556,
            17.1536866
          ],
          [
            78.6505694,
            17.1537654
          ],
          [
            78.65059,
            17.1538376
          ],
          [
            78.65059,
            17.1538757
          ],
          [
            78.6505831,
            17.1539177
          ],
          [
            78.6505817,
            17.1539544
          ],
          [
            78.6505927,
            17.1539951
          ],
          [
            78.6506559,
            17.1540976
          ]
        ]
      }
    },
    {
      "type": "Feature",
      "id": "osm-way-1334466234",
      "properties": {
        "kind": "road",
        "name": null,
        "osm_id": "1334466234",
        "tags": {
          "highway": "unclassified"
        }
      },
      "geometry": {
        "type": "LineString",
        "coordinates": [
          [
            78.64684585093352,
            17.156732266830097
          ],
          [
            78.6469317,
            17.1567177
          ],
          [
            78.6471137,
            17.1566698
          ],
          [
            78.6472343,
            17.1566177
          ],
          [
            78.6473913,
            17.1565438
          ],
          [
            78.6475824,
            17.1564177
          ],
          [
            78.6478212,
            17.1562416
          ],
          [
            78.6481488,
            17.155996
          ],
          [
            78.6483786,
            17.1558286
          ],
          [
            78.6486447,
            17.1556373
          ],
          [
            78.6488245,
            17.1555178
          ],
          [
            78.6489177,
            17.1554461
          ],
          [
            78.6489655,
            17.1553874
          ],
          [
            78.649036,
            17.1553048
          ],
          [
            78.6491725,
            17.1551917
          ],
          [
            78.6494114,
            17.1550113
          ],
          [
            78.6497617,
            17.1547744
          ],
          [
            78.6501826,
            17.1544853
          ],
          [
            78.6504123,
            17.1543136
          ],
          [
            78.6504851,
            17.1542484
          ],
          [
            78.6506559,
            17.1540976
          ],
          [
            78.6507445,
            17.1540375
          ],
          [
            78.650881,
            17.1539527
          ],
          [
            78.6509674,
            17.1538832
          ],
          [
            78.6510467,
            17.1538281
          ]
        ]
      }
    },
    {
      "type": "Feature",
      "id": "osm-way-1334466235",
      "properties": {
        "kind": "road",
        "name": null,
        "osm_id": "1334466235",
        "tags": {
          "highway": "unclassified"
        }
      },
      "geometry": {
        "type": "LineString",
        "coordinates": [
          [
            78.6501344,
            17.1525365
          ],
          [
            78.65012,
            17.1533713
          ]
        ]
      }
    },
    {
      "type": "Feature",
      "id": "osm-way-1334466236",
      "properties": {
        "kind": "road",
        "name": null,
        "osm_id": "1334466236",
        "tags": {
          "highway": "unclassified"
        }
      },
      "geometry": {
        "type": "LineString",
        "coordinates": [
          [
            78.6496748,
            17.153521
          ],
          [
            78.64968383752917,
            17.152547165152495
          ]
        ]
      }
    },
    {
      "type": "Feature",
      "id": "osm-way-1334466237",
      "properties": {
        "kind": "road",
        "name": null,
        "osm_id": "1334466237",
        "tags": {
          "highway": "unclassified"
        }
      },
      "geometry": {
        "type": "LineString",
        "coordinates": [
          [
            78.64924357515734,
            17.153010285161148
          ],
          [
            78.6492337,
            17.1536563
          ]
        ]
      }
    },
    {
      "type": "Feature",
      "id": "osm-way-1334466238",
      "properties": {
        "kind": "road",
        "name": null,
        "osm_id": "1334466238",
        "tags": {
          "highway": "unclassified"
        }
      },
      "geometry": {
        "type": "LineString",
        "coordinates": [
          [
            78.6487994,
            17.1537849
          ],
          [
            78.64880196167762,
            17.15352162940428
          ]
        ]
      }
    },
    {
      "type": "Feature",
      "id": "osm-way-1334482674",
      "properties": {
        "kind": "road",
        "name": null,
        "osm_id": "1334482674",
        "tags": {
          "highway": "unclassified"
        }
      },
      "geometry": {
        "type": "LineString",
        "coordinates": [
          [
            78.65021264412604,
            17.15204411788777
          ],
          [
            78.6502098,
            17.1524777
          ]
        ]
      }
    },
    {
      "type": "Feature",
      "id": "osm-way-1334482675",
      "properties": {
        "kind": "road",
        "name": null,
        "osm_id": "1334482675",
        "tags": {
          "highway": "unclassified"
        }
      },
      "geometry": {
        "type": "LineString",
        "coordinates": [
          [
            78.6505862,
            17.1526395
          ],
          [
            78.6505972,
            17.1519611
          ]
        ]
      }
    },
    {
      "type": "Feature",
      "id": "osm-way-1334482676",
      "properties": {
        "kind": "road",
        "name": null,
        "osm_id": "1334482676",
        "tags": {
          "highway": "unclassified"
        }
      },
      "geometry": {
        "type": "LineString",
        "coordinates": [
          [
            78.6510478,
            17.1527332
          ],
          [
            78.651042,
            17.1522243
          ],
          [
            78.6510346,
            17.151826
          ]
        ]
      }
    },
    {
      "type": "Feature",
      "id": "osm-way-1334482677",
      "properties": {
        "kind": "road",
        "name": null,
        "osm_id": "1334482677",
        "tags": {
          "highway": "unclassified"
        }
      },
      "geometry": {
        "type": "LineString",
        "coordinates": [
          [
            78.6515696,
            17.1530639
          ],
          [
            78.6515781,
            17.15251
          ],
          [
            78.6515826,
            17.1518119
          ],
          [
            78.6515752,
            17.1516515
          ]
        ]
      }
    },
    {
      "type": "Feature",
      "id": "osm-way-1334482678",
      "properties": {
        "kind": "road",
        "name": null,
        "osm_id": "1334482678",
        "tags": {
          "highway": "unclassified"
        }
      },
      "geometry": {
        "type": "LineString",
        "coordinates": [
          [
            78.6521319,
            17.1515108
          ],
          [
            78.6521216,
            17.1527014
          ],
          [
            78.6521035,
            17.1533063
          ]
        ]
      }
    },
    {
      "type": "Feature",
      "id": "osm-way-1334482679",
      "properties": {
        "kind": "road",
        "name": null,
        "osm_id": "1334482679",
        "tags": {
          "highway": "unclassified"
        }
      },
      "geometry": {
        "type": "LineString",
        "coordinates": [
          [
            78.652581,
            17.1535304
          ],
          [
            78.6526051,
            17.1530083
          ],
          [
            78.6526096,
            17.1526654
          ],
          [
            78.6526105,
            17.1526009
          ],
          [
            78.6526147,
            17.1522751
          ],
          [
            78.6526179,
            17.1515311
          ],
          [
            78.6526147,
            17.1512281
          ],
          [
            78.6526259,
            17.1506479
          ],
          [
            78.65263007714682,
            17.15029037033138
          ]
        ]
      }
    },
    {
      "type": "Feature",
      "id": "osm-way-1334482680",
      "properties": {
        "kind": "road",
        "name": null,
        "osm_id": "1334482680",
        "tags": {
          "highway": "unclassified"
        }
      },
      "geometry": {
        "type": "LineString",
        "coordinates": [
          [
            78.6522874,
            17.1534864
          ],
          [
            78.6523233,
            17.1534087
          ]
        ]
      }
    },
    {
      "type": "Feature",
      "id": "osm-way-1334482681",
      "properties": {
        "kind": "road",
        "name": null,
        "osm_id": "1334482681",
        "tags": {
          "highway": "unclassified"
        }
      },
      "geometry": {
        "type": "LineString",
        "coordinates": [
          [
            78.6524074,
            17.1526607
          ],
          [
            78.6526096,
            17.1526654
          ],
          [
            78.6530361,
            17.1526751
          ],
          [
            78.6534853,
            17.1526853
          ],
          [
            78.6539281,
            17.152686
          ],
          [
            78.6543385,
            17.1526866
          ],
          [
            78.6547921,
            17.1526848
          ],
          [
            78.6549763,
            17.152684
          ],
          [
            78.655219,
            17.1526837
          ],
          [
            78.6556681,
            17.1526831
          ],
          [
            78.6559459,
            17.1526827
          ],
          [
            78.6560961,
            17.1526839
          ],
          [
            78.6562871,
            17.1526853
          ]
        ]
      }
    },
    {
      "type": "Feature",
      "id": "osm-way-1334482682",
      "properties": {
        "kind": "road",
        "name": null,
        "osm_id": "1334482682",
        "tags": {
          "highway": "unclassified"
        }
      },
      "geometry": {
        "type": "LineString",
        "coordinates": [
          [
            78.6523943,
            17.1525977
          ],
          [
            78.6526105,
            17.1526009
          ],
          [
            78.6530451,
            17.1526075
          ],
          [
            78.6534862,
            17.1526141
          ],
          [
            78.653722,
            17.1526177
          ],
          [
            78.6539216,
            17.1526177
          ],
          [
            78.6543692,
            17.1526177
          ],
          [
            78.6545775,
            17.1526177
          ],
          [
            78.6547873,
            17.1526185
          ],
          [
            78.6552166,
            17.1526201
          ],
          [
            78.6554418,
            17.152621
          ],
          [
            78.6556647,
            17.1526254
          ],
          [
            78.656096,
            17.1526338
          ],
          [
            78.6562921,
            17.1526376
          ],
          [
            78.6562871,
            17.1526853
          ]
        ]
      }
    },
    {
      "type": "Feature",
      "id": "osm-way-1334482683",
      "properties": {
        "kind": "road",
        "name": null,
        "osm_id": "1334482683",
        "tags": {
          "highway": "unclassified"
        }
      },
      "geometry": {
        "type": "LineString",
        "coordinates": [
          [
            78.656096,
            17.1526338
          ],
          [
            78.6561116,
            17.151448
          ],
          [
            78.6561093,
            17.1506597
          ],
          [
            78.6561317,
            17.1498521
          ]
        ]
      }
    },
    {
      "type": "Feature",
      "id": "osm-way-1334482684",
      "properties": {
        "kind": "road",
        "name": null,
        "osm_id": "1334482684",
        "tags": {
          "highway": "unclassified"
        }
      },
      "geometry": {
        "type": "LineString",
        "coordinates": [
          [
            78.6556844,
            17.1498413
          ],
          [
            78.6556869,
            17.1504766
          ],
          [
            78.6556794,
            17.1509858
          ],
          [
            78.6556819,
            17.1515759
          ],
          [
            78.6556732,
            17.152204
          ],
          [
            78.6556647,
            17.1526254
          ]
        ]
      }
    },
    {
      "type": "Feature",
      "id": "osm-way-1334482685",
      "properties": {
        "kind": "road",
        "name": null,
        "osm_id": "1334482685",
        "tags": {
          "highway": "unclassified"
        }
      },
      "geometry": {
        "type": "LineString",
        "coordinates": [
          [
            78.6552166,
            17.1526201
          ],
          [
            78.6552409,
            17.1513419
          ],
          [
            78.655244,
            17.1503565
          ],
          [
            78.6552515,
            17.1498513
          ]
        ]
      }
    },
    {
      "type": "Feature",
      "id": "osm-way-1334482686",
      "properties": {
        "kind": "road",
        "name": null,
        "osm_id": "1334482686",
        "tags": {
          "highway": "unclassified"
        }
      },
      "geometry": {
        "type": "LineString",
        "coordinates": [
          [
            78.6547977,
            17.1498409
          ],
          [
            78.654796,
            17.1503553
          ],
          [
            78.6548081,
            17.1511723
          ],
          [
            78.6548017,
            17.1518213
          ],
          [
            78.6547873,
            17.1526185
          ],
          [
            78.6547921,
            17.1526848
          ]
        ]
      }
    },
    {
      "type": "Feature",
      "id": "osm-way-1334482687",
      "properties": {
        "kind": "road",
        "name": null,
        "osm_id": "1334482687",
        "tags": {
          "highway": "unclassified"
        }
      },
      "geometry": {
        "type": "LineString",
        "coordinates": [
          [
            78.65439,
            17.1498436
          ],
          [
            78.6543852,
            17.1505462
          ],
          [
            78.6543756,
            17.1514555
          ],
          [
            78.6543692,
            17.1521994
          ],
          [
            78.6543692,
            17.1526177
          ]
        ]
      }
    },
    {
      "type": "Feature",
      "id": "osm-way-1334482688",
      "properties": {
        "kind": "road",
        "name": null,
        "osm_id": "1334482688",
        "tags": {
          "highway": "unclassified"
        }
      },
      "geometry": {
        "type": "LineString",
        "coordinates": [
          [
            78.6539216,
            17.1526177
          ],
          [
            78.6539328,
            17.1514406
          ],
          [
            78.6539395,
            17.1507122
          ],
          [
            78.6539462,
            17.1498468
          ]
        ]
      }
    },
    {
      "type": "Feature",
      "id": "osm-way-1334482689",
      "properties": {
        "kind": "road",
        "name": null,
        "osm_id": "1334482689",
        "tags": {
          "highway": "unclassified"
        }
      },
      "geometry": {
        "type": "LineString",
        "coordinates": [
          [
            78.6534853,
            17.1526853
          ],
          [
            78.6534862,
            17.1526141
          ],
          [
            78.6534943,
            17.1519896
          ],
          [
            78.6534975,
            17.1513299
          ],
          [
            78.6535006,
            17.1508693
          ],
          [
            78.6535048,
            17.1504318
          ],
          [
            78.6535112,
            17.1498335
          ]
        ]
      }
    },
    {
      "type": "Feature",
      "id": "osm-way-1334482690",
      "properties": {
        "kind": "road",
        "name": null,
        "osm_id": "1334482690",
        "tags": {
          "highway": "unclassified"
        }
      },
      "geometry": {
        "type": "LineString",
        "coordinates": [
          [
            78.6530451,
            17.1526075
          ],
          [
            78.653058,
            17.1517593
          ],
          [
            78.6530644,
            17.1510062
          ],
          [
            78.6530768,
            17.1501988
          ],
          [
            78.6530753226254,
            17.150044857566655
          ]
        ]
      }
    },
    {
      "type": "Feature",
      "id": "osm-way-1334482691",
      "properties": {
        "kind": "road",
        "name": null,
        "osm_id": "1334482691",
        "tags": {
          "highway": "unclassified"
        }
      },
      "geometry": {
        "type": "LineString",
        "coordinates": [
          [
            78.65349167282844,
            17.149833526755657
          ],
          [
            78.6535112,
            17.1498335
          ],
          [
            78.6539462,
            17.1498468
          ],
          [
            78.65439,
            17.1498436
          ],
          [
            78.6547977,
            17.1498409
          ],
          [
            78.6552515,
            17.1498513
          ],
          [
            78.6556844,
            17.1498413
          ],
          [
            78.6561317,
            17.1498521
          ],
          [
            78.6565789,
            17.1498574
          ],
          [
            78.6569847,
            17.1498623
          ],
          [
            78.6570006,
            17.1498624
          ],
          [
            78.657428,
            17.1498663
          ],
          [
            78.6578697,
            17.1498703
          ],
          [
            78.6581053,
            17.1498724
          ],
          [
            78.6583185,
            17.1498768
          ],
          [
            78.6587443,
            17.1498855
          ],
          [
            78.6589992,
            17.1498908
          ],
          [
            78.6590549,
            17.1498608
          ],
          [
            78.6591923,
            17.1498597
          ],
          [
            78.6592588,
            17.1498591
          ],
          [
            78.6594173,
            17.1498674
          ],
          [
            78.6595689,
            17.1499007
          ],
          [
            78.6596473,
            17.149944
          ],
          [
            78.6597118,
            17.1500364
          ]
        ]
      }
    },
    {
      "type": "Feature",
      "id": "osm-way-1334482692",
      "properties": {
        "kind": "road",
        "name": null,
        "osm_id": "1334482692",
        "tags": {
          "highway": "unclassified"
        }
      },
      "geometry": {
        "type": "LineString",
        "coordinates": [
          [
            78.6590549,
            17.1498608
          ],
          [
            78.6589852,
            17.1498158
          ],
          [
            78.6587328,
            17.1498101
          ],
          [
            78.6585444,
            17.1498058
          ],
          [
            78.658313,
            17.1498052
          ],
          [
            78.6581117,
            17.1498046
          ],
          [
            78.6579398,
            17.1498042
          ],
          [
            78.6578741,
            17.1498038
          ],
          [
            78.6574213,
            17.1498014
          ],
          [
            78.6573265,
            17.1498008
          ],
          [
            78.6569843,
            17.1497993
          ],
          [
            78.656579,
            17.1497975
          ],
          [
            78.6561207,
            17.1497925
          ],
          [
            78.6556973,
            17.1497892
          ],
          [
            78.6552478,
            17.1497842
          ],
          [
            78.6547979,
            17.1497871
          ],
          [
            78.6547338,
            17.1497875
          ],
          [
            78.6543936,
            17.1497842
          ],
          [
            78.6542233,
            17.1497825
          ],
          [
            78.6539492,
            17.1497762
          ],
          [
            78.6537162,
            17.1497709
          ],
          [
            78.65362321210448,
            17.149770205369308
          ]
        ]
      }
    },
    {
      "type": "Feature",
      "id": "osm-way-1334482695",
      "properties": {
        "kind": "road",
        "name": null,
        "osm_id": "1334482695",
        "tags": {
          "highway": "unclassified"
        }
      },
      "geometry": {
        "type": "LineString",
        "coordinates": [
          [
            78.6539492,
            17.1497762
          ],
          [
            78.65394897626632,
            17.149620389233732
          ]
        ]
      }
    },
    {
      "type": "Feature",
      "id": "osm-way-1334482696",
      "properties": {
        "kind": "road",
        "name": null,
        "osm_id": "1334482696",
        "tags": {
          "highway": "unclassified"
        }
      },
      "geometry": {
        "type": "LineString",
        "coordinates": [
          [
            78.6543936,
            17.1497842
          ],
          [
            78.65439461711796,
            17.14943093887217
          ]
        ]
      }
    },
    {
      "type": "Feature",
      "id": "osm-way-1334482697",
      "properties": {
        "kind": "road",
        "name": null,
        "osm_id": "1334482697",
        "tags": {
          "highway": "unclassified"
        }
      },
      "geometry": {
        "type": "LineString",
        "coordinates": [
          [
            78.6547979,
            17.1497871
          ],
          [
            78.65480561558878,
            17.14927145286348
          ]
        ]
      }
    },
    {
      "type": "Feature",
      "id": "osm-way-1334482698",
      "properties": {
        "kind": "road",
        "name": null,
        "osm_id": "1334482698",
        "tags": {
          "highway": "unclassified"
        }
      },
      "geometry": {
        "type": "LineString",
        "coordinates": [
          [
            78.6552478,
            17.1497842
          ],
          [
            78.65525257954195,
            17.14911424810744
          ]
        ]
      }
    },
    {
      "type": "Feature",
      "id": "osm-way-1334482699",
      "properties": {
        "kind": "road",
        "name": null,
        "osm_id": "1334482699",
        "tags": {
          "highway": "unclassified"
        }
      },
      "geometry": {
        "type": "LineString",
        "coordinates": [
          [
            78.6556973,
            17.1497892
          ],
          [
            78.65568716764972,
            17.14897663930717
          ]
        ]
      }
    },
    {
      "type": "Feature",
      "id": "osm-way-1334482700",
      "properties": {
        "kind": "road",
        "name": null,
        "osm_id": "1334482700",
        "tags": {
          "highway": "unclassified"
        }
      },
      "geometry": {
        "type": "LineString",
        "coordinates": [
          [
            78.6561207,
            17.1497925
          ],
          [
            78.65612366193851,
            17.148853201746302
          ]
        ]
      }
    },
    {
      "type": "Feature",
      "id": "osm-way-1334482701",
      "properties": {
        "kind": "road",
        "name": null,
        "osm_id": "1334482701",
        "tags": {
          "highway": "unclassified"
        }
      },
      "geometry": {
        "type": "LineString",
        "coordinates": [
          [
            78.65657917580094,
            17.148739998715254
          ],
          [
            78.656579,
            17.1497975
          ],
          [
            78.6565789,
            17.1498574
          ],
          [
            78.6565782,
            17.1503569
          ],
          [
            78.6565703,
            17.1516537
          ]
        ]
      }
    },
    {
      "type": "Feature",
      "id": "osm-way-1334482702",
      "properties": {
        "kind": "road",
        "name": null,
        "osm_id": "1334482702",
        "tags": {
          "highway": "unclassified"
        }
      },
      "geometry": {
        "type": "LineString",
        "coordinates": [
          [
            78.65699535626213,
            17.14864964046572
          ],
          [
            78.6569843,
            17.1497993
          ],
          [
            78.6569847,
            17.1498623
          ],
          [
            78.6569886,
            17.1505382
          ],
          [
            78.6569893,
            17.1516349
          ]
        ]
      }
    },
    {
      "type": "Feature",
      "id": "osm-way-1334482703",
      "properties": {
        "kind": "road",
        "name": null,
        "osm_id": "1334482703",
        "tags": {
          "highway": "unclassified"
        }
      },
      "geometry": {
        "type": "LineString",
        "coordinates": [
          [
            78.6574167,
            17.1516463
          ],
          [
            78.657428,
            17.1498663
          ]
        ]
      }
    },
    {
      "type": "Feature",
      "id": "osm-way-1334482704",
      "properties": {
        "kind": "road",
        "name": null,
        "osm_id": "1334482704",
        "tags": {
          "highway": "unclassified"
        }
      },
      "geometry": {
        "type": "LineString",
        "coordinates": [
          [
            78.6574213,
            17.1498014
          ],
          [
            78.6574519574246,
            17.14856524186992
          ]
        ]
      }
    },
    {
      "type": "Feature",
      "id": "osm-way-1334482705",
      "properties": {
        "kind": "road",
        "name": null,
        "osm_id": "1334482705",
        "tags": {
          "highway": "unclassified"
        }
      },
      "geometry": {
        "type": "LineString",
        "coordinates": [
          [
            78.65789735705911,
            17.148497061960175
          ],
          [
            78.6578831,
            17.1493279
          ],
          [
            78.6578741,
            17.1498038
          ]
        ]
      }
    },
    {
      "type": "Feature",
      "id": "osm-way-1334482706",
      "properties": {
        "kind": "road",
        "name": null,
        "osm_id": "1334482706",
        "tags": {
          "highway": "unclassified"
        }
      },
      "geometry": {
        "type": "LineString",
        "coordinates": [
          [
            78.6578697,
            17.1498703
          ],
          [
            78.6578685,
            17.1508782
          ],
          [
            78.6578703,
            17.1516508
          ]
        ]
      }
    },
    {
      "type": "Feature",
      "id": "osm-way-1334482707",
      "properties": {
        "kind": "road",
        "name": null,
        "osm_id": "1334482707",
        "tags": {
          "highway": "unclassified"
        }
      },
      "geometry": {
        "type": "LineString",
        "coordinates": [
          [
            78.65832874959212,
            17.148444083551396
          ],
          [
            78.658313,
            17.1498052
          ]
        ]
      }
    },
    {
      "type": "Feature",
      "id": "osm-way-1334482708",
      "properties": {
        "kind": "road",
        "name": null,
        "osm_id": "1334482708",
        "tags": {
          "highway": "unclassified"
        }
      },
      "geometry": {
        "type": "LineString",
        "coordinates": [
          [
            78.6581053,
            17.1498724
          ],
          [
            78.6581117,
            17.1498046
          ]
        ]
      }
    },
    {
      "type": "Feature",
      "id": "osm-way-1334482709",
      "properties": {
        "kind": "road",
        "name": null,
        "osm_id": "1334482709",
        "tags": {
          "highway": "unclassified"
        }
      },
      "geometry": {
        "type": "LineString",
        "coordinates": [
          [
            78.6583185,
            17.1498768
          ],
          [
            78.6583034,
            17.1508045
          ],
          [
            78.6582997,
            17.1514528
          ],
          [
            78.6583001,
            17.1516691
          ]
        ]
      }
    },
    {
      "type": "Feature",
      "id": "osm-way-1334482710",
      "properties": {
        "kind": "road",
        "name": null,
        "osm_id": "1334482710",
        "tags": {
          "highway": "unclassified"
        }
      },
      "geometry": {
        "type": "LineString",
        "coordinates": [
          [
            78.6587365,
            17.1516672
          ],
          [
            78.6587392,
            17.150645
          ],
          [
            78.6587429,
            17.1500906
          ],
          [
            78.6587443,
            17.1498855
          ]
        ]
      }
    },
    {
      "type": "Feature",
      "id": "osm-way-1334482711",
      "properties": {
        "kind": "road",
        "name": null,
        "osm_id": "1334482711",
        "tags": {
          "highway": "unclassified"
        }
      },
      "geometry": {
        "type": "LineString",
        "coordinates": [
          [
            78.6591923,
            17.1498597
          ],
          [
            78.6591843,
            17.1506012
          ],
          [
            78.6591731,
            17.1514018
          ],
          [
            78.6591764,
            17.1516645
          ]
        ]
      }
    },
    {
      "type": "Feature",
      "id": "osm-way-1334482712",
      "properties": {
        "kind": "road",
        "name": null,
        "osm_id": "1334482712",
        "tags": {
          "highway": "unclassified"
        }
      },
      "geometry": {
        "type": "LineString",
        "coordinates": [
          [
            78.6587328,
            17.1498101
          ],
          [
            78.65875434120518,
            17.14840460880978
          ]
        ]
      }
    },
    {
      "type": "Feature",
      "id": "osm-way-1334482717",
      "properties": {
        "kind": "road",
        "name": null,
        "osm_id": "1334482717",
        "tags": {
          "highway": "unclassified"
        }
      },
      "geometry": {
        "type": "LineString",
        "coordinates": [
          [
            78.6591923,
            17.1498597
          ],
          [
            78.6592058,
            17.1486548
          ]
        ]
      }
    },
    {
      "type": "Feature",
      "id": "osm-way-1334482718",
      "properties": {
        "kind": "road",
        "name": null,
        "osm_id": "1334482718",
        "tags": {
          "highway": "unclassified"
        }
      },
      "geometry": {
        "type": "LineString",
        "coordinates": [
          [
            78.6530361,
            17.1526751
          ],
          [
            78.6530818,
            17.1537566
          ]
        ]
      }
    },
    {
      "type": "Feature",
      "id": "osm-way-1334482719",
      "properties": {
        "kind": "road",
        "name": null,
        "osm_id": "1334482719",
        "tags": {
          "highway": "unclassified"
        }
      },
      "geometry": {
        "type": "LineString",
        "coordinates": [
          [
            78.6534853,
            17.1526853
          ],
          [
            78.6534944,
            17.15394
          ]
        ]
      }
    },
    {
      "type": "Feature",
      "id": "osm-way-1334482720",
      "properties": {
        "kind": "road",
        "name": null,
        "osm_id": "1334482720",
        "tags": {
          "highway": "unclassified"
        }
      },
      "geometry": {
        "type": "LineString",
        "coordinates": [
          [
            78.6539281,
            17.152686
          ],
          [
            78.6539177,
            17.1541258
          ]
        ]
      }
    },
    {
      "type": "Feature",
      "id": "osm-way-1334482721",
      "properties": {
        "kind": "road",
        "name": null,
        "osm_id": "1334482721",
        "tags": {
          "highway": "unclassified"
        }
      },
      "geometry": {
        "type": "LineString",
        "coordinates": [
          [
            78.6543385,
            17.1526866
          ],
          [
            78.6543438,
            17.1534467
          ],
          [
            78.65436,
            17.1535046
          ],
          [
            78.6544246,
            17.153574
          ],
          [
            78.654543,
            17.1537231
          ],
          [
            78.6545901,
            17.1537823
          ],
          [
            78.6546425,
            17.1538633
          ],
          [
            78.6547596,
            17.1540909
          ],
          [
            78.6547879,
            17.1541796
          ],
          [
            78.6547798,
            17.1542644
          ],
          [
            78.6547612,
            17.1543443
          ]
        ]
      }
    },
    {
      "type": "Feature",
      "id": "osm-way-1334482722",
      "properties": {
        "kind": "road",
        "name": null,
        "osm_id": "1334482722",
        "tags": {
          "highway": "unclassified"
        }
      },
      "geometry": {
        "type": "LineString",
        "coordinates": [
          [
            78.6546425,
            17.1538633
          ],
          [
            78.6550536,
            17.1538315
          ],
          [
            78.6552031,
            17.1538332
          ],
          [
            78.6556515,
            17.1538384
          ],
          [
            78.6557168,
            17.1538391
          ],
          [
            78.6560821,
            17.1538449
          ],
          [
            78.6562967,
            17.1538483
          ]
        ]
      }
    },
    {
      "type": "Feature",
      "id": "osm-way-1334482723",
      "properties": {
        "kind": "road",
        "name": null,
        "osm_id": "1334482723",
        "tags": {
          "highway": "unclassified"
        }
      },
      "geometry": {
        "type": "LineString",
        "coordinates": [
          [
            78.654543,
            17.1537231
          ],
          [
            78.6547073,
            17.1535823
          ],
          [
            78.6547452,
            17.1535243
          ],
          [
            78.654785,
            17.1534302
          ],
          [
            78.6547964,
            17.1533161
          ],
          [
            78.6547921,
            17.1526848
          ]
        ]
      }
    },
    {
      "type": "Feature",
      "id": "osm-way-1334482724",
      "properties": {
        "kind": "road",
        "name": null,
        "osm_id": "1334482724",
        "tags": {
          "highway": "unclassified"
        }
      },
      "geometry": {
        "type": "LineString",
        "coordinates": [
          [
            78.655219,
            17.1526837
          ],
          [
            78.6552076,
            17.1536855
          ]
        ]
      }
    },
    {
      "type": "Feature",
      "id": "osm-way-1334482725",
      "properties": {
        "kind": "road",
        "name": null,
        "osm_id": "1334482725",
        "tags": {
          "highway": "unclassified"
        }
      },
      "geometry": {
        "type": "LineString",
        "coordinates": [
          [
            78.6556681,
            17.1526831
          ],
          [
            78.6556738,
            17.1537
          ]
        ]
      }
    },
    {
      "type": "Feature",
      "id": "osm-way-1334482726",
      "properties": {
        "kind": "road",
        "name": null,
        "osm_id": "1334482726",
        "tags": {
          "highway": "unclassified"
        }
      },
      "geometry": {
        "type": "LineString",
        "coordinates": [
          [
            78.6552031,
            17.1538332
          ],
          [
            78.6552054,
            17.1545543
          ]
        ]
      }
    },
    {
      "type": "Feature",
      "id": "osm-way-1334482727",
      "properties": {
        "kind": "road",
        "name": null,
        "osm_id": "1334482727",
        "tags": {
          "highway": "unclassified"
        }
      },
      "geometry": {
        "type": "LineString",
        "coordinates": [
          [
            78.6556515,
            17.1538384
          ],
          [
            78.6556144,
            17.1548607
          ]
        ]
      }
    },
    {
      "type": "Feature",
      "id": "osm-way-1334482728",
      "properties": {
        "kind": "road",
        "name": null,
        "osm_id": "1334482728",
        "tags": {
          "highway": "unclassified"
        }
      },
      "geometry": {
        "type": "LineString",
        "coordinates": [
          [
            78.6560821,
            17.1538449
          ],
          [
            78.6560842,
            17.1549313
          ]
        ]
      }
    },
    {
      "type": "Feature",
      "id": "osm-way-1334482729",
      "properties": {
        "kind": "road",
        "name": null,
        "osm_id": "1334482729",
        "tags": {
          "highway": "unclassified"
        }
      },
      "geometry": {
        "type": "LineString",
        "coordinates": [
          [
            78.6560961,
            17.1526839
          ],
          [
            78.6560827,
            17.1536674
          ]
        ]
      }
    },
    {
      "type": "Feature",
      "id": "osm-way-1334482730",
      "properties": {
        "kind": "road",
        "name": null,
        "osm_id": "1334482730",
        "tags": {
          "highway": "unclassified"
        }
      },
      "geometry": {
        "type": "LineString",
        "coordinates": [
          [
            78.6565703,
            17.1516537
          ],
          [
            78.656546,
            17.1528629
          ],
          [
            78.6565428,
            17.1533327
          ],
          [
            78.6565411,
            17.1535828
          ],
          [
            78.6565394,
            17.1537702
          ],
          [
            78.6565362,
            17.1541234
          ],
          [
            78.6565184,
            17.1550743
          ],
          [
            78.6565166,
            17.1551677
          ]
        ]
      }
    },
    {
      "type": "Feature",
      "id": "osm-way-1334482731",
      "properties": {
        "kind": "road",
        "name": null,
        "osm_id": "1334482731",
        "tags": {
          "highway": "unclassified"
        }
      },
      "geometry": {
        "type": "LineString",
        "coordinates": [
          [
            78.6565394,
            17.1537702
          ],
          [
            78.6569709,
            17.153775
          ],
          [
            78.6574116,
            17.15378
          ],
          [
            78.6578524,
            17.1537849
          ],
          [
            78.6582863,
            17.1537898
          ],
          [
            78.6584119,
            17.1537912
          ],
          [
            78.6587293,
            17.1537886
          ],
          [
            78.6589827,
            17.1537866
          ],
          [
            78.6591791,
            17.153785
          ],
          [
            78.6595277,
            17.1537822
          ],
          [
            78.6595621,
            17.1537916
          ]
        ]
      }
    },
    {
      "type": "Feature",
      "id": "osm-way-1334482732",
      "properties": {
        "kind": "road",
        "name": null,
        "osm_id": "1334482732",
        "tags": {
          "highway": "unclassified"
        }
      },
      "geometry": {
        "type": "LineString",
        "coordinates": [
          [
            78.6595621,
            17.1537916
          ],
          [
            78.6595916,
            17.1538117
          ],
          [
            78.6596019,
            17.1538511
          ],
          [
            78.6595833,
            17.1542765
          ],
          [
            78.6595792,
            17.155281
          ]
        ]
      }
    },
    {
      "type": "Feature",
      "id": "osm-way-1334482733",
      "properties": {
        "kind": "road",
        "name": null,
        "osm_id": "1334482733",
        "tags": {
          "highway": "unclassified"
        }
      },
      "geometry": {
        "type": "LineString",
        "coordinates": [
          [
            78.659869,
            17.1552706
          ],
          [
            78.6595792,
            17.155281
          ],
          [
            78.6591509,
            17.1552794
          ],
          [
            78.6587094,
            17.1552777
          ],
          [
            78.6582754,
            17.1552761
          ],
          [
            78.6578289,
            17.1552745
          ],
          [
            78.6575077,
            17.1552733
          ],
          [
            78.6574547,
            17.1552649
          ],
          [
            78.6574267,
            17.1552531
          ],
          [
            78.6573953,
            17.1552402
          ],
          [
            78.6573516,
            17.1552221
          ],
          [
            78.6572227,
            17.155175
          ],
          [
            78.6571476,
            17.1551546
          ],
          [
            78.6570545,
            17.1551428
          ],
          [
            78.6569586,
            17.1551306
          ],
          [
            78.6565184,
            17.1550743
          ]
        ]
      }
    },
    {
      "type": "Feature",
      "id": "osm-way-1334482734",
      "properties": {
        "kind": "road",
        "name": null,
        "osm_id": "1334482734",
        "tags": {
          "highway": "unclassified"
        }
      },
      "geometry": {
        "type": "LineString",
        "coordinates": [
          [
            78.6569586,
            17.1551306
          ],
          [
            78.6569709,
            17.153775
          ]
        ]
      }
    },
    {
      "type": "Feature",
      "id": "osm-way-1334482735",
      "properties": {
        "kind": "road",
        "name": null,
        "osm_id": "1334482735",
        "tags": {
          "highway": "unclassified"
        }
      },
      "geometry": {
        "type": "LineString",
        "coordinates": [
          [
            78.6574116,
            17.15378
          ],
          [
            78.6574038,
            17.1548166
          ],
          [
            78.6573953,
            17.1552402
          ]
        ]
      }
    },
    {
      "type": "Feature",
      "id": "osm-way-1334482736",
      "properties": {
        "kind": "road",
        "name": null,
        "osm_id": "1334482736",
        "tags": {
          "highway": "unclassified"
        }
      },
      "geometry": {
        "type": "LineString",
        "coordinates": [
          [
            78.6578289,
            17.1552745
          ],
          [
            78.6578493,
            17.154211
          ],
          [
            78.6578524,
            17.1537849
          ]
        ]
      }
    },
    {
      "type": "Feature",
      "id": "osm-way-1334482737",
      "properties": {
        "kind": "road",
        "name": null,
        "osm_id": "1334482737",
        "tags": {
          "highway": "unclassified"
        }
      },
      "geometry": {
        "type": "LineString",
        "coordinates": [
          [
            78.6582863,
            17.1537898
          ],
          [
            78.6582827,
            17.1547275
          ],
          [
            78.6582754,
            17.1552761
          ]
        ]
      }
    },
    {
      "type": "Feature",
      "id": "osm-way-1334482738",
      "properties": {
        "kind": "road",
        "name": null,
        "osm_id": "1334482738",
        "tags": {
          "highway": "unclassified"
        }
      },
      "geometry": {
        "type": "LineString",
        "coordinates": [
          [
            78.6587293,
            17.1537886
          ],
          [
            78.6587227,
            17.1546438
          ],
          [
            78.6587094,
            17.1552777
          ],
          [
            78.6586988,
            17.155665
          ]
        ]
      }
    },
    {
      "type": "Feature",
      "id": "osm-way-1334482739",
      "properties": {
        "kind": "road",
        "name": null,
        "osm_id": "1334482739",
        "tags": {
          "highway": "unclassified"
        }
      },
      "geometry": {
        "type": "LineString",
        "coordinates": [
          [
            78.658183,
            17.15566
          ],
          [
            78.6586988,
            17.155665
          ],
          [
            78.6591447,
            17.1556563
          ],
          [
            78.660058,
            17.1556384
          ],
          [
            78.6601006,
            17.1556365
          ]
        ]
      }
    },
    {
      "type": "Feature",
      "id": "osm-way-1334482740",
      "properties": {
        "kind": "road",
        "name": null,
        "osm_id": "1334482740",
        "tags": {
          "highway": "unclassified"
        }
      },
      "geometry": {
        "type": "LineString",
        "coordinates": [
          [
            78.6591509,
            17.1552794
          ],
          [
            78.6591791,
            17.153785
          ]
        ]
      }
    },
    {
      "type": "Feature",
      "id": "osm-way-1334482741",
      "properties": {
        "kind": "road",
        "name": null,
        "osm_id": "1334482741",
        "tags": {
          "highway": "unclassified"
        }
      },
      "geometry": {
        "type": "LineString",
        "coordinates": [
          [
            78.6591447,
            17.1556563
          ],
          [
            78.659139,
            17.1562303
          ]
        ]
      }
    },
    {
      "type": "Feature",
      "id": "osm-way-1334482742",
      "properties": {
        "kind": "road",
        "name": null,
        "osm_id": "1334482742",
        "tags": {
          "highway": "unclassified"
        }
      },
      "geometry": {
        "type": "LineString",
        "coordinates": [
          [
            78.6565428,
            17.1533327
          ],
          [
            78.6569654,
            17.153332
          ],
          [
            78.6574143,
            17.1533314
          ],
          [
            78.6578608,
            17.1533307
          ],
          [
            78.6580872,
            17.1533303
          ],
          [
            78.6582834,
            17.1533331
          ],
          [
            78.6585719,
            17.1533372
          ],
          [
            78.658718,
            17.153342
          ],
          [
            78.6588489,
            17.1533463
          ],
          [
            78.658942,
            17.1533646
          ],
          [
            78.659016,
            17.1533942
          ],
          [
            78.6590805,
            17.1534353
          ],
          [
            78.6591227,
            17.1535078
          ],
          [
            78.6591171,
            17.1535935
          ],
          [
            78.6590972,
            17.1536475
          ],
          [
            78.659059,
            17.1537022
          ],
          [
            78.6589827,
            17.1537866
          ]
        ]
      }
    },
    {
      "type": "Feature",
      "id": "osm-way-1334482743",
      "properties": {
        "kind": "road",
        "name": null,
        "osm_id": "1334482743",
        "tags": {
          "highway": "unclassified"
        }
      },
      "geometry": {
        "type": "LineString",
        "coordinates": [
          [
            78.6591171,
            17.1535935
          ],
          [
            78.6595979,
            17.1535924
          ]
        ]
      }
    },
    {
      "type": "Feature",
      "id": "osm-way-1334482744",
      "properties": {
        "kind": "road",
        "name": null,
        "osm_id": "1334482744",
        "tags": {
          "highway": "unclassified"
        }
      },
      "geometry": {
        "type": "LineString",
        "coordinates": [
          [
            78.6591227,
            17.1535078
          ],
          [
            78.6596072,
            17.1535229
          ],
          [
            78.6595979,
            17.1535924
          ]
        ]
      }
    },
    {
      "type": "Feature",
      "id": "osm-way-1334482745",
      "properties": {
        "kind": "road",
        "name": null,
        "osm_id": "1334482745",
        "tags": {
          "highway": "unclassified"
        }
      },
      "geometry": {
        "type": "LineString",
        "coordinates": [
          [
            78.659016,
            17.1533942
          ],
          [
            78.6591565,
            17.1533722
          ],
          [
            78.659496,
            17.1533543
          ],
          [
            78.6595745,
            17.1533462
          ],
          [
            78.6596001,
            17.1533282
          ],
          [
            78.6596137,
            17.1533038
          ],
          [
            78.6596154,
            17.1532011
          ],
          [
            78.6596052,
            17.152769
          ]
        ]
      }
    },
    {
      "type": "Feature",
      "id": "osm-way-1334482746",
      "properties": {
        "kind": "road",
        "name": null,
        "osm_id": "1334482746",
        "tags": {
          "highway": "unclassified"
        }
      },
      "geometry": {
        "type": "LineString",
        "coordinates": [
          [
            78.658718,
            17.153342
          ],
          [
            78.6587371,
            17.1520957
          ],
          [
            78.6587365,
            17.1516672
          ]
        ]
      }
    },
    {
      "type": "Feature",
      "id": "osm-way-1334482747",
      "properties": {
        "kind": "road",
        "name": null,
        "osm_id": "1334482747",
        "tags": {
          "highway": "unclassified"
        }
      },
      "geometry": {
        "type": "LineString",
        "coordinates": [
          [
            78.6591764,
            17.1516645
          ],
          [
            78.6591788,
            17.1524539
          ],
          [
            78.6591565,
            17.1533722
          ]
        ]
      }
    },
    {
      "type": "Feature",
      "id": "osm-way-1334482748",
      "properties": {
        "kind": "road",
        "name": null,
        "osm_id": "1334482748",
        "tags": {
          "highway": "unclassified"
        }
      },
      "geometry": {
        "type": "LineString",
        "coordinates": [
          [
            78.6582834,
            17.1533331
          ],
          [
            78.6583001,
            17.1523444
          ],
          [
            78.6583001,
            17.1516691
          ]
        ]
      }
    },
    {
      "type": "Feature",
      "id": "osm-way-1334482749",
      "properties": {
        "kind": "road",
        "name": null,
        "osm_id": "1334482749",
        "tags": {
          "highway": "unclassified"
        }
      },
      "geometry": {
        "type": "LineString",
        "coordinates": [
          [
            78.6578608,
            17.1533307
          ],
          [
            78.6578632,
            17.1522965
          ],
          [
            78.6578703,
            17.1516508
          ]
        ]
      }
    },
    {
      "type": "Feature",
      "id": "osm-way-1334482750",
      "properties": {
        "kind": "road",
        "name": null,
        "osm_id": "1334482750",
        "tags": {
          "highway": "unclassified"
        }
      },
      "geometry": {
        "type": "LineString",
        "coordinates": [
          [
            78.6574167,
            17.1516463
          ],
          [
            78.6574214,
            17.1522372
          ],
          [
            78.6574143,
            17.1533314
          ]
        ]
      }
    },
    {
      "type": "Feature",
      "id": "osm-way-1334482751",
      "properties": {
        "kind": "road",
        "name": null,
        "osm_id": "1334482751",
        "tags": {
          "highway": "unclassified"
        }
      },
      "geometry": {
        "type": "LineString",
        "coordinates": [
          [
            78.6569654,
            17.153332
          ],
          [
            78.6569869,
            17.152333
          ],
          [
            78.6569893,
            17.1516349
          ]
        ]
      }
    },
    {
      "type": "Feature",
      "id": "osm-way-1334482752",
      "properties": {
        "kind": "road",
        "name": null,
        "osm_id": "1334482752",
        "tags": {
          "highway": "unclassified"
        }
      },
      "geometry": {
        "type": "LineString",
        "coordinates": [
          [
            78.6565703,
            17.1516537
          ],
          [
            78.656586,
            17.1516366
          ],
          [
            78.6566237,
            17.1516306
          ],
          [
            78.6569893,
            17.1516349
          ],
          [
            78.6574167,
            17.1516463
          ],
          [
            78.6578703,
            17.1516508
          ],
          [
            78.6583001,
            17.1516691
          ],
          [
            78.6587365,
            17.1516672
          ],
          [
            78.6591764,
            17.1516645
          ],
          [
            78.659452,
            17.1516621
          ]
        ]
      }
    },
    {
      "type": "Feature",
      "id": "osm-way-1334482753",
      "properties": {
        "kind": "road",
        "name": null,
        "osm_id": "1334482753",
        "tags": {
          "highway": "unclassified"
        }
      },
      "geometry": {
        "type": "LineString",
        "coordinates": [
          [
            78.6614252,
            17.1607422
          ],
          [
            78.6608392,
            17.1605336
          ],
          [
            78.6606386,
            17.1604622
          ]
        ]
      }
    },
    {
      "type": "Feature",
      "id": "osm-way-1334482754",
      "properties": {
        "kind": "road",
        "name": null,
        "osm_id": "1334482754",
        "tags": {
          "highway": "unclassified"
        }
      },
      "geometry": {
        "type": "LineString",
        "coordinates": [
          [
            78.6606291,
            17.1611832
          ],
          [
            78.6608392,
            17.1605336
          ],
          [
            78.6609634,
            17.160152
          ],
          [
            78.6610541,
            17.1598965
          ],
          [
            78.6610971,
            17.1597596
          ],
          [
            78.661109,
            17.1596934
          ],
          [
            78.661109,
            17.1596318
          ],
          [
            78.6610875,
            17.1595451
          ],
          [
            78.6609799,
            17.1590255
          ],
          [
            78.6611802,
            17.1590027
          ]
        ]
      }
    },
    {
      "type": "Feature",
      "id": "osm-way-1334482755",
      "properties": {
        "kind": "road",
        "name": null,
        "osm_id": "1334482755",
        "tags": {
          "highway": "unclassified"
        }
      },
      "geometry": {
        "type": "LineString",
        "coordinates": [
          [
            78.6609799,
            17.1590255
          ],
          [
            78.660626,
            17.1590876
          ],
          [
            78.6605048,
            17.1591061
          ]
        ]
      }
    },
    {
      "type": "Feature",
      "id": "osm-way-1334482756",
      "properties": {
        "kind": "road",
        "name": null,
        "osm_id": "1334482756",
        "tags": {
          "highway": "unclassified"
        }
      },
      "geometry": {
        "type": "LineString",
        "coordinates": [
          [
            78.660626,
            17.1590876
          ],
          [
            78.6607399,
            17.1597325
          ]
        ]
      }
    },
    {
      "type": "Feature",
      "id": "osm-way-1334482757",
      "properties": {
        "kind": "road",
        "name": null,
        "osm_id": "1334482757",
        "tags": {
          "highway": "unclassified"
        }
      },
      "geometry": {
        "type": "LineString",
        "coordinates": [
          [
            78.6622027,
            17.1591564
          ],
          [
            78.66286,
            17.1594642
          ],
          [
            78.6629191,
            17.1594918
          ],
          [
            78.663208,
            17.1596264
          ],
          [
            78.6635494,
            17.159834
          ],
          [
            78.6638979,
            17.1600483
          ],
          [
            78.6639983,
            17.1601101
          ],
          [
            78.6641869,
            17.1602351
          ],
          [
            78.6644999,
            17.1604427
          ],
          [
            78.6646692,
            17.1605549
          ],
          [
            78.6652351,
            17.1609405
          ]
        ]
      }
    },
    {
      "type": "Feature",
      "id": "osm-way-1334482758",
      "properties": {
        "kind": "road",
        "name": null,
        "osm_id": "1334482758",
        "tags": {
          "highway": "unclassified"
        }
      },
      "geometry": {
        "type": "LineString",
        "coordinates": [
          [
            78.6620619,
            17.1594404
          ],
          [
            78.6627181,
            17.1597503
          ],
          [
            78.6628856,
            17.1598294
          ],
          [
            78.6630888,
            17.1599259
          ],
          [
            78.6632462,
            17.1600006
          ],
          [
            78.6634328,
            17.160116
          ],
          [
            78.6635781,
            17.1602059
          ],
          [
            78.663778,
            17.1603431
          ],
          [
            78.6639505,
            17.1604614
          ],
          [
            78.6640619,
            17.1605332
          ],
          [
            78.6642371,
            17.1606462
          ],
          [
            78.6643459,
            17.1607183
          ],
          [
            78.6645403,
            17.1608469
          ],
          [
            78.6646311,
            17.1609074
          ],
          [
            78.6650441,
            17.1611823
          ]
        ]
      }
    },
    {
      "type": "Feature",
      "id": "osm-way-1334482759",
      "properties": {
        "kind": "road",
        "name": null,
        "osm_id": "1334482759",
        "tags": {
          "highway": "unclassified"
        }
      },
      "geometry": {
        "type": "LineString",
        "coordinates": [
          [
            78.6642323,
            17.1616568
          ],
          [
            78.6646311,
            17.1609074
          ]
        ]
      }
    },
    {
      "type": "Feature",
      "id": "osm-way-1334482760",
      "properties": {
        "kind": "road",
        "name": null,
        "osm_id": "1334482760",
        "tags": {
          "highway": "unclassified"
        }
      },
      "geometry": {
        "type": "LineString",
        "coordinates": [
          [
            78.6639243,
            17.1615451
          ],
          [
            78.6643459,
            17.1607183
          ]
        ]
      }
    },
    {
      "type": "Feature",
      "id": "osm-way-1334482761",
      "properties": {
        "kind": "road",
        "name": null,
        "osm_id": "1334482761",
        "tags": {
          "highway": "unclassified"
        }
      },
      "geometry": {
        "type": "LineString",
        "coordinates": [
          [
            78.6635972,
            17.1613785
          ],
          [
            78.6640619,
            17.1605332
          ]
        ]
      }
    },
    {
      "type": "Feature",
      "id": "osm-way-1334482762",
      "properties": {
        "kind": "road",
        "name": null,
        "osm_id": "1334482762",
        "tags": {
          "highway": "unclassified"
        }
      },
      "geometry": {
        "type": "LineString",
        "coordinates": [
          [
            78.6633106,
            17.1612393
          ],
          [
            78.663778,
            17.1603431
          ]
        ]
      }
    },
    {
      "type": "Feature",
      "id": "osm-way-1334482763",
      "properties": {
        "kind": "road",
        "name": null,
        "osm_id": "1334482763",
        "tags": {
          "highway": "unclassified"
        }
      },
      "geometry": {
        "type": "LineString",
        "coordinates": [
          [
            78.6629438,
            17.1610381
          ],
          [
            78.6634328,
            17.160116
          ]
        ]
      }
    },
    {
      "type": "Feature",
      "id": "osm-way-1334482764",
      "properties": {
        "kind": "road",
        "name": null,
        "osm_id": "1334482764",
        "tags": {
          "highway": "unclassified"
        }
      },
      "geometry": {
        "type": "LineString",
        "coordinates": [
          [
            78.6625914,
            17.1608765
          ],
          [
            78.6630888,
            17.1599259
          ]
        ]
      }
    },
    {
      "type": "Feature",
      "id": "osm-way-1334482765",
      "properties": {
        "kind": "road",
        "name": null,
        "osm_id": "1334482765",
        "tags": {
          "highway": "unclassified"
        }
      },
      "geometry": {
        "type": "LineString",
        "coordinates": [
          [
            78.662204,
            17.1607481
          ],
          [
            78.6627181,
            17.1597503
          ]
        ]
      }
    },
    {
      "type": "Feature",
      "id": "osm-way-1334482766",
      "properties": {
        "kind": "road",
        "name": null,
        "osm_id": "1334482766",
        "tags": {
          "highway": "unclassified"
        }
      },
      "geometry": {
        "type": "LineString",
        "coordinates": [
          [
            78.66286,
            17.1594642
          ],
          [
            78.6630539,
            17.1590863
          ]
        ]
      }
    },
    {
      "type": "Feature",
      "id": "osm-way-1334482767",
      "properties": {
        "kind": "road",
        "name": null,
        "osm_id": "1334482767",
        "tags": {
          "highway": "unclassified"
        }
      },
      "geometry": {
        "type": "LineString",
        "coordinates": [
          [
            78.663208,
            17.1596264
          ],
          [
            78.6634333,
            17.1592298
          ]
        ]
      }
    },
    {
      "type": "Feature",
      "id": "osm-way-1334482768",
      "properties": {
        "kind": "road",
        "name": null,
        "osm_id": "1334482768",
        "tags": {
          "highway": "unclassified"
        }
      },
      "geometry": {
        "type": "LineString",
        "coordinates": [
          [
            78.6635494,
            17.159834
          ],
          [
            78.6638049,
            17.1593733
          ]
        ]
      }
    },
    {
      "type": "Feature",
      "id": "osm-way-1334482769",
      "properties": {
        "kind": "road",
        "name": null,
        "osm_id": "1334482769",
        "tags": {
          "highway": "unclassified"
        }
      },
      "geometry": {
        "type": "LineString",
        "coordinates": [
          [
            78.6638979,
            17.1600483
          ],
          [
            78.6641646,
            17.1595433
          ]
        ]
      }
    },
    {
      "type": "Feature",
      "id": "osm-way-1334482770",
      "properties": {
        "kind": "road",
        "name": null,
        "osm_id": "1334482770",
        "tags": {
          "highway": "unclassified"
        }
      },
      "geometry": {
        "type": "LineString",
        "coordinates": [
          [
            78.6641869,
            17.1602351
          ],
          [
            78.6644966,
            17.1596792
          ]
        ]
      }
    },
    {
      "type": "Feature",
      "id": "osm-way-1334482771",
      "properties": {
        "kind": "road",
        "name": null,
        "osm_id": "1334482771",
        "tags": {
          "highway": "unclassified"
        }
      },
      "geometry": {
        "type": "LineString",
        "coordinates": [
          [
            78.6644999,
            17.1604427
          ],
          [
            78.6646745,
            17.1601287
          ]
        ]
      }
    },
    {
      "type": "Feature",
      "id": "osm-way-1334482772",
      "properties": {
        "kind": "road",
        "name": null,
        "osm_id": "1334482772",
        "tags": {
          "highway": "unclassified"
        }
      },
      "geometry": {
        "type": "LineString",
        "coordinates": [
          [
            78.6609508,
            17.161727
          ],
          [
            78.6617721,
            17.1619075
          ],
          [
            78.6626869,
            17.162099
          ],
          [
            78.6636946,
            17.1623082
          ],
          [
            78.6641511,
            17.1624093
          ]
        ]
      }
    },
    {
      "type": "Feature",
      "id": "osm-way-1334482773",
      "properties": {
        "kind": "road",
        "name": null,
        "osm_id": "1334482773",
        "tags": {
          "highway": "unclassified"
        }
      },
      "geometry": {
        "type": "LineString",
        "coordinates": [
          [
            78.654319,
            17.1594318
          ],
          [
            78.6550557,
            17.1593662
          ],
          [
            78.6555118,
            17.1593392
          ],
          [
            78.6555966,
            17.1593334
          ],
          [
            78.6556269,
            17.1593411
          ],
          [
            78.6556451,
            17.1593546
          ],
          [
            78.6556552,
            17.1593855
          ],
          [
            78.6556552,
            17.1595398
          ],
          [
            78.6556581,
            17.1599022
          ],
          [
            78.655643,
            17.1604886
          ],
          [
            78.6556309,
            17.1611655
          ],
          [
            78.6556327,
            17.1616747
          ],
          [
            78.655633,
            17.1617344
          ],
          [
            78.655633,
            17.1624962
          ],
          [
            78.6555991,
            17.1634317
          ]
        ]
      }
    },
    {
      "type": "Feature",
      "id": "osm-way-1334482774",
      "properties": {
        "kind": "road",
        "name": null,
        "osm_id": "1334482774",
        "tags": {
          "highway": "unclassified"
        }
      },
      "geometry": {
        "type": "LineString",
        "coordinates": [
          [
            78.6561062,
            17.1634334
          ],
          [
            78.6560405,
            17.1634306
          ],
          [
            78.6555991,
            17.1634317
          ],
          [
            78.655165,
            17.1634293
          ],
          [
            78.654868,
            17.1634276
          ],
          [
            78.654214,
            17.1634199
          ],
          [
            78.6541413,
            17.1634149
          ]
        ]
      }
    },
    {
      "type": "Feature",
      "id": "osm-way-1334482775",
      "properties": {
        "kind": "road",
        "name": null,
        "osm_id": "1334482775",
        "tags": {
          "highway": "unclassified"
        }
      },
      "geometry": {
        "type": "LineString",
        "coordinates": [
          [
            78.6548187,
            17.1616736
          ],
          [
            78.6551924,
            17.1616768
          ],
          [
            78.6553254,
            17.1616779
          ],
          [
            78.6556327,
            17.1616747
          ],
          [
            78.6557356,
            17.1616736
          ],
          [
            78.6560459,
            17.1616844
          ]
        ]
      }
    },
    {
      "type": "Feature",
      "id": "osm-way-1334482776",
      "properties": {
        "kind": "road",
        "name": null,
        "osm_id": "1334482776",
        "tags": {
          "highway": "unclassified"
        }
      },
      "geometry": {
        "type": "LineString",
        "coordinates": [
          [
            78.6551924,
            17.1616768
          ],
          [
            78.6551838,
            17.1625894
          ],
          [
            78.655165,
            17.1634293
          ],
          [
            78.6551549,
            17.1640294
          ]
        ]
      }
    },
    {
      "type": "Feature",
      "id": "osm-way-1334482777",
      "properties": {
        "kind": "road",
        "name": null,
        "osm_id": "1334482777",
        "tags": {
          "highway": "unclassified"
        }
      },
      "geometry": {
        "type": "LineString",
        "coordinates": [
          [
            78.6538199,
            17.1640159
          ],
          [
            78.6543003,
            17.1640134
          ],
          [
            78.6547038,
            17.1640252
          ],
          [
            78.6551549,
            17.1640294
          ],
          [
            78.6555935,
            17.1640336
          ],
          [
            78.6560767,
            17.1640381
          ]
        ]
      }
    },
    {
      "type": "Feature",
      "id": "osm-way-1334482778",
      "properties": {
        "kind": "road",
        "name": null,
        "osm_id": "1334482778",
        "tags": {
          "highway": "unclassified"
        }
      },
      "geometry": {
        "type": "LineString",
        "coordinates": [
          [
            78.6560767,
            17.1640381
          ],
          [
            78.656108,
            17.1640834
          ],
          [
            78.6561008,
            17.1649777
          ]
        ]
      }
    },
    {
      "type": "Feature",
      "id": "osm-way-1334482779",
      "properties": {
        "kind": "road",
        "name": null,
        "osm_id": "1334482779",
        "tags": {
          "highway": "unclassified"
        }
      },
      "geometry": {
        "type": "LineString",
        "coordinates": [
          [
            78.6560359,
            17.164975
          ],
          [
            78.6560344,
            17.1644059
          ],
          [
            78.6560445,
            17.1640986
          ],
          [
            78.6560767,
            17.1640381
          ],
          [
            78.6560806,
            17.1638354
          ]
        ]
      }
    },
    {
      "type": "Feature",
      "id": "osm-way-1334482780",
      "properties": {
        "kind": "road",
        "name": null,
        "osm_id": "1334482780",
        "tags": {
          "highway": "unclassified"
        }
      },
      "geometry": {
        "type": "LineString",
        "coordinates": [
          [
            78.6560806,
            17.1638354
          ],
          [
            78.6561195,
            17.1638298
          ],
          [
            78.6561556,
            17.163805
          ],
          [
            78.6561786,
            17.1637678
          ],
          [
            78.656183,
            17.1637292
          ],
          [
            78.6561732,
            17.1636911
          ],
          [
            78.6561527,
            17.1636647
          ],
          [
            78.6561134,
            17.16364
          ],
          [
            78.6560801,
            17.1636324
          ],
          [
            78.6560486,
            17.1636365
          ],
          [
            78.6560128,
            17.1636645
          ],
          [
            78.655994,
            17.1636975
          ],
          [
            78.6559868,
            17.1637416
          ],
          [
            78.6559926,
            17.1637802
          ],
          [
            78.656007,
            17.1638023
          ],
          [
            78.6560315,
            17.1638216
          ],
          [
            78.6560806,
            17.1638354
          ]
        ]
      }
    },
    {
      "type": "Feature",
      "id": "osm-way-1334482781",
      "properties": {
        "kind": "road",
        "name": null,
        "osm_id": "1334482781",
        "tags": {
          "highway": "unclassified"
        }
      },
      "geometry": {
        "type": "MultiLineString",
        "coordinates": [
          [
            [
              78.6561786,
              17.1637678
            ],
            [
              78.6565517,
              17.1637719
            ],
            [
              78.6570095,
              17.1637769
            ],
            [
              78.6574363,
              17.1637844
            ],
            [
              78.658063,
              17.1637954
            ],
            [
              78.6582158,
              17.1637981
            ]
          ],
          [
            [
              78.6582158,
              17.1637981
            ],
            [
              78.6582329,
              17.1638193
            ],
            [
              78.6582585,
              17.1638389
            ],
            [
              78.6582994,
              17.1638519
            ],
            [
              78.6583472,
              17.1638486
            ],
            [
              78.6583847,
              17.1638291
            ],
            [
              78.6584052,
              17.163803
            ],
            [
              78.6584154,
              17.1637639
            ],
            [
              78.6584069,
              17.1637296
            ],
            [
              78.6583881,
              17.1637084
            ],
            [
              78.6583489,
              17.1636921
            ],
            [
              78.6583011,
              17.163684
            ],
            [
              78.658267,
              17.1636872
            ],
            [
              78.658238,
              17.1637003
            ],
            [
              78.6582192,
              17.1637215
            ],
            [
              78.658209,
              17.1637492
            ],
            [
              78.6582022,
              17.1637753
            ],
            [
              78.6582158,
              17.1637981
            ]
          ]
        ]
      }
    },
    {
      "type": "Feature",
      "id": "osm-way-1334482782",
      "properties": {
        "kind": "road",
        "name": null,
        "osm_id": "1334482782",
        "tags": {
          "highway": "unclassified"
        }
      },
      "geometry": {
        "type": "LineString",
        "coordinates": [
          [
            78.6582192,
            17.1637215
          ],
          [
            78.658064,
            17.1637193
          ],
          [
            78.6569276,
            17.1637036
          ],
          [
            78.6561732,
            17.1636911
          ]
        ]
      }
    },
    {
      "type": "Feature",
      "id": "osm-way-1334482783",
      "properties": {
        "kind": "road",
        "name": null,
        "osm_id": "1334482783",
        "tags": {
          "highway": "unclassified"
        }
      },
      "geometry": {
        "type": "LineString",
        "coordinates": [
          [
            78.6584052,
            17.163803
          ],
          [
            78.6591384,
            17.1641073
          ],
          [
            78.6597006,
            17.1643557
          ]
        ]
      }
    },
    {
      "type": "Feature",
      "id": "osm-way-1334482784",
      "properties": {
        "kind": "road",
        "name": null,
        "osm_id": "1334482784",
        "tags": {
          "highway": "unclassified"
        }
      },
      "geometry": {
        "type": "LineString",
        "coordinates": [
          [
            78.6597287,
            17.1642968
          ],
          [
            78.6592394,
            17.1640798
          ],
          [
            78.6586386,
            17.1638494
          ],
          [
            78.6584154,
            17.1637639
          ]
        ]
      }
    },
    {
      "type": "Feature",
      "id": "osm-way-1334482785",
      "properties": {
        "kind": "road",
        "name": null,
        "osm_id": "1334482785",
        "tags": {
          "highway": "unclassified"
        }
      },
      "geometry": {
        "type": "LineString",
        "coordinates": [
          [
            78.6586386,
            17.1638494
          ],
          [
            78.6589019,
            17.1632709
          ]
        ]
      }
    },
    {
      "type": "Feature",
      "id": "osm-way-1334482786",
      "properties": {
        "kind": "road",
        "name": null,
        "osm_id": "1334482786",
        "tags": {
          "highway": "unclassified"
        }
      },
      "geometry": {
        "type": "LineString",
        "coordinates": [
          [
            78.658064,
            17.1637193
          ],
          [
            78.658063,
            17.1637954
          ],
          [
            78.6580488,
            17.1648804
          ]
        ]
      }
    },
    {
      "type": "Feature",
      "id": "osm-way-1334482787",
      "properties": {
        "kind": "road",
        "name": null,
        "osm_id": "1334482787",
        "tags": {
          "highway": "unclassified"
        }
      },
      "geometry": {
        "type": "LineString",
        "coordinates": [
          [
            78.6574363,
            17.1637844
          ],
          [
            78.6574275,
            17.1649811
          ]
        ]
      }
    },
    {
      "type": "Feature",
      "id": "osm-way-1334482788",
      "properties": {
        "kind": "road",
        "name": null,
        "osm_id": "1334482788",
        "tags": {
          "highway": "unclassified"
        }
      },
      "geometry": {
        "type": "LineString",
        "coordinates": [
          [
            78.6569906,
            17.1650755
          ],
          [
            78.6570095,
            17.1637769
          ]
        ]
      }
    },
    {
      "type": "Feature",
      "id": "osm-way-1334482789",
      "properties": {
        "kind": "road",
        "name": null,
        "osm_id": "1334482789",
        "tags": {
          "highway": "unclassified"
        }
      },
      "geometry": {
        "type": "LineString",
        "coordinates": [
          [
            78.6565517,
            17.1637719
          ],
          [
            78.6565472,
            17.1649832
          ]
        ]
      }
    },
    {
      "type": "Feature",
      "id": "osm-way-1334482790",
      "properties": {
        "kind": "road",
        "name": null,
        "osm_id": "1334482790",
        "tags": {
          "highway": "unclassified"
        }
      },
      "geometry": {
        "type": "LineString",
        "coordinates": [
          [
            78.6555935,
            17.1640336
          ],
          [
            78.655602,
            17.1649673
          ]
        ]
      }
    },
    {
      "type": "Feature",
      "id": "osm-way-1334482791",
      "properties": {
        "kind": "road",
        "name": null,
        "osm_id": "1334482791",
        "tags": {
          "highway": "unclassified"
        }
      },
      "geometry": {
        "type": "LineString",
        "coordinates": [
          [
            78.6551549,
            17.1640294
          ],
          [
            78.6551585,
            17.1649781
          ]
        ]
      }
    },
    {
      "type": "Feature",
      "id": "osm-way-1334482792",
      "properties": {
        "kind": "road",
        "name": null,
        "osm_id": "1334482792",
        "tags": {
          "highway": "unclassified"
        }
      },
      "geometry": {
        "type": "LineString",
        "coordinates": [
          [
            78.6547038,
            17.1640252
          ],
          [
            78.6547122,
            17.1649484
          ]
        ]
      }
    },
    {
      "type": "Feature",
      "id": "osm-way-1340954070",
      "properties": {
        "kind": "road",
        "name": null,
        "osm_id": "1340954070",
        "tags": {
          "highway": "primary",
          "oneway": "yes",
          "ref": "SH19",
          "source": "Yahoo hires"
        }
      },
      "geometry": {
        "type": "LineString",
        "coordinates": [
          [
            78.6560441,
            17.1720667
          ],
          [
            78.6550036,
            17.1743637
          ],
          [
            78.65494761770495,
            17.174478229816575
          ]
        ]
      }
    },
    {
      "type": "Feature",
      "id": "osm-way-1465006627",
      "properties": {
        "kind": "road",
        "name": null,
        "osm_id": "1465006627",
        "tags": {
          "highway": "residential"
        }
      },
      "geometry": {
        "type": "LineString",
        "coordinates": [
          [
            78.6511303,
            17.1716538
          ],
          [
            78.65115,
            17.1717775
          ],
          [
            78.6511018,
            17.1720515
          ],
          [
            78.6511198,
            17.1722583
          ],
          [
            78.65113829482381,
            17.172419753360188
          ]
        ]
      }
    },
    {
      "type": "Feature",
      "id": "osm-way-1465006629",
      "properties": {
        "kind": "road",
        "name": null,
        "osm_id": "1465006629",
        "tags": {
          "highway": "unclassified"
        }
      },
      "geometry": {
        "type": "LineString",
        "coordinates": [
          [
            78.6522417,
            17.1721811
          ],
          [
            78.6526294,
            17.1721591
          ],
          [
            78.6528124,
            17.1721439
          ],
          [
            78.6530169,
            17.1721231
          ],
          [
            78.6533899,
            17.1720909
          ],
          [
            78.653852,
            17.1720345
          ]
        ]
      }
    },
    {
      "type": "Feature",
      "id": "osm-way-1465006630",
      "properties": {
        "kind": "road",
        "name": null,
        "osm_id": "1465006630",
        "tags": {
          "highway": "residential"
        }
      },
      "geometry": {
        "type": "LineString",
        "coordinates": [
          [
            78.6511226,
            17.1696741
          ],
          [
            78.6510003,
            17.1700008
          ],
          [
            78.650968,
            17.1704362
          ],
          [
            78.6509545,
            17.1706786
          ],
          [
            78.650933,
            17.1708562
          ],
          [
            78.6507738,
            17.171014
          ],
          [
            78.6506877,
            17.1710223
          ]
        ]
      }
    },
    {
      "type": "Feature",
      "id": "osm-way-303999979",
      "properties": {
        "kind": "road",
        "name": null,
        "osm_id": "303999979",
        "tags": {
          "highway": "unclassified"
        }
      },
      "geometry": {
        "type": "LineString",
        "coordinates": [
          [
            78.6584277,
            17.1670218
          ],
          [
            78.6587735,
            17.167028
          ],
          [
            78.6593689,
            17.1670075
          ],
          [
            78.6602273,
            17.1670075
          ],
          [
            78.6608763,
            17.166987
          ],
          [
            78.6614128,
            17.166946
          ],
          [
            78.6618741,
            17.1668794
          ],
          [
            78.6624267,
            17.1669101
          ],
          [
            78.6629685,
            17.1669563
          ],
          [
            78.6635103,
            17.167028
          ],
          [
            78.6638321,
            17.1671152
          ],
          [
            78.663862,
            17.1671753
          ],
          [
            78.6638804,
            17.1672125
          ],
          [
            78.6639287,
            17.167274
          ],
          [
            78.6639931,
            17.1673099
          ],
          [
            78.6642559,
            17.1674483
          ],
          [
            78.6644115,
            17.1675662
          ]
        ]
      }
    },
    {
      "type": "Feature",
      "id": "osm-way-303999980",
      "properties": {
        "kind": "road",
        "name": null,
        "osm_id": "303999980",
        "tags": {
          "highway": "unclassified"
        }
      },
      "geometry": {
        "type": "LineString",
        "coordinates": [
          [
            78.663862,
            17.1671753
          ],
          [
            78.6640306,
            17.1670024
          ],
          [
            78.6641433,
            17.1668128
          ],
          [
            78.6644276,
            17.1664899
          ],
          [
            78.6647173,
            17.1662746
          ],
          [
            78.6647977,
            17.1661003
          ],
          [
            78.6648782,
            17.1660337
          ],
          [
            78.6651464,
            17.1658543
          ],
          [
            78.6656185,
            17.1655724
          ],
          [
            78.6657365,
            17.165516
          ]
        ]
      }
    },
    {
      "type": "Feature",
      "id": "osm-way-303999981",
      "properties": {
        "kind": "road",
        "name": null,
        "osm_id": "303999981",
        "tags": {
          "highway": "unclassified"
        }
      },
      "geometry": {
        "type": "LineString",
        "coordinates": [
          [
            78.6644115,
            17.1675662
          ],
          [
            78.664492,
            17.1675841
          ],
          [
            78.6645832,
            17.1676482
          ],
          [
            78.6647414,
            17.1677635
          ],
          [
            78.6648487,
            17.1678532
          ],
          [
            78.6649479,
            17.1679275
          ],
          [
            78.6650499,
            17.167884
          ],
          [
            78.6651116,
            17.1677763
          ],
          [
            78.6652564,
            17.1676046
          ],
          [
            78.6653717,
            17.1674637
          ],
          [
            78.6655246,
            17.1673048
          ],
          [
            78.6656802,
            17.1672049
          ]
        ]
      }
    },
    {
      "type": "Feature",
      "id": "osm-way-303999982",
      "properties": {
        "kind": "road",
        "name": null,
        "osm_id": "303999982",
        "tags": {
          "highway": "unclassified"
        }
      },
      "geometry": {
        "type": "LineString",
        "coordinates": [
          [
            78.6656802,
            17.1672049
          ],
          [
            78.6658009,
            17.1671331
          ],
          [
            78.6659028,
            17.1670742
          ],
          [
            78.6662354,
            17.1668896
          ],
          [
            78.6663829,
            17.1668076
          ],
          [
            78.6664929,
            17.1667615
          ],
          [
            78.6664768,
            17.1666564
          ],
          [
            78.6663722,
            17.1664822
          ],
          [
            78.6662676,
            17.1663284
          ]
        ]
      }
    },
    {
      "type": "Feature",
      "id": "osm-way-303999983",
      "properties": {
        "kind": "road",
        "name": null,
        "osm_id": "303999983",
        "tags": {
          "highway": "unclassified"
        }
      },
      "geometry": {
        "type": "LineString",
        "coordinates": [
          [
            78.6662676,
            17.1663284
          ],
          [
            78.6661844,
            17.1662003
          ],
          [
            78.6660557,
            17.1660004
          ],
          [
            78.6658679,
            17.1657364
          ],
          [
            78.6657365,
            17.165516
          ]
        ]
      }
    },
    {
      "type": "Feature",
      "id": "osm-way-45057665",
      "properties": {
        "kind": "road",
        "name": null,
        "osm_id": "45057665",
        "tags": {
          "highway": "primary",
          "oneway": "no",
          "ref": "SH19",
          "source": "Yahoo hires"
        }
      },
      "geometry": {
        "type": "LineString",
        "coordinates": [
          [
            78.66722971139073,
            17.150314636439628
          ],
          [
            78.6671826,
            17.1504684
          ],
          [
            78.6670719,
            17.1507586
          ],
          [
            78.6669582,
            17.1509849
          ],
          [
            78.6668392,
            17.1511857
          ],
          [
            78.6666914,
            17.1514038
          ],
          [
            78.6665117,
            17.1516168
          ],
          [
            78.6657119,
            17.1524984
          ],
          [
            78.6655593,
            17.1526703
          ],
          [
            78.6654066,
            17.1528827
          ],
          [
            78.6652726,
            17.153103
          ],
          [
            78.6650166,
            17.1535819
          ],
          [
            78.663528,
            17.1564839
          ],
          [
            78.6628588,
            17.1578331
          ],
          [
            78.6626443,
            17.1582654
          ],
          [
            78.6624336,
            17.1586903
          ],
          [
            78.6622027,
            17.1591564
          ],
          [
            78.6620619,
            17.1594404
          ],
          [
            78.6617803,
            17.1600089
          ],
          [
            78.6614252,
            17.1607422
          ],
          [
            78.661127,
            17.1613579
          ],
          [
            78.6609508,
            17.161727
          ],
          [
            78.6604921,
            17.1626883
          ],
          [
            78.6599516,
            17.1638298
          ],
          [
            78.6597287,
            17.1642968
          ],
          [
            78.6597006,
            17.1643557
          ],
          [
            78.6593473,
            17.1650959
          ],
          [
            78.6589817,
            17.1658616
          ],
          [
            78.6584277,
            17.1670218
          ],
          [
            78.6583899,
            17.1671011
          ],
          [
            78.6582,
            17.1675139
          ],
          [
            78.6580786,
            17.1677779
          ],
          [
            78.656894,
            17.1703182
          ],
          [
            78.656259,
            17.1716787
          ]
        ]
      }
    },
    {
      "type": "Feature",
      "id": "osm-way-570315955",
      "properties": {
        "kind": "road",
        "name": null,
        "osm_id": "570315955",
        "tags": {
          "highway": "residential"
        }
      },
      "geometry": {
        "type": "LineString",
        "coordinates": [
          [
            78.6592124,
            17.1747737
          ],
          [
            78.6579893,
            17.1747019
          ],
          [
            78.6551088,
            17.1743149
          ]
        ]
      }
    },
    {
      "type": "Feature",
      "id": "osm-way-570315956",
      "properties": {
        "kind": "road",
        "name": null,
        "osm_id": "570315956",
        "tags": {
          "highway": "residential"
        }
      },
      "geometry": {
        "type": "LineString",
        "coordinates": [
          [
            78.6544026,
            17.1635514
          ],
          [
            78.6543003,
            17.1640134
          ],
          [
            78.6542756,
            17.1641119
          ],
          [
            78.6541683,
            17.1643579
          ],
          [
            78.6540214,
            17.1646605
          ],
          [
            78.6539209,
            17.164864
          ],
          [
            78.6538363,
            17.1650847
          ],
          [
            78.6536104,
            17.1657316
          ],
          [
            78.6534709,
            17.1664389
          ],
          [
            78.6534081,
            17.1666039
          ],
          [
            78.6533438,
            17.1672395
          ],
          [
            78.6532885,
            17.1676792
          ],
          [
            78.6532365,
            17.1678443
          ],
          [
            78.6530755,
            17.1680185
          ],
          [
            78.6530112,
            17.168162
          ],
          [
            78.6530096,
            17.1684788
          ],
          [
            78.6529253,
            17.1688078
          ],
          [
            78.6527859,
            17.1693614
          ],
          [
            78.6527306,
            17.1695859
          ],
          [
            78.6525589,
            17.1698934
          ],
          [
            78.6525346,
            17.1700178
          ],
          [
            78.6525171,
            17.1701071
          ],
          [
            78.6524854,
            17.1703864
          ],
          [
            78.6524747,
            17.1707452
          ],
          [
            78.6525176,
            17.1713192
          ],
          [
            78.6524962,
            17.171514
          ],
          [
            78.6524211,
            17.1718318
          ],
          [
            78.6522923,
            17.1719855
          ],
          [
            78.6522417,
            17.1721811
          ],
          [
            78.6522263,
            17.1722408
          ],
          [
            78.6521405,
            17.1724048
          ],
          [
            78.6519796,
            17.1725688
          ],
          [
            78.651713,
            17.1726723
          ],
          [
            78.6515306,
            17.1726928
          ]
        ]
      }
    },
    {
      "type": "Feature",
      "id": "osm-way-570315958",
      "properties": {
        "kind": "road",
        "name": null,
        "osm_id": "570315958",
        "tags": {
          "highway": "residential"
        }
      },
      "geometry": {
        "type": "LineString",
        "coordinates": [
          [
            78.6525176,
            17.1713192
          ],
          [
            78.6522585,
            17.1713797
          ],
          [
            78.6515912,
            17.1714412
          ],
          [
            78.6514206,
            17.1715335
          ],
          [
            78.6512286,
            17.1716155
          ],
          [
            78.6511303,
            17.1716538
          ],
          [
            78.6507029,
            17.1718205
          ],
          [
            78.6505543,
            17.171883
          ],
          [
            78.65047959424308,
            17.171888723822853
          ]
        ]
      }
    },
    {
      "type": "Feature",
      "id": "osm-way-570315959",
      "properties": {
        "kind": "road",
        "name": null,
        "osm_id": "570315959",
        "tags": {
          "highway": "residential"
        }
      },
      "geometry": {
        "type": "MultiLineString",
        "coordinates": [
          [
            [
              78.6472589,
              17.1648397
            ],
            [
              78.6472804,
              17.165219
            ],
            [
              78.6473678,
              17.1655071
            ],
            [
              78.6474413,
              17.1661006
            ],
            [
              78.6476773,
              17.1669104
            ],
            [
              78.6480314,
              17.168243
            ],
            [
              78.6481387,
              17.1686428
            ],
            [
              78.6482261,
              17.1689821
            ],
            [
              78.648548,
              17.1697406
            ],
            [
              78.64872842342572,
              17.170085905501267
            ]
          ],
          [
            [
              78.6513765142442,
              17.17259644054393
            ],
            [
              78.6514324,
              17.1726098
            ],
            [
              78.6515306,
              17.1726928
            ],
            [
              78.6515306,
              17.172706456303416
            ]
          ]
        ]
      }
    },
    {
      "type": "Feature",
      "id": "osm-way-570315960",
      "properties": {
        "kind": "road",
        "name": null,
        "osm_id": "570315960",
        "tags": {
          "highway": "residential"
        }
      },
      "geometry": {
        "type": "LineString",
        "coordinates": [
          [
            78.656894,
            17.1703182
          ],
          [
            78.6564658,
            17.1702327
          ],
          [
            78.6558436,
            17.1701199
          ],
          [
            78.655166,
            17.1701086
          ],
          [
            78.6545132,
            17.1701199
          ],
          [
            78.6538373,
            17.1701712
          ],
          [
            78.6531168,
            17.1701701
          ],
          [
            78.6525171,
            17.1701071
          ]
        ]
      }
    },
    {
      "type": "Feature",
      "id": "osm-way-570316057",
      "properties": {
        "kind": "road",
        "name": null,
        "osm_id": "570316057",
        "tags": {
          "highway": "residential"
        }
      },
      "geometry": {
        "type": "LineString",
        "coordinates": [
          [
            78.6525346,
            17.1700178
          ],
          [
            78.652398,
            17.1699959
          ],
          [
            78.6522065,
            17.1699149
          ],
          [
            78.6516593,
            17.1698227
          ],
          [
            78.6514324,
            17.1698319
          ],
          [
            78.6512608,
            17.1697909
          ],
          [
            78.6511226,
            17.1696741
          ],
          [
            78.65108,
            17.1696381
          ],
          [
            78.6508852,
            17.1694424
          ],
          [
            78.6505757,
            17.1693409
          ],
          [
            78.6498982,
            17.1691451
          ],
          [
            78.6494368,
            17.1690016
          ],
          [
            78.6492866,
            17.1690016
          ],
          [
            78.6490721,
            17.1690323
          ],
          [
            78.6489111,
            17.1691246
          ],
          [
            78.6488146,
            17.1693091
          ],
          [
            78.6487824,
            17.1694834
          ],
          [
            78.648718,
            17.1696064
          ],
          [
            78.648548,
            17.1697406
          ]
        ]
      }
    },
    {
      "type": "Feature",
      "id": "osm-way-570316095",
      "properties": {
        "kind": "road",
        "name": null,
        "osm_id": "570316095",
        "tags": {
          "highway": "residential"
        }
      },
      "geometry": {
        "type": "LineString",
        "coordinates": [
          [
            78.65173122927676,
            17.172845156779765
          ],
          [
            78.651713,
            17.1726723
          ],
          [
            78.6516684,
            17.1722408
          ],
          [
            78.6515912,
            17.1714412
          ]
        ]
      }
    },
    {
      "type": "Feature",
      "id": "osm-way-570317239",
      "properties": {
        "kind": "road",
        "name": null,
        "osm_id": "570317239",
        "tags": {
          "highway": "residential"
        }
      },
      "geometry": {
        "type": "LineString",
        "coordinates": [
          [
            78.64603892110537,
            17.159331072109506
          ],
          [
            78.6460481,
            17.1593769
          ]
        ]
      }
    },
    {
      "type": "Feature",
      "id": "osm-way-673612649",
      "properties": {
        "kind": "road",
        "name": null,
        "osm_id": "673612649",
        "tags": {
          "highway": "service"
        }
      },
      "geometry": {
        "type": "LineString",
        "coordinates": [
          [
            78.661127,
            17.1613579
          ],
          [
            78.6609353,
            17.1613253
          ],
          [
            78.6604545,
            17.16124
          ],
          [
            78.6598805,
            17.1611631
          ],
          [
            78.6595425,
            17.1611632
          ],
          [
            78.6594942,
            17.1611017
          ],
          [
            78.6594808,
            17.1609761
          ],
          [
            78.659521,
            17.1605917
          ],
          [
            78.6595291,
            17.1603815
          ]
        ]
      }
    },
    {
      "type": "Feature",
      "id": "osm-way-673612650",
      "properties": {
        "kind": "road",
        "name": null,
        "osm_id": "673612650",
        "tags": {
          "highway": "service"
        }
      },
      "geometry": {
        "type": "LineString",
        "coordinates": [
          [
            78.6597303,
            17.1623395
          ],
          [
            78.6597865,
            17.1620934
          ],
          [
            78.6598429,
            17.1616219
          ],
          [
            78.6598805,
            17.1611631
          ]
        ]
      }
    },
    {
      "type": "Feature",
      "id": "osm-way-673612651",
      "properties": {
        "kind": "road",
        "name": null,
        "osm_id": "673612651",
        "tags": {
          "highway": "service"
        }
      },
      "geometry": {
        "type": "LineString",
        "coordinates": [
          [
            78.6569595,
            17.1628495
          ],
          [
            78.6577722,
            17.1628725
          ],
          [
            78.6589524,
            17.1629187
          ],
          [
            78.6593547,
            17.1629289
          ]
        ]
      }
    },
    {
      "type": "Feature",
      "id": "osm-way-673612652",
      "properties": {
        "kind": "road",
        "name": null,
        "osm_id": "673612652",
        "tags": {
          "highway": "service"
        }
      },
      "geometry": {
        "type": "LineString",
        "coordinates": [
          [
            78.6571205,
            17.162055
          ],
          [
            78.6570078,
            17.1623241
          ],
          [
            78.6569434,
            17.1625855
          ],
          [
            78.6569408,
            17.1627598
          ],
          [
            78.6569595,
            17.1628495
          ],
          [
            78.6570024,
            17.162993
          ]
        ]
      }
    },
    {
      "type": "Feature",
      "id": "osm-way-673612653",
      "properties": {
        "kind": "road",
        "name": null,
        "osm_id": "673612653",
        "tags": {
          "highway": "service"
        }
      },
      "geometry": {
        "type": "LineString",
        "coordinates": [
          [
            78.6604921,
            17.1626883
          ],
          [
            78.6601701,
            17.1625368
          ],
          [
            78.6597303,
            17.1623395
          ],
          [
            78.6593252,
            17.1622242
          ],
          [
            78.6583301,
            17.1621242
          ],
          [
            78.6577079,
            17.1620729
          ],
          [
            78.6571205,
            17.162055
          ],
          [
            78.6569139,
            17.1620396
          ],
          [
            78.6567906,
            17.1620166
          ]
        ]
      }
    },
    {
      "type": "Feature",
      "id": "osm-way-762999834",
      "properties": {
        "kind": "road",
        "name": null,
        "osm_id": "762999834",
        "tags": {
          "highway": "primary",
          "oneway": "yes",
          "ref": "SH19"
        }
      },
      "geometry": {
        "type": "LineString",
        "coordinates": [
          [
            78.65502120577337,
            17.174504439402813
          ],
          [
            78.6551088,
            17.1743149
          ],
          [
            78.6553569,
            17.1737512
          ],
          [
            78.6561134,
            17.1720882
          ]
        ]
      }
    }
  ]
}
